group	colour	y	x	showSelected1	PANEL
1	#F8766D	-0.0838487985467909	1	sous-entraînement	1
1	#F8766D	-0.128296482475983	2	sous-entraînement	1
1	#F8766D	-0.162283824601865	3	sous-entraînement	1
1	#F8766D	-0.187159800973952	4	sous-entraînement	1
1	#F8766D	-0.20488137279043	5	sous-entraînement	1
1	#F8766D	-0.217359533175614	6	sous-entraînement	1
1	#F8766D	-0.226156726944268	7	sous-entraînement	1
1	#F8766D	-0.232433523413247	8	sous-entraînement	1
1	#F8766D	-0.237006873211514	9	sous-entraînement	1
1	#F8766D	-0.24043506712331	10	sous-entraînement	1
1	#F8766D	-0.243093791779803	11	sous-entraînement	1
1	#F8766D	-0.24523407171484	12	sous-entraînement	1
1	#F8766D	-0.24702326097003	13	sous-entraînement	1
1	#F8766D	-0.248572988417553	14	sous-entraînement	1
1	#F8766D	-0.249957861666494	15	sous-entraînement	1
1	#F8766D	-0.251227882414046	16	sous-entraînement	1
1	#F8766D	-0.252416665845697	17	sous-entraînement	1
1	#F8766D	-0.253546884833412	18	sous-entraînement	1
1	#F8766D	-0.254633883714399	19	sous-entraînement	1
1	#F8766D	-0.255688084132577	20	sous-entraînement	1
1	#F8766D	-0.256716591874345	21	sous-entraînement	1
1	#F8766D	-0.257724273500838	22	sous-entraînement	1
1	#F8766D	-0.258714479910336	23	sous-entraînement	1
1	#F8766D	-0.259689533959937	24	sous-entraînement	1
1	#F8766D	-0.260651059893145	25	sous-entraînement	1
1	#F8766D	-0.261600206376934	26	sous-entraînement	1
1	#F8766D	-0.262537797791695	27	sous-entraînement	1
1	#F8766D	-0.263464437019654	28	sous-entraînement	1
1	#F8766D	-0.264380575376753	29	sous-entraînement	1
1	#F8766D	-0.265286560245916	30	sous-entraînement	1
1	#F8766D	-0.266182667553369	31	sous-entraînement	1
1	#F8766D	-0.267069123928833	32	sous-entraînement	1
1	#F8766D	-0.267946121836503	33	sous-entraînement	1
1	#F8766D	-0.268813829912105	34	sous-entraînement	1
1	#F8766D	-0.269672400028059	35	sous-entraînement	1
1	#F8766D	-0.270521972124245	36	sous-entraînement	1
1	#F8766D	-0.271362677512251	37	sous-entraînement	1
1	#F8766D	-0.272194641136409	38	sous-entraînement	1
1	#F8766D	-0.273017983121841	39	sous-entraînement	1
1	#F8766D	-0.273832819835212	40	sous-entraînement	1
1	#F8766D	-0.274639264612504	41	sous-entraînement	1
1	#F8766D	-0.275437428259358	42	sous-entraînement	1
1	#F8766D	-0.27622741939616	43	sous-entraînement	1
1	#F8766D	-0.277009344697234	44	sous-entraînement	1
1	#F8766D	-0.277783309057894	45	sous-entraînement	1
1	#F8766D	-0.278549415712409	46	sous-entraînement	1
1	#F8766D	-0.279307766318647	47	sous-entraînement	1
1	#F8766D	-0.280058461020143	48	sous-entraînement	1
1	#F8766D	-0.280801598492908	49	sous-entraînement	1
1	#F8766D	-0.281537275981977	50	sous-entraînement	1
1	#F8766D	-0.282265589331077	51	sous-entraînement	1
1	#F8766D	-0.282986633007702	52	sous-entraînement	1
1	#F8766D	-0.283700500125145	53	sous-entraînement	1
1	#F8766D	-0.284407282462536	54	sous-entraînement	1
1	#F8766D	-0.285107070483557	55	sous-entraînement	1
1	#F8766D	-0.28579995335432	56	sous-entraînement	1
1	#F8766D	-0.28648601896069	57	sous-entraînement	1
1	#F8766D	-0.287165353925254	58	sous-entraînement	1
1	#F8766D	-0.28783804362406	59	sous-entraînement	1
1	#F8766D	-0.288504172203198	60	sous-entraînement	1
1	#F8766D	-0.289163822595273	61	sous-entraînement	1
1	#F8766D	-0.289817076535776	62	sous-entraînement	1
1	#F8766D	-0.29046401457939	63	sous-entraînement	1
1	#F8766D	-0.291104716116207	64	sous-entraînement	1
1	#F8766D	-0.29173925938787	65	sous-entraînement	1
1	#F8766D	-0.292367721503616	66	sous-entraînement	1
1	#F8766D	-0.29299017845624	67	sous-entraînement	1
1	#F8766D	-0.293606705137941	68	sous-entraînement	1
1	#F8766D	-0.29421737535606	69	sous-entraînement	1
1	#F8766D	-0.294822261848704	70	sous-entraînement	1
1	#F8766D	-0.295421436300233	71	sous-entraînement	1
1	#F8766D	-0.29601496935662	72	sous-entraînement	1
1	#F8766D	-0.296602930640667	73	sous-entraînement	1
1	#F8766D	-0.297185388767081	74	sous-entraînement	1
1	#F8766D	-0.297762411357391	75	sous-entraînement	1
1	#F8766D	-0.298334065054719	76	sous-entraînement	1
1	#F8766D	-0.298900415538386	77	sous-entraînement	1
1	#F8766D	-0.299461527538361	78	sous-entraînement	1
1	#F8766D	-0.300017464849544	79	sous-entraînement	1
1	#F8766D	-0.300568290345883	80	sous-entraînement	1
1	#F8766D	-0.301114065994322	81	sous-entraînement	1
1	#F8766D	-0.301654852868578	82	sous-entraînement	1
1	#F8766D	-0.302190711162749	83	sous-entraînement	1
1	#F8766D	-0.302721700204748	84	sous-entraînement	1
1	#F8766D	-0.303247878469566	85	sous-entraînement	1
1	#F8766D	-0.303769303592358	86	sous-entraînement	1
1	#F8766D	-0.304286032381358	87	sous-entraînement	1
1	#F8766D	-0.30479812083062	88	sous-entraînement	1
1	#F8766D	-0.305305624132585	89	sous-entraînement	1
1	#F8766D	-0.305808596690475	90	sous-entraînement	1
1	#F8766D	-0.306307092130511	91	sous-entraînement	1
1	#F8766D	-0.306801163313967	92	sous-entraînement	1
1	#F8766D	-0.30729086234904	93	sous-entraînement	1
1	#F8766D	-0.307776240602564	94	sous-entraînement	1
1	#F8766D	-0.308257348711539	95	sous-entraînement	1
1	#F8766D	-0.308734236594505	96	sous-entraînement	1
1	#F8766D	-0.309206953462741	97	sous-entraînement	1
1	#F8766D	-0.309675547831296	98	sous-entraînement	1
1	#F8766D	-0.310140067529863	99	sous-entraînement	1
1	#F8766D	-0.310600559713484	100	sous-entraînement	1
1	#F8766D	-0.311057070873089	101	sous-entraînement	1
1	#F8766D	-0.311509646845886	102	sous-entraînement	1
1	#F8766D	-0.311958332825581	103	sous-entraînement	1
1	#F8766D	-0.312403173372445	104	sous-entraînement	1
1	#F8766D	-0.312844212423227	105	sous-entraînement	1
1	#F8766D	-0.313281493300908	106	sous-entraînement	1
1	#F8766D	-0.313715058724307	107	sous-entraînement	1
1	#F8766D	-0.314144950817534	108	sous-entraînement	1
1	#F8766D	-0.314571211119297	109	sous-entraînement	1
1	#F8766D	-0.314993880592056	110	sous-entraînement	1
1	#F8766D	-0.315412999631038	111	sous-entraînement	1
1	#F8766D	-0.315828608073105	112	sous-entraînement	1
1	#F8766D	-0.316240745205481	113	sous-entraînement	1
1	#F8766D	-0.316649449774339	114	sous-entraînement	1
1	#F8766D	-0.317054759993253	115	sous-entraînement	1
1	#F8766D	-0.317456713551506	116	sous-entraînement	1
1	#F8766D	-0.317855347622276	117	sous-entraînement	1
1	#F8766D	-0.318250698870674	118	sous-entraînement	1
1	#F8766D	-0.318642803461668	119	sous-entraînement	1
1	#F8766D	-0.319031697067865	120	sous-entraînement	1
1	#F8766D	-0.319417414877172	121	sous-entraînement	1
1	#F8766D	-0.319799991600334	122	sous-entraînement	1
1	#F8766D	-0.320179461478341	123	sous-entraînement	1
1	#F8766D	-0.320555858289724	124	sous-entraînement	1
1	#F8766D	-0.320929215357721	125	sous-entraînement	1
1	#F8766D	-0.321299565557335	126	sous-entraînement	1
1	#F8766D	-0.321666941322266	127	sous-entraînement	1
1	#F8766D	-0.322031374651739	128	sous-entraînement	1
1	#F8766D	-0.32239289711721	129	sous-entraînement	1
1	#F8766D	-0.322751539868967	130	sous-entraînement	1
1	#F8766D	-0.323107333642624	131	sous-entraînement	1
1	#F8766D	-0.323460308765497	132	sous-entraînement	1
1	#F8766D	-0.323810495162891	133	sous-entraînement	1
1	#F8766D	-0.324157922364266	134	sous-entraînement	1
1	#F8766D	-0.324502619509312	135	sous-entraînement	1
1	#F8766D	-0.324844615353922	136	sous-entraînement	1
1	#F8766D	-0.325183938276057	137	sous-entraînement	1
1	#F8766D	-0.325520616281531	138	sous-entraînement	1
1	#F8766D	-0.32585467700968	139	sous-entraînement	1
1	#F8766D	-0.326186147738951	140	sous-entraînement	1
1	#F8766D	-0.326515055392396	141	sous-entraînement	1
1	#F8766D	-0.326841426543069	142	sous-entraînement	1
1	#F8766D	-0.327165287419337	143	sous-entraînement	1
1	#F8766D	-0.327486663910108	144	sous-entraînement	1
1	#F8766D	-0.327805581569961	145	sous-entraînement	1
1	#F8766D	-0.328122065624203	146	sous-entraînement	1
1	#F8766D	-0.32843614097383	147	sous-entraînement	1
1	#F8766D	-0.328747832200417	148	sous-entraînement	1
1	#F8766D	-0.329057163570923	149	sous-entraînement	1
1	#F8766D	-0.329364159042408	150	sous-entraînement	1
1	#F8766D	-0.329668842266687	151	sous-entraînement	1
1	#F8766D	-0.329971236594895	152	sous-entraînement	1
1	#F8766D	-0.330271365081981	153	sous-entraînement	1
1	#F8766D	-0.330569250491129	154	sous-entraînement	1
1	#F8766D	-0.3308649152981	155	sous-entraînement	1
1	#F8766D	-0.331158381695511	156	sous-entraînement	1
1	#F8766D	-0.331449671597037	157	sous-entraînement	1
1	#F8766D	-0.331738806641542	158	sous-entraînement	1
1	#F8766D	-0.332025808197151	159	sous-entraînement	1
1	#F8766D	-0.332310697365244	160	sous-entraînement	1
1	#F8766D	-0.332593494984391	161	sous-entraînement	1
1	#F8766D	-0.332874221634222	162	sous-entraînement	1
1	#F8766D	-0.33315289763923	163	sous-entraînement	1
1	#F8766D	-0.333429543072513	164	sous-entraînement	1
1	#F8766D	-0.333704177759456	165	sous-entraînement	1
1	#F8766D	-0.333976821281353	166	sous-entraînement	1
1	#F8766D	-0.334247492978964	167	sous-entraînement	1
1	#F8766D	-0.334516211956024	168	sous-entraînement	1
1	#F8766D	-0.334782997082683	169	sous-entraînement	1
1	#F8766D	-0.335047866998898	170	sous-entraînement	1
1	#F8766D	-0.335310840117768	171	sous-entraînement	1
1	#F8766D	-0.335571934628812	172	sous-entraînement	1
1	#F8766D	-0.335831168501195	173	sous-entraînement	1
1	#F8766D	-0.336088559486906	174	sous-entraînement	1
1	#F8766D	-0.336344125123874	175	sous-entraînement	1
1	#F8766D	-0.336597882739046	176	sous-entraînement	1
1	#F8766D	-0.336849849451404	177	sous-entraînement	1
1	#F8766D	-0.337100042174941	178	sous-entraînement	1
1	#F8766D	-0.337348477621585	179	sous-entraînement	1
1	#F8766D	-0.337595172304075	180	sous-entraînement	1
1	#F8766D	-0.337840142538797	181	sous-entraînement	1
1	#F8766D	-0.338083404448564	182	sous-entraînement	1
1	#F8766D	-0.33832497396536	183	sous-entraînement	1
1	#F8766D	-0.338564866833039	184	sous-entraînement	1
1	#F8766D	-0.338803098609972	185	sous-entraînement	1
1	#F8766D	-0.339039684671664	186	sous-entraînement	1
1	#F8766D	-0.339274640213323	187	sous-entraînement	1
1	#F8766D	-0.339507980252385	188	sous-entraînement	1
1	#F8766D	-0.339739719631003	189	sous-entraînement	1
1	#F8766D	-0.339969873018498	190	sous-entraînement	1
1	#F8766D	-0.340198454913765	191	sous-entraînement	1
1	#F8766D	-0.340425479647646	192	sous-entraînement	1
1	#F8766D	-0.340650961385261	193	sous-entraînement	1
1	#F8766D	-0.340874914128309	194	sous-entraînement	1
1	#F8766D	-0.341097351717324	195	sous-entraînement	1
1	#F8766D	-0.3413182878339	196	sous-entraînement	1
1	#F8766D	-0.341537736002885	197	sous-entraînement	1
1	#F8766D	-0.341755709594528	198	sous-entraînement	1
1	#F8766D	-0.341972221826607	199	sous-entraînement	1
1	#F8766D	-0.342187285766513	200	sous-entraînement	1
1	#F8766D	-0.342400914333307	201	sous-entraînement	1
1	#F8766D	-0.34261312029974	202	sous-entraînement	1
1	#F8766D	-0.342823916294249	203	sous-entraînement	1
1	#F8766D	-0.343033314802912	204	sous-entraînement	1
1	#F8766D	-0.343241328171382	205	sous-entraînement	1
1	#F8766D	-0.343447968606784	206	sous-entraînement	1
1	#F8766D	-0.343653248179585	207	sous-entraînement	1
1	#F8766D	-0.343857178825437	208	sous-entraînement	1
1	#F8766D	-0.344059772346988	209	sous-entraînement	1
1	#F8766D	-0.34426104041567	210	sous-entraînement	1
1	#F8766D	-0.34446099457345	211	sous-entraînement	1
1	#F8766D	-0.344659646234565	212	sous-entraînement	1
1	#F8766D	-0.344857006687226	213	sous-entraînement	1
1	#F8766D	-0.345053087095291	214	sous-entraînement	1
1	#F8766D	-0.345247898499919	215	sous-entraînement	1
1	#F8766D	-0.345441451821199	216	sous-entraînement	1
1	#F8766D	-0.345633757859747	217	sous-entraînement	1
1	#F8766D	-0.345824827298286	218	sous-entraînement	1
1	#F8766D	-0.346014670703197	219	sous-entraînement	1
1	#F8766D	-0.34620329852605	220	sous-entraînement	1
1	#F8766D	-0.346390721105112	221	sous-entraînement	1
1	#F8766D	-0.346576948666826	222	sous-entraînement	1
1	#F8766D	-0.346761991327276	223	sous-entraînement	1
1	#F8766D	-0.346945859093624	224	sous-entraînement	1
1	#F8766D	-0.347128561865527	225	sous-entraînement	1
1	#F8766D	-0.347310109436537	226	sous-entraînement	1
1	#F8766D	-0.34749051149547	227	sous-entraînement	1
1	#F8766D	-0.347669777627764	228	sous-entraînement	1
1	#F8766D	-0.347847917316814	229	sous-entraînement	1
1	#F8766D	-0.348024939945282	230	sous-entraînement	1
1	#F8766D	-0.348200854796399	231	sous-entraînement	1
1	#F8766D	-0.348375671055231	232	sous-entraînement	1
1	#F8766D	-0.348549397809944	233	sous-entraînement	1
1	#F8766D	-0.348722044053037	234	sous-entraînement	1
1	#F8766D	-0.348893618682563	235	sous-entraînement	1
1	#F8766D	-0.349064130503328	236	sous-entraînement	1
1	#F8766D	-0.34923358822808	237	sous-entraînement	1
1	#F8766D	-0.34940200047867	238	sous-entraînement	1
1	#F8766D	-0.349569375787205	239	sous-entraînement	1
1	#F8766D	-0.349735722597178	240	sous-entraînement	1
1	#F8766D	-0.349901049264584	241	sous-entraînement	1
1	#F8766D	-0.350065364059019	242	sous-entraînement	1
1	#F8766D	-0.350228675164766	243	sous-entraînement	1
1	#F8766D	-0.35039099068186	244	sous-entraînement	1
1	#F8766D	-0.35055231862714	245	sous-entraînement	1
1	#F8766D	-0.350712666935288	246	sous-entraînement	1
1	#F8766D	-0.350872043459848	247	sous-entraînement	1
1	#F8766D	-0.351030455974235	248	sous-entraînement	1
1	#F8766D	-0.351187912172726	249	sous-entraînement	1
1	#F8766D	-0.35134441967144	250	sous-entraînement	1
1	#F8766D	-0.3514999860093	251	sous-entraînement	1
1	#F8766D	-0.351654618648984	252	sous-entraînement	1
1	#F8766D	-0.351808324977863	253	sous-entraînement	1
1	#F8766D	-0.351961112308921	254	sous-entraînement	1
1	#F8766D	-0.35211298788167	255	sous-entraînement	1
1	#F8766D	-0.35226395886304	256	sous-entraînement	1
1	#F8766D	-0.352414032348271	257	sous-entraînement	1
1	#F8766D	-0.352563215361778	258	sous-entraînement	1
1	#F8766D	-0.352711514858015	259	sous-entraînement	1
1	#F8766D	-0.352858937722322	260	sous-entraînement	1
1	#F8766D	-0.353005490771756	261	sous-entraînement	1
1	#F8766D	-0.353151180755918	262	sous-entraînement	1
1	#F8766D	-0.353296014357765	263	sous-entraînement	1
1	#F8766D	-0.353439998194409	264	sous-entraînement	1
1	#F8766D	-0.353583138817907	265	sous-entraînement	1
1	#F8766D	-0.35372544271604	266	sous-entraînement	1
1	#F8766D	-0.353866916313077	267	sous-entraînement	1
1	#F8766D	-0.354007565970536	268	sous-entraînement	1
1	#F8766D	-0.354147397987928	269	sous-entraînement	1
1	#F8766D	-0.35428641860349	270	sous-entraînement	1
1	#F8766D	-0.354424633994918	271	sous-entraînement	1
1	#F8766D	-0.354562050280074	272	sous-entraînement	1
1	#F8766D	-0.354698673517696	273	sous-entraînement	1
1	#F8766D	-0.354834509708095	274	sous-entraînement	1
1	#F8766D	-0.354969564793837	275	sous-entraînement	1
1	#F8766D	-0.355103844660424	276	sous-entraînement	1
1	#F8766D	-0.35523735513696	277	sous-entraînement	1
1	#F8766D	-0.355370101996807	278	sous-entraînement	1
1	#F8766D	-0.35550209095824	279	sous-entraînement	1
1	#F8766D	-0.355633327685082	280	sous-entraînement	1
1	#F8766D	-0.355763817787339	281	sous-entraînement	1
1	#F8766D	-0.355893566821822	282	sous-entraînement	1
1	#F8766D	-0.356022580292762	283	sous-entraînement	1
1	#F8766D	-0.356150863652418	284	sous-entraînement	1
1	#F8766D	-0.356278422301672	285	sous-entraînement	1
1	#F8766D	-0.356405261590622	286	sous-entraînement	1
1	#F8766D	-0.356531386819164	287	sous-entraînement	1
1	#F8766D	-0.356656803237565	288	sous-entraînement	1
1	#F8766D	-0.356781516047031	289	sous-entraînement	1
1	#F8766D	-0.356905530400266	290	sous-entraînement	1
1	#F8766D	-0.357028851402022	291	sous-entraînement	1
1	#F8766D	-0.357151484109646	292	sous-entraînement	1
1	#F8766D	-0.357273433533615	293	sous-entraînement	1
1	#F8766D	-0.357394704638067	294	sous-entraînement	1
1	#F8766D	-0.357515302341324	295	sous-entraînement	1
1	#F8766D	-0.357635231516405	296	sous-entraînement	1
1	#F8766D	-0.357754496991541	297	sous-entraînement	1
1	#F8766D	-0.357873103550672	298	sous-entraînement	1
1	#F8766D	-0.357991055933946	299	sous-entraînement	1
1	#F8766D	-0.358108358838205	300	sous-entraînement	1
1	#F8766D	-0.358225016917472	301	sous-entraînement	1
1	#F8766D	-0.358341034783424	302	sous-entraînement	1
1	#F8766D	-0.358456417005866	303	sous-entraînement	1
1	#F8766D	-0.35857116811319	304	sous-entraînement	1
1	#F8766D	-0.358685292592838	305	sous-entraînement	1
1	#F8766D	-0.358798794891753	306	sous-entraînement	1
1	#F8766D	-0.358911679416821	307	sous-entraînement	1
1	#F8766D	-0.359023950535319	308	sous-entraînement	1
1	#F8766D	-0.359135612575344	309	sous-entraînement	1
1	#F8766D	-0.359246669826244	310	sous-entraînement	1
1	#F8766D	-0.359357126539042	311	sous-entraînement	1
1	#F8766D	-0.359466986926853	312	sous-entraînement	1
1	#F8766D	-0.3595762551653	313	sous-entraînement	1
1	#F8766D	-0.359684935392917	314	sous-entraînement	1
1	#F8766D	-0.359793031711556	315	sous-entraînement	1
1	#F8766D	-0.359900548186779	316	sous-entraînement	1
1	#F8766D	-0.360007488848255	317	sous-entraînement	1
1	#F8766D	-0.360113857690145	318	sous-entraînement	1
1	#F8766D	-0.360219658671485	319	sous-entraînement	1
1	#F8766D	-0.360324895716562	320	sous-entraînement	1
1	#F8766D	-0.360429572715286	321	sous-entraînement	1
1	#F8766D	-0.360533693523563	322	sous-entraînement	1
1	#F8766D	-0.360637261963652	323	sous-entraînement	1
1	#F8766D	-0.360740281824527	324	sous-entraînement	1
1	#F8766D	-0.36084275686223	325	sous-entraînement	1
1	#F8766D	-0.360944690800223	326	sous-entraînement	1
1	#F8766D	-0.36104608732973	327	sous-entraînement	1
1	#F8766D	-0.361146950110081	328	sous-entraînement	1
1	#F8766D	-0.361247282769047	329	sous-entraînement	1
1	#F8766D	-0.361347088903174	330	sous-entraînement	1
1	#F8766D	-0.361446372078108	331	sous-entraînement	1
1	#F8766D	-0.361545135828926	332	sous-entraînement	1
1	#F8766D	-0.36164338366045	333	sous-entraînement	1
1	#F8766D	-0.361741119047567	334	sous-entraînement	1
1	#F8766D	-0.361838345435541	335	sous-entraînement	1
1	#F8766D	-0.361935066240319	336	sous-entraînement	1
1	#F8766D	-0.362031284848841	337	sous-entraînement	1
1	#F8766D	-0.362127004619335	338	sous-entraînement	1
1	#F8766D	-0.362222228881622	339	sous-entraînement	1
1	#F8766D	-0.362316960937401	340	sous-entraînement	1
1	#F8766D	-0.362411204060547	341	sous-entraînement	1
1	#F8766D	-0.362504961497393	342	sous-entraînement	1
1	#F8766D	-0.362598236467015	343	sous-entraînement	1
1	#F8766D	-0.362691032161512	344	sous-entraînement	1
1	#F8766D	-0.362783351746282	345	sous-entraînement	1
1	#F8766D	-0.362875198360293	346	sous-entraînement	1
1	#F8766D	-0.362966575116358	347	sous-entraînement	1
1	#F8766D	-0.363057485101395	348	sous-entraînement	1
1	#F8766D	-0.363147931376696	349	sous-entraînement	1
1	#F8766D	-0.363237916978183	350	sous-entraînement	1
1	#F8766D	-0.363327444916668	351	sous-entraînement	1
1	#F8766D	-0.363416518178104	352	sous-entraînement	1
1	#F8766D	-0.363505139723839	353	sous-entraînement	1
1	#F8766D	-0.363593312490861	354	sous-entraînement	1
1	#F8766D	-0.363681039392047	355	sous-entraînement	1
1	#F8766D	-0.363768323316399	356	sous-entraînement	1
1	#F8766D	-0.363855167129289	357	sous-entraînement	1
1	#F8766D	-0.363941573672692	358	sous-entraînement	1
1	#F8766D	-0.364027545765422	359	sous-entraînement	1
1	#F8766D	-0.364113086203359	360	sous-entraînement	1
1	#F8766D	-0.364198197759681	361	sous-entraînement	1
1	#F8766D	-0.364282883185088	362	sous-entraînement	1
1	#F8766D	-0.364367145208024	363	sous-entraînement	1
1	#F8766D	-0.364450986534898	364	sous-entraînement	1
1	#F8766D	-0.364534409850302	365	sous-entraînement	1
1	#F8766D	-0.364617417817223	366	sous-entraînement	1
1	#F8766D	-0.364700013077261	367	sous-entraînement	1
1	#F8766D	-0.364782198250834	368	sous-entraînement	1
1	#F8766D	-0.364863975937388	369	sous-entraînement	1
1	#F8766D	-0.364945348715602	370	sous-entraînement	1
1	#F8766D	-0.365026319143591	371	sous-entraînement	1
1	#F8766D	-0.365106889759105	372	sous-entraînement	1
1	#F8766D	-0.36518706307973	373	sous-entraînement	1
1	#F8766D	-0.365266841603079	374	sous-entraînement	1
1	#F8766D	-0.365346227806994	375	sous-entraînement	1
1	#F8766D	-0.365425224149727	376	sous-entraînement	1
1	#F8766D	-0.365503833070138	377	sous-entraînement	1
1	#F8766D	-0.365582056987876	378	sous-entraînement	1
1	#F8766D	-0.36565989830357	379	sous-entraînement	1
1	#F8766D	-0.365737359399004	380	sous-entraînement	1
1	#F8766D	-0.365814442637306	381	sous-entraînement	1
1	#F8766D	-0.365891150363121	382	sous-entraînement	1
1	#F8766D	-0.365967484902789	383	sous-entraînement	1
1	#F8766D	-0.366043448564521	384	sous-entraînement	1
1	#F8766D	-0.366119043638571	385	sous-entraînement	1
1	#F8766D	-0.366194272397405	386	sous-entraînement	1
1	#F8766D	-0.366269137095875	387	sous-entraînement	1
1	#F8766D	-0.366343639971378	388	sous-entraînement	1
1	#F8766D	-0.366417783244028	389	sous-entraînement	1
1	#F8766D	-0.366491569116816	390	sous-entraînement	1
1	#F8766D	-0.366564999775772	391	sous-entraînement	1
1	#F8766D	-0.366638077390125	392	sous-entraînement	1
1	#F8766D	-0.366710804112461	393	sous-entraînement	1
1	#F8766D	-0.366783182078876	394	sous-entraînement	1
1	#F8766D	-0.366855213409136	395	sous-entraînement	1
1	#F8766D	-0.366926900206824	396	sous-entraînement	1
1	#F8766D	-0.366998244559494	397	sous-entraînement	1
1	#F8766D	-0.36706924853882	398	sous-entraînement	1
1	#F8766D	-0.367139914200744	399	sous-entraînement	1
1	#F8766D	-0.367210243585618	400	sous-entraînement	1
1	#F8766D	-0.367280238718356	401	sous-entraînement	1
1	#F8766D	-0.367349901608569	402	sous-entraînement	1
1	#F8766D	-0.367419234250711	403	sous-entraînement	1
1	#F8766D	-0.367488238624217	404	sous-entraînement	1
1	#F8766D	-0.367556916693642	405	sous-entraînement	1
1	#F8766D	-0.367625270408795	406	sous-entraînement	1
1	#F8766D	-0.367693301704879	407	sous-entraînement	1
1	#F8766D	-0.36776101250262	408	sous-entraînement	1
1	#F8766D	-0.367828404708403	409	sous-entraînement	1
1	#F8766D	-0.367895480214399	410	sous-entraînement	1
1	#F8766D	-0.367962240898698	411	sous-entraînement	1
1	#F8766D	-0.368028688625435	412	sous-entraînement	1
1	#F8766D	-0.368094825244917	413	sous-entraînement	1
1	#F8766D	-0.368160652593748	414	sous-entraînement	1
1	#F8766D	-0.368226172494954	415	sous-entraînement	1
1	#F8766D	-0.368291386758104	416	sous-entraînement	1
1	#F8766D	-0.368356297179433	417	sous-entraînement	1
1	#F8766D	-0.368420905541961	418	sous-entraînement	1
1	#F8766D	-0.368485213615612	419	sous-entraînement	1
1	#F8766D	-0.36854922315733	420	sous-entraînement	1
1	#F8766D	-0.368612935911198	421	sous-entraînement	1
1	#F8766D	-0.368676353608551	422	sous-entraînement	1
1	#F8766D	-0.36873947796809	423	sous-entraînement	1
1	#F8766D	-0.368802310695994	424	sous-entraînement	1
1	#F8766D	-0.368864853486035	425	sous-entraînement	1
1	#F8766D	-0.368927108019681	426	sous-entraînement	1
1	#F8766D	-0.368989075966214	427	sous-entraînement	1
1	#F8766D	-0.369050758982828	428	sous-entraînement	1
1	#F8766D	-0.369112158714745	429	sous-entraînement	1
1	#F8766D	-0.369173276795316	430	sous-entraînement	1
1	#F8766D	-0.369234114846124	431	sous-entraînement	1
1	#F8766D	-0.36929467447709	432	sous-entraînement	1
1	#F8766D	-0.369354957286578	433	sous-entraînement	1
1	#F8766D	-0.369414964861489	434	sous-entraînement	1
1	#F8766D	-0.369474698777367	435	sous-entraînement	1
1	#F8766D	-0.369534160598498	436	sous-entraînement	1
1	#F8766D	-0.369593351878003	437	sous-entraînement	1
1	#F8766D	-0.369652274157943	438	sous-entraînement	1
1	#F8766D	-0.369710928969409	439	sous-entraînement	1
1	#F8766D	-0.36976931783262	440	sous-entraînement	1
1	#F8766D	-0.369827442257014	441	sous-entraînement	1
1	#F8766D	-0.369885303741347	442	sous-entraînement	1
1	#F8766D	-0.369942903773779	443	sous-entraînement	1
1	#F8766D	-0.37000024383197	444	sous-entraînement	1
1	#F8766D	-0.370057325383168	445	sous-entraînement	1
1	#F8766D	-0.370114149884299	446	sous-entraînement	1
1	#F8766D	-0.370170718782054	447	sous-entraînement	1
1	#F8766D	-0.370227033512982	448	sous-entraînement	1
1	#F8766D	-0.370283095503568	449	sous-entraînement	1
1	#F8766D	-0.370338906170327	450	sous-entraînement	1
1	#F8766D	-0.370394466919886	451	sous-entraînement	1
1	#F8766D	-0.370449779149066	452	sous-entraînement	1
1	#F8766D	-0.370504844244969	453	sous-entraînement	1
1	#F8766D	-0.370559663585057	454	sous-entraînement	1
1	#F8766D	-0.370614238537237	455	sous-entraînement	1
1	#F8766D	-0.370668570459939	456	sous-entraînement	1
1	#F8766D	-0.370722660702198	457	sous-entraînement	1
1	#F8766D	-0.370776510603731	458	sous-entraînement	1
1	#F8766D	-0.370830121495019	459	sous-entraînement	1
1	#F8766D	-0.370883494697379	460	sous-entraînement	1
1	#F8766D	-0.370936631523048	461	sous-entraînement	1
1	#F8766D	-0.370989533275252	462	sous-entraînement	1
1	#F8766D	-0.371042201248287	463	sous-entraînement	1
1	#F8766D	-0.37109463672759	464	sous-entraînement	1
1	#F8766D	-0.371146840989813	465	sous-entraînement	1
1	#F8766D	-0.3711988153029	466	sous-entraînement	1
1	#F8766D	-0.371250560926154	467	sous-entraînement	1
1	#F8766D	-0.371302079110313	468	sous-entraînement	1
1	#F8766D	-0.371353371097617	469	sous-entraînement	1
1	#F8766D	-0.371404438121883	470	sous-entraînement	1
1	#F8766D	-0.371455281408569	471	sous-entraînement	1
1	#F8766D	-0.37150590217485	472	sous-entraînement	1
1	#F8766D	-0.371556301629678	473	sous-entraînement	1
1	#F8766D	-0.371606480973856	474	sous-entraînement	1
1	#F8766D	-0.371656441400103	475	sous-entraînement	1
1	#F8766D	-0.371706184093119	476	sous-entraînement	1
1	#F8766D	-0.371755710229651	477	sous-entraînement	1
1	#F8766D	-0.371805020978559	478	sous-entraînement	1
1	#F8766D	-0.37185411750088	479	sous-entraînement	1
1	#F8766D	-0.371903000949892	480	sous-entraînement	1
1	#F8766D	-0.371951672471175	481	sous-entraînement	1
1	#F8766D	-0.372000133202677	482	sous-entraînement	1
1	#F8766D	-0.372048384274773	483	sous-entraînement	1
1	#F8766D	-0.372096426810327	484	sous-entraînement	1
1	#F8766D	-0.372144261924754	485	sous-entraînement	1
1	#F8766D	-0.372191890726078	486	sous-entraînement	1
1	#F8766D	-0.372239314314993	487	sous-entraînement	1
1	#F8766D	-0.372286533784924	488	sous-entraînement	1
1	#F8766D	-0.372333550222079	489	sous-entraînement	1
1	#F8766D	-0.372380364705514	490	sous-entraînement	1
1	#F8766D	-0.372426978307186	491	sous-entraînement	1
1	#F8766D	-0.372473392092011	492	sous-entraînement	1
1	#F8766D	-0.372519607117922	493	sous-entraînement	1
1	#F8766D	-0.37256562443592	494	sous-entraînement	1
1	#F8766D	-0.372611445090135	495	sous-entraînement	1
1	#F8766D	-0.372657070117876	496	sous-entraînement	1
1	#F8766D	-0.372702500549687	497	sous-entraînement	1
1	#F8766D	-0.372747737409402	498	sous-entraînement	1
1	#F8766D	-0.372792781714195	499	sous-entraînement	1
1	#F8766D	-0.372837634474635	500	sous-entraînement	1
1	#F8766D	-0.372882296694737	501	sous-entraînement	1
1	#F8766D	-0.372926769372016	502	sous-entraînement	1
1	#F8766D	-0.372971053497533	503	sous-entraînement	1
1	#F8766D	-0.37301515005595	504	sous-entraînement	1
1	#F8766D	-0.373059060025581	505	sous-entraînement	1
1	#F8766D	-0.373102784378439	506	sous-entraînement	1
1	#F8766D	-0.373146324080283	507	sous-entraînement	1
1	#F8766D	-0.373189680090675	508	sous-entraînement	1
1	#F8766D	-0.37323285336302	509	sous-entraînement	1
1	#F8766D	-0.373275844844617	510	sous-entraînement	1
1	#F8766D	-0.373318655476709	511	sous-entraînement	1
1	#F8766D	-0.373361286194526	512	sous-entraînement	1
1	#F8766D	-0.373403737927334	513	sous-entraînement	1
1	#F8766D	-0.373446011598481	514	sous-entraînement	1
1	#F8766D	-0.37348810812544	515	sous-entraînement	1
1	#F8766D	-0.37353002841986	516	sous-entraînement	1
1	#F8766D	-0.373571773387605	517	sous-entraînement	1
1	#F8766D	-0.373613343928802	518	sous-entraînement	1
1	#F8766D	-0.373654740937885	519	sous-entraînement	1
1	#F8766D	-0.373695965303635	520	sous-entraînement	1
1	#F8766D	-0.37373701790923	521	sous-entraînement	1
1	#F8766D	-0.373777899632282	522	sous-entraînement	1
1	#F8766D	-0.373818611344881	523	sous-entraînement	1
1	#F8766D	-0.37385915391364	524	sous-entraînement	1
1	#F8766D	-0.373899528199732	525	sous-entraînement	1
1	#F8766D	-0.373939735058935	526	sous-entraînement	1
1	#F8766D	-0.373979775341672	527	sous-entraînement	1
1	#F8766D	-0.374019649893052	528	sous-entraînement	1
1	#F8766D	-0.374059359552909	529	sous-entraînement	1
1	#F8766D	-0.374098905155842	530	sous-entraînement	1
1	#F8766D	-0.374138287531257	531	sous-entraînement	1
1	#F8766D	-0.374177507503404	532	sous-entraînement	1
1	#F8766D	-0.374216565891416	533	sous-entraînement	1
1	#F8766D	-0.374255463509346	534	sous-entraînement	1
1	#F8766D	-0.374294201166211	535	sous-entraînement	1
1	#F8766D	-0.374332779666022	536	sous-entraînement	1
1	#F8766D	-0.374371199807826	537	sous-entraînement	1
1	#F8766D	-0.374409462385745	538	sous-entraînement	1
1	#F8766D	-0.374447568189007	539	sous-entraînement	1
1	#F8766D	-0.374485518001988	540	sous-entraînement	1
1	#F8766D	-0.374523312604244	541	sous-entraînement	1
1	#F8766D	-0.374560952770549	542	sous-entraînement	1
1	#F8766D	-0.374598439270932	543	sous-entraînement	1
1	#F8766D	-0.37463577287071	544	sous-entraînement	1
1	#F8766D	-0.37467295433052	545	sous-entraînement	1
1	#F8766D	-0.374709984406362	546	sous-entraînement	1
1	#F8766D	-0.374746863849625	547	sous-entraînement	1
1	#F8766D	-0.374783593407126	548	sous-entraînement	1
1	#F8766D	-0.37482017382114	549	sous-entraînement	1
1	#F8766D	-0.374856605829438	550	sous-entraînement	1
1	#F8766D	-0.374892890165315	551	sous-entraînement	1
1	#F8766D	-0.374929027557627	552	sous-entraînement	1
1	#F8766D	-0.374965018730821	553	sous-entraînement	1
1	#F8766D	-0.37500086440497	554	sous-entraînement	1
1	#F8766D	-0.375036565295799	555	sous-entraînement	1
1	#F8766D	-0.375072122114726	556	sous-entraînement	1
1	#F8766D	-0.375107535568885	557	sous-entraînement	1
1	#F8766D	-0.37514280636116	558	sous-entraînement	1
1	#F8766D	-0.375177935190219	559	sous-entraînement	1
1	#F8766D	-0.37521292275054	560	sous-entraînement	1
1	#F8766D	-0.375247769732443	561	sous-entraînement	1
1	#F8766D	-0.375282476822123	562	sous-entraînement	1
1	#F8766D	-0.375317044701673	563	sous-entraînement	1
1	#F8766D	-0.375351474049121	564	sous-entraînement	1
1	#F8766D	-0.375385765538457	565	sous-entraînement	1
1	#F8766D	-0.375419919839657	566	sous-entraînement	1
1	#F8766D	-0.37545393761872	567	sous-entraînement	1
1	#F8766D	-0.375487819537692	568	sous-entraînement	1
1	#F8766D	-0.375521566254693	569	sous-entraînement	1
1	#F8766D	-0.37555517842395	570	sous-entraînement	1
1	#F8766D	-0.375588656695819	571	sous-entraînement	1
1	#F8766D	-0.375622001716818	572	sous-entraînement	1
1	#F8766D	-0.37565521412965	573	sous-entraînement	1
1	#F8766D	-0.375688294573235	574	sous-entraînement	1
1	#F8766D	-0.375721243682731	575	sous-entraînement	1
1	#F8766D	-0.375754062089566	576	sous-entraînement	1
1	#F8766D	-0.375786750421461	577	sous-entraînement	1
1	#F8766D	-0.375819309302458	578	sous-entraînement	1
1	#F8766D	-0.375851739352947	579	sous-entraînement	1
1	#F8766D	-0.375884041189688	580	sous-entraînement	1
1	#F8766D	-0.37591621542584	581	sous-entraînement	1
1	#F8766D	-0.375948262670987	582	sous-entraînement	1
1	#F8766D	-0.375980183531159	583	sous-entraînement	1
1	#F8766D	-0.376011978608862	584	sous-entraînement	1
1	#F8766D	-0.376043648503098	585	sous-entraînement	1
1	#F8766D	-0.376075193809394	586	sous-entraînement	1
1	#F8766D	-0.376106615119824	587	sous-entraînement	1
1	#F8766D	-0.376137913023031	588	sous-entraînement	1
1	#F8766D	-0.376169088104257	589	sous-entraînement	1
1	#F8766D	-0.376200140945361	590	sous-entraînement	1
1	#F8766D	-0.376231072124845	591	sous-entraînement	1
1	#F8766D	-0.376261882217877	592	sous-entraînement	1
1	#F8766D	-0.376292571796315	593	sous-entraînement	1
1	#F8766D	-0.376323141428728	594	sous-entraînement	1
1	#F8766D	-0.37635359168042	595	sous-entraînement	1
1	#F8766D	-0.376383923113455	596	sous-entraînement	1
1	#F8766D	-0.376414136286673	597	sous-entraînement	1
1	#F8766D	-0.376444231755721	598	sous-entraînement	1
1	#F8766D	-0.376474210073066	599	sous-entraînement	1
1	#F8766D	-0.376504071788023	600	sous-entraînement	1
1	#F8766D	-0.376533817446776	601	sous-entraînement	1
1	#F8766D	-0.376563447592397	602	sous-entraînement	1
1	#F8766D	-0.376592962764869	603	sous-entraînement	1
1	#F8766D	-0.376622363501107	604	sous-entraînement	1
1	#F8766D	-0.376651650334979	605	sous-entraînement	1
1	#F8766D	-0.376680823797327	606	sous-entraînement	1
1	#F8766D	-0.376709884415987	607	sous-entraînement	1
1	#F8766D	-0.37673883271581	608	sous-entraînement	1
1	#F8766D	-0.376767669218682	609	sous-entraînement	1
1	#F8766D	-0.376796394443546	610	sous-entraînement	1
1	#F8766D	-0.376825008906418	611	sous-entraînement	1
1	#F8766D	-0.376853513120411	612	sous-entraînement	1
1	#F8766D	-0.376881907595752	613	sous-entraînement	1
1	#F8766D	-0.376910192839804	614	sous-entraînement	1
1	#F8766D	-0.376938369357081	615	sous-entraînement	1
1	#F8766D	-0.376966437649274	616	sous-entraînement	1
1	#F8766D	-0.376994398215262	617	sous-entraînement	1
1	#F8766D	-0.377022251551139	618	sous-entraînement	1
1	#F8766D	-0.377049998150225	619	sous-entraînement	1
1	#F8766D	-0.37707763850309	620	sous-entraînement	1
1	#F8766D	-0.377105173097573	621	sous-entraînement	1
1	#F8766D	-0.377132602418795	622	sous-entraînement	1
1	#F8766D	-0.377159926949182	623	sous-entraînement	1
1	#F8766D	-0.37718714716848	624	sous-entraînement	1
1	#F8766D	-0.377214263553777	625	sous-entraînement	1
1	#F8766D	-0.377241276579515	626	sous-entraînement	1
1	#F8766D	-0.377268186717513	627	sous-entraînement	1
1	#F8766D	-0.37729499443698	628	sous-entraînement	1
1	#F8766D	-0.377321700204535	629	sous-entraînement	1
1	#F8766D	-0.377348304484226	630	sous-entraînement	1
1	#F8766D	-0.377374807737541	631	sous-entraînement	1
1	#F8766D	-0.377401210423431	632	sous-entraînement	1
1	#F8766D	-0.377427512998323	633	sous-entraînement	1
1	#F8766D	-0.37745371591614	634	sous-entraînement	1
1	#F8766D	-0.377479819628313	635	sous-entraînement	1
1	#F8766D	-0.377505824583802	636	sous-entraînement	1
1	#F8766D	-0.377531731229109	637	sous-entraînement	1
1	#F8766D	-0.377557540008296	638	sous-entraînement	1
1	#F8766D	-0.377583251363	639	sous-entraînement	1
1	#F8766D	-0.377608865732451	640	sous-entraînement	1
1	#F8766D	-0.377634383553483	641	sous-entraînement	1
1	#F8766D	-0.377659805260555	642	sous-entraînement	1
1	#F8766D	-0.377685131285764	643	sous-entraînement	1
1	#F8766D	-0.377710362058861	644	sous-entraînement	1
1	#F8766D	-0.377735498007263	645	sous-entraînement	1
1	#F8766D	-0.377760539556077	646	sous-entraînement	1
1	#F8766D	-0.377785487128102	647	sous-entraînement	1
1	#F8766D	-0.377810341143858	648	sous-entraînement	1
1	#F8766D	-0.377835102021589	649	sous-entraînement	1
1	#F8766D	-0.377859770177285	650	sous-entraînement	1
1	#F8766D	-0.377884346024695	651	sous-entraînement	1
1	#F8766D	-0.377908829975338	652	sous-entraînement	1
1	#F8766D	-0.377933222438522	653	sous-entraînement	1
1	#F8766D	-0.377957523821357	654	sous-entraînement	1
1	#F8766D	-0.377981734528768	655	sous-entraînement	1
1	#F8766D	-0.378005854963509	656	sous-entraînement	1
1	#F8766D	-0.378029885526178	657	sous-entraînement	1
1	#F8766D	-0.378053826615231	658	sous-entraînement	1
1	#F8766D	-0.378077678626995	659	sous-entraînement	1
1	#F8766D	-0.378101441955681	660	sous-entraînement	1
1	#F8766D	-0.378125116993399	661	sous-entraînement	1
1	#F8766D	-0.378148704130171	662	sous-entraînement	1
1	#F8766D	-0.378172203753944	663	sous-entraînement	1
1	#F8766D	-0.378195616250602	664	sous-entraînement	1
1	#F8766D	-0.378218942003983	665	sous-entraînement	1
1	#F8766D	-0.378242181395887	666	sous-entraînement	1
1	#F8766D	-0.378265334806094	667	sous-entraînement	1
1	#F8766D	-0.378288402612371	668	sous-entraînement	1
1	#F8766D	-0.37831138519049	669	sous-entraînement	1
1	#F8766D	-0.37833428291424	670	sous-entraînement	1
1	#F8766D	-0.378357096155435	671	sous-entraînement	1
1	#F8766D	-0.378379825283931	672	sous-entraînement	1
1	#F8766D	-0.378402470667638	673	sous-entraînement	1
1	#F8766D	-0.37842503267253	674	sous-entraînement	1
1	#F8766D	-0.378447511662659	675	sous-entraînement	1
1	#F8766D	-0.378469908000167	676	sous-entraînement	1
1	#F8766D	-0.378492222045296	677	sous-entraînement	1
1	#F8766D	-0.378514454156403	678	sous-entraînement	1
1	#F8766D	-0.378536604689969	679	sous-entraînement	1
1	#F8766D	-0.378558674000613	680	sous-entraînement	1
1	#F8766D	-0.378580662441102	681	sous-entraînement	1
1	#F8766D	-0.378602570362364	682	sous-entraînement	1
1	#F8766D	-0.378624398113498	683	sous-entraînement	1
1	#F8766D	-0.378646146041786	684	sous-entraînement	1
1	#F8766D	-0.378667814492704	685	sous-entraînement	1
1	#F8766D	-0.378689403809935	686	sous-entraînement	1
1	#F8766D	-0.378710914335378	687	sous-entraînement	1
1	#F8766D	-0.37873234640916	688	sous-entraînement	1
1	#F8766D	-0.378753700369646	689	sous-entraînement	1
1	#F8766D	-0.378774976553451	690	sous-entraînement	1
1	#F8766D	-0.378796175295452	691	sous-entraînement	1
1	#F8766D	-0.378817296928794	692	sous-entraînement	1
1	#F8766D	-0.378838341784908	693	sous-entraînement	1
1	#F8766D	-0.378859310193514	694	sous-entraînement	1
1	#F8766D	-0.378880202482638	695	sous-entraînement	1
1	#F8766D	-0.378901018978616	696	sous-entraînement	1
1	#F8766D	-0.378921760006111	697	sous-entraînement	1
1	#F8766D	-0.378942425888119	698	sous-entraînement	1
1	#F8766D	-0.37896301694598	699	sous-entraînement	1
1	#F8766D	-0.378983533499387	700	sous-entraînement	1
1	#F8766D	-0.379003975866402	701	sous-entraînement	1
1	#F8766D	-0.379024344363456	702	sous-entraînement	1
1	#F8766D	-0.379044639305368	703	sous-entraînement	1
1	#F8766D	-0.37906486100535	704	sous-entraînement	1
1	#F8766D	-0.379085009775019	705	sous-entraînement	1
1	#F8766D	-0.379105085924404	706	sous-entraînement	1
1	#F8766D	-0.379125089761959	707	sous-entraînement	1
1	#F8766D	-0.37914502159457	708	sous-entraînement	1
1	#F8766D	-0.379164881727566	709	sous-entraînement	1
1	#F8766D	-0.379184670464727	710	sous-entraînement	1
1	#F8766D	-0.379204388108296	711	sous-entraînement	1
1	#F8766D	-0.379224034958985	712	sous-entraînement	1
1	#F8766D	-0.379243611315985	713	sous-entraînement	1
1	#F8766D	-0.379263117476979	714	sous-entraînement	1
1	#F8766D	-0.379282553738145	715	sous-entraînement	1
1	#F8766D	-0.379301920394169	716	sous-entraînement	1
1	#F8766D	-0.379321217738253	717	sous-entraînement	1
1	#F8766D	-0.379340446062126	718	sous-entraînement	1
1	#F8766D	-0.379359605656047	719	sous-entraînement	1
1	#F8766D	-0.37937869680882	720	sous-entraînement	1
1	#F8766D	-0.3793977198078	721	sous-entraînement	1
1	#F8766D	-0.379416674938902	722	sous-entraînement	1
1	#F8766D	-0.37943556248661	723	sous-entraînement	1
1	#F8766D	-0.379454382733983	724	sous-entraînement	1
1	#F8766D	-0.379473135962668	725	sous-entraînement	1
1	#F8766D	-0.379491822452904	726	sous-entraînement	1
1	#F8766D	-0.379510442483535	727	sous-entraînement	1
1	#F8766D	-0.379528996332013	728	sous-entraînement	1
1	#F8766D	-0.379547484274411	729	sous-entraînement	1
1	#F8766D	-0.379565906585426	730	sous-entraînement	1
1	#F8766D	-0.379584263538394	731	sous-entraînement	1
1	#F8766D	-0.379602555405292	732	sous-entraînement	1
1	#F8766D	-0.379620782456748	733	sous-entraînement	1
1	#F8766D	-0.379638944962052	734	sous-entraînement	1
1	#F8766D	-0.379657043189158	735	sous-entraînement	1
1	#F8766D	-0.379675077404696	736	sous-entraînement	1
1	#F8766D	-0.37969304787398	737	sous-entraînement	1
1	#F8766D	-0.379710954861013	738	sous-entraînement	1
1	#F8766D	-0.379728798628498	739	sous-entraînement	1
1	#F8766D	-0.379746579437842	740	sous-entraînement	1
1	#F8766D	-0.379764297549166	741	sous-entraînement	1
1	#F8766D	-0.379781953221314	742	sous-entraînement	1
1	#F8766D	-0.379799546711854	743	sous-entraînement	1
1	#F8766D	-0.379817078277096	744	sous-entraînement	1
1	#F8766D	-0.379834548172087	745	sous-entraînement	1
1	#F8766D	-0.37985195665063	746	sous-entraînement	1
1	#F8766D	-0.379869303965282	747	sous-entraînement	1
1	#F8766D	-0.379886590367367	748	sous-entraînement	1
1	#F8766D	-0.379903816106981	749	sous-entraînement	1
1	#F8766D	-0.379920981433	750	sous-entraînement	1
1	#F8766D	-0.379938086593085	751	sous-entraînement	1
1	#F8766D	-0.379955131833691	752	sous-entraînement	1
1	#F8766D	-0.379972117400076	753	sous-entraînement	1
1	#F8766D	-0.3799890435363	754	sous-entraînement	1
1	#F8766D	-0.380005910485244	755	sous-entraînement	1
1	#F8766D	-0.380022718488605	756	sous-entraînement	1
1	#F8766D	-0.38003946778691	757	sous-entraînement	1
1	#F8766D	-0.380056158619521	758	sous-entraînement	1
1	#F8766D	-0.380072791224641	759	sous-entraînement	1
1	#F8766D	-0.380089365839322	760	sous-entraînement	1
1	#F8766D	-0.380105882699468	761	sous-entraînement	1
1	#F8766D	-0.380122342039846	762	sous-entraînement	1
1	#F8766D	-0.380138744094093	763	sous-entraînement	1
1	#F8766D	-0.380155089094717	764	sous-entraînement	1
1	#F8766D	-0.380171377273107	765	sous-entraînement	1
1	#F8766D	-0.380187608859542	766	sous-entraînement	1
1	#F8766D	-0.380203784083191	767	sous-entraînement	1
1	#F8766D	-0.380219903172124	768	sous-entraînement	1
1	#F8766D	-0.380235966353318	769	sous-entraînement	1
1	#F8766D	-0.380251973852662	770	sous-entraînement	1
1	#F8766D	-0.380267925894962	771	sous-entraînement	1
1	#F8766D	-0.38028382270395	772	sous-entraînement	1
1	#F8766D	-0.380299664502288	773	sous-entraînement	1
1	#F8766D	-0.380315451511575	774	sous-entraînement	1
1	#F8766D	-0.380331183952354	775	sous-entraînement	1
1	#F8766D	-0.380346862044114	776	sous-entraînement	1
1	#F8766D	-0.380362486005301	777	sous-entraînement	1
1	#F8766D	-0.38037805605332	778	sous-entraînement	1
1	#F8766D	-0.380393572404544	779	sous-entraînement	1
1	#F8766D	-0.380409035274318	780	sous-entraînement	1
1	#F8766D	-0.380424444876964	781	sous-entraînement	1
1	#F8766D	-0.380439801425788	782	sous-entraînement	1
1	#F8766D	-0.380455105133087	783	sous-entraînement	1
1	#F8766D	-0.380470356210151	784	sous-entraînement	1
1	#F8766D	-0.380485554867273	785	sous-entraînement	1
1	#F8766D	-0.380500701313751	786	sous-entraînement	1
1	#F8766D	-0.380515795757896	787	sous-entraînement	1
1	#F8766D	-0.380530838407034	788	sous-entraînement	1
1	#F8766D	-0.380545829467517	789	sous-entraînement	1
1	#F8766D	-0.380560769144725	790	sous-entraînement	1
1	#F8766D	-0.38057565764307	791	sous-entraînement	1
1	#F8766D	-0.380590495166005	792	sous-entraînement	1
1	#F8766D	-0.380605281916027	793	sous-entraînement	1
1	#F8766D	-0.380620018094683	794	sous-entraînement	1
1	#F8766D	-0.380634703902574	795	sous-entraînement	1
1	#F8766D	-0.380649339539364	796	sous-entraînement	1
1	#F8766D	-0.380663925203779	797	sous-entraînement	1
1	#F8766D	-0.38067846109362	798	sous-entraînement	1
1	#F8766D	-0.380692947405761	799	sous-entraînement	1
1	#F8766D	-0.380707384336157	800	sous-entraînement	1
1	#F8766D	-0.380721772079851	801	sous-entraînement	1
1	#F8766D	-0.380736110830976	802	sous-entraînement	1
1	#F8766D	-0.380750400782761	803	sous-entraînement	1
1	#F8766D	-0.380764642127536	804	sous-entraînement	1
1	#F8766D	-0.380778835056738	805	sous-entraînement	1
1	#F8766D	-0.380792979760915	806	sous-entraînement	1
1	#F8766D	-0.380807076429729	807	sous-entraînement	1
1	#F8766D	-0.380821125251964	808	sous-entraînement	1
1	#F8766D	-0.380835126415531	809	sous-entraînement	1
1	#F8766D	-0.380849080107469	810	sous-entraînement	1
1	#F8766D	-0.380862986513953	811	sous-entraînement	1
1	#F8766D	-0.380876845820299	812	sous-entraînement	1
1	#F8766D	-0.380890658210964	813	sous-entraînement	1
1	#F8766D	-0.380904423869559	814	sous-entraînement	1
1	#F8766D	-0.380918142978844	815	sous-entraînement	1
1	#F8766D	-0.380931815720742	816	sous-entraînement	1
1	#F8766D	-0.380945442276334	817	sous-entraînement	1
1	#F8766D	-0.380959022825874	818	sous-entraînement	1
1	#F8766D	-0.380972557548783	819	sous-entraînement	1
1	#F8766D	-0.380986046623662	820	sous-entraînement	1
1	#F8766D	-0.380999490228292	821	sous-entraînement	1
1	#F8766D	-0.381012888539639	822	sous-entraînement	1
1	#F8766D	-0.381026241733859	823	sous-entraînement	1
1	#F8766D	-0.381039549986302	824	sous-entraînement	1
1	#F8766D	-0.381052813471517	825	sous-entraînement	1
1	#F8766D	-0.381066032363256	826	sous-entraînement	1
1	#F8766D	-0.381079206834479	827	sous-entraînement	1
1	#F8766D	-0.381092337057354	828	sous-entraînement	1
1	#F8766D	-0.38110542320327	829	sous-entraînement	1
1	#F8766D	-0.381118465442831	830	sous-entraînement	1
1	#F8766D	-0.381131463945867	831	sous-entraînement	1
1	#F8766D	-0.381144418881439	832	sous-entraînement	1
1	#F8766D	-0.381157330417835	833	sous-entraînement	1
1	#F8766D	-0.381170198722583	834	sous-entraînement	1
1	#F8766D	-0.381183023962452	835	sous-entraînement	1
1	#F8766D	-0.381195806303453	836	sous-entraînement	1
1	#F8766D	-0.381208545910848	837	sous-entraînement	1
1	#F8766D	-0.381221242949152	838	sous-entraînement	1
1	#F8766D	-0.381233897582134	839	sous-entraînement	1
1	#F8766D	-0.381246509972825	840	sous-entraînement	1
1	#F8766D	-0.381259080283522	841	sous-entraînement	1
1	#F8766D	-0.381271608675789	842	sous-entraînement	1
1	#F8766D	-0.381284095310463	843	sous-entraînement	1
1	#F8766D	-0.381296540347655	844	sous-entraînement	1
1	#F8766D	-0.38130894394676	845	sous-entraînement	1
1	#F8766D	-0.381321306266453	846	sous-entraînement	1
1	#F8766D	-0.3813336274647	847	sous-entraînement	1
1	#F8766D	-0.381345907698756	848	sous-entraînement	1
1	#F8766D	-0.381358147125171	849	sous-entraînement	1
1	#F8766D	-0.381370345899797	850	sous-entraînement	1
1	#F8766D	-0.381382504177785	851	sous-entraînement	1
1	#F8766D	-0.381394622113594	852	sous-entraînement	1
1	#F8766D	-0.381406699860992	853	sous-entraînement	1
1	#F8766D	-0.381418737573062	854	sous-entraînement	1
1	#F8766D	-0.381430735402203	855	sous-entraînement	1
1	#F8766D	-0.381442693500135	856	sous-entraînement	1
1	#F8766D	-0.381454612017902	857	sous-entraînement	1
1	#F8766D	-0.381466491105876	858	sous-entraînement	1
1	#F8766D	-0.381478330913761	859	sous-entraînement	1
1	#F8766D	-0.381490131590595	860	sous-entraînement	1
1	#F8766D	-0.381501893284755	861	sous-entraînement	1
1	#F8766D	-0.381513616143958	862	sous-entraînement	1
1	#F8766D	-0.381525300315269	863	sous-entraînement	1
1	#F8766D	-0.381536945945099	864	sous-entraînement	1
1	#F8766D	-0.381548553179214	865	sous-entraînement	1
1	#F8766D	-0.381560122162731	866	sous-entraînement	1
1	#F8766D	-0.38157165304013	867	sous-entraînement	1
1	#F8766D	-0.381583145955251	868	sous-entraînement	1
1	#F8766D	-0.3815946010513	869	sous-entraînement	1
1	#F8766D	-0.381606018470851	870	sous-entraînement	1
1	#F8766D	-0.38161739835585	871	sous-entraînement	1
1	#F8766D	-0.381628740847619	872	sous-entraînement	1
1	#F8766D	-0.381640046086858	873	sous-entraînement	1
1	#F8766D	-0.381651314213648	874	sous-entraînement	1
1	#F8766D	-0.381662545367456	875	sous-entraînement	1
1	#F8766D	-0.381673739687135	876	sous-entraînement	1
1	#F8766D	-0.381684897310932	877	sous-entraînement	1
1	#F8766D	-0.381696018376487	878	sous-entraînement	1
1	#F8766D	-0.381707103020835	879	sous-entraînement	1
1	#F8766D	-0.381718151380416	880	sous-entraînement	1
1	#F8766D	-0.38172916359107	881	sous-entraînement	1
1	#F8766D	-0.381740139788045	882	sous-entraînement	1
1	#F8766D	-0.381751080105999	883	sous-entraînement	1
1	#F8766D	-0.381761984679001	884	sous-entraînement	1
1	#F8766D	-0.381772853640538	885	sous-entraînement	1
1	#F8766D	-0.381783687123514	886	sous-entraînement	1
1	#F8766D	-0.381794485260255	887	sous-entraînement	1
1	#F8766D	-0.381805248182514	888	sous-entraînement	1
1	#F8766D	-0.381815976021466	889	sous-entraînement	1
1	#F8766D	-0.381826668907723	890	sous-entraînement	1
1	#F8766D	-0.381837326971325	891	sous-entraînement	1
1	#F8766D	-0.381847950341752	892	sous-entraînement	1
1	#F8766D	-0.381858539147921	893	sous-entraînement	1
1	#F8766D	-0.381869093518191	894	sous-entraînement	1
1	#F8766D	-0.381879613580367	895	sous-entraînement	1
1	#F8766D	-0.381890099461701	896	sous-entraînement	1
1	#F8766D	-0.381900551288896	897	sous-entraînement	1
1	#F8766D	-0.381910969188105	898	sous-entraînement	1
1	#F8766D	-0.381921353284943	899	sous-entraînement	1
1	#F8766D	-0.381931703704477	900	sous-entraînement	1
1	#F8766D	-0.381942020571241	901	sous-entraînement	1
1	#F8766D	-0.381952304009229	902	sous-entraînement	1
1	#F8766D	-0.381962554141905	903	sous-entraînement	1
1	#F8766D	-0.381972771092201	904	sous-entraînement	1
1	#F8766D	-0.38198295498252	905	sous-entraînement	1
1	#F8766D	-0.381993105934743	906	sous-entraînement	1
1	#F8766D	-0.382003224070226	907	sous-entraînement	1
1	#F8766D	-0.382013309509806	908	sous-entraînement	1
1	#F8766D	-0.382023362373802	909	sous-entraînement	1
1	#F8766D	-0.38203338278202	910	sous-entraînement	1
1	#F8766D	-0.382043370853752	911	sous-entraînement	1
1	#F8766D	-0.382053326707781	912	sous-entraînement	1
1	#F8766D	-0.382063250462384	913	sous-entraînement	1
1	#F8766D	-0.382073142235332	914	sous-entraînement	1
1	#F8766D	-0.382083002143896	915	sous-entraînement	1
1	#F8766D	-0.382092830304846	916	sous-entraînement	1
1	#F8766D	-0.382102626834455	917	sous-entraînement	1
1	#F8766D	-0.382112391848502	918	sous-entraînement	1
1	#F8766D	-0.382122125462274	919	sous-entraînement	1
1	#F8766D	-0.38213182779057	920	sous-entraînement	1
1	#F8766D	-0.382141498947698	921	sous-entraînement	1
1	#F8766D	-0.382151139047485	922	sous-entraînement	1
1	#F8766D	-0.382160748203273	923	sous-entraînement	1
1	#F8766D	-0.382170326527926	924	sous-entraînement	1
1	#F8766D	-0.38217987413383	925	sous-entraînement	1
1	#F8766D	-0.382189391132895	926	sous-entraînement	1
1	#F8766D	-0.38219887763656	927	sous-entraînement	1
1	#F8766D	-0.38220833375579	928	sous-entraînement	1
1	#F8766D	-0.382217759601085	929	sous-entraînement	1
1	#F8766D	-0.382227155282479	930	sous-entraînement	1
1	#F8766D	-0.38223652090954	931	sous-entraînement	1
1	#F8766D	-0.382245856591377	932	sous-entraînement	1
1	#F8766D	-0.38225516243664	933	sous-entraînement	1
1	#F8766D	-0.38226443855352	934	sous-entraînement	1
1	#F8766D	-0.382273685049755	935	sous-entraînement	1
1	#F8766D	-0.382282902032631	936	sous-entraînement	1
1	#F8766D	-0.382292089608983	937	sous-entraînement	1
1	#F8766D	-0.382301247885199	938	sous-entraînement	1
1	#F8766D	-0.382310376967221	939	sous-entraînement	1
1	#F8766D	-0.382319476960547	940	sous-entraînement	1
1	#F8766D	-0.382328547970235	941	sous-entraînement	1
1	#F8766D	-0.382337590100901	942	sous-entraînement	1
1	#F8766D	-0.382346603456727	943	sous-entraînement	1
1	#F8766D	-0.382355588141458	944	sous-entraînement	1
1	#F8766D	-0.382364544258409	945	sous-entraînement	1
1	#F8766D	-0.38237347191046	946	sous-entraînement	1
1	#F8766D	-0.382382371200066	947	sous-entraînement	1
1	#F8766D	-0.382391242229253	948	sous-entraînement	1
1	#F8766D	-0.382400085099626	949	sous-entraînement	1
1	#F8766D	-0.382408899912363	950	sous-entraînement	1
1	#F8766D	-0.382417686768226	951	sous-entraînement	1
1	#F8766D	-0.382426445767556	952	sous-entraînement	1
1	#F8766D	-0.382435177010278	953	sous-entraînement	1
1	#F8766D	-0.382443880595903	954	sous-entraînement	1
1	#F8766D	-0.382452556623532	955	sous-entraînement	1
1	#F8766D	-0.382461205191851	956	sous-entraînement	1
1	#F8766D	-0.382469826399142	957	sous-entraînement	1
1	#F8766D	-0.382478420343279	958	sous-entraînement	1
1	#F8766D	-0.382486987121731	959	sous-entraînement	1
1	#F8766D	-0.382495526831566	960	sous-entraînement	1
1	#F8766D	-0.38250403956945	961	sous-entraînement	1
1	#F8766D	-0.382512525431652	962	sous-entraînement	1
1	#F8766D	-0.382520984514043	963	sous-entraînement	1
1	#F8766D	-0.3825294169121	964	sous-entraînement	1
1	#F8766D	-0.382537822720907	965	sous-entraînement	1
1	#F8766D	-0.382546202035157	966	sous-entraînement	1
1	#F8766D	-0.382554554949154	967	sous-entraînement	1
1	#F8766D	-0.382562881556815	968	sous-entraînement	1
1	#F8766D	-0.38257118195167	969	sous-entraînement	1
1	#F8766D	-0.382579456226868	970	sous-entraînement	1
1	#F8766D	-0.382587704475175	971	sous-entraînement	1
1	#F8766D	-0.382595926788977	972	sous-entraînement	1
1	#F8766D	-0.382604123260282	973	sous-entraînement	1
1	#F8766D	-0.382612293980721	974	sous-entraînement	1
1	#F8766D	-0.382620439041553	975	sous-entraînement	1
1	#F8766D	-0.382628558533661	976	sous-entraînement	1
1	#F8766D	-0.382636652547559	977	sous-entraînement	1
1	#F8766D	-0.382644721173393	978	sous-entraînement	1
1	#F8766D	-0.382652764500938	979	sous-entraînement	1
1	#F8766D	-0.382660782619606	980	sous-entraînement	1
1	#F8766D	-0.382668775618444	981	sous-entraînement	1
1	#F8766D	-0.382676743586139	982	sous-entraînement	1
1	#F8766D	-0.382684686611014	983	sous-entraînement	1
1	#F8766D	-0.382692604781035	984	sous-entraînement	1
1	#F8766D	-0.382700498183811	985	sous-entraînement	1
1	#F8766D	-0.382708366906595	986	sous-entraînement	1
1	#F8766D	-0.382716211036288	987	sous-entraînement	1
1	#F8766D	-0.382724030659435	988	sous-entraînement	1
1	#F8766D	-0.382731825862235	989	sous-entraînement	1
1	#F8766D	-0.382739596730535	990	sous-entraînement	1
1	#F8766D	-0.382747343349836	991	sous-entraînement	1
1	#F8766D	-0.382755065805295	992	sous-entraînement	1
1	#F8766D	-0.382762764181722	993	sous-entraînement	1
1	#F8766D	-0.382770438563588	994	sous-entraînement	1
1	#F8766D	-0.382778089035021	995	sous-entraînement	1
1	#F8766D	-0.38278571567981	996	sous-entraînement	1
1	#F8766D	-0.382793318581407	997	sous-entraînement	1
1	#F8766D	-0.38280089782293	998	sous-entraînement	1
1	#F8766D	-0.382808453487159	999	sous-entraînement	1
1	#F8766D	-0.382815985656544	1000	sous-entraînement	1
1	#F8766D	0.10710303037063	1	sous-entraînement	2
1	#F8766D	0.0524421868378934	2	sous-entraînement	2
1	#F8766D	0.0160634097386116	3	sous-entraînement	2
1	#F8766D	0.0719759253485618	4	sous-entraînement	2
1	#F8766D	-0.0134393558419138	5	sous-entraînement	2
1	#F8766D	0.106341353654379	6	sous-entraînement	2
1	#F8766D	-0.168507301247611	7	sous-entraînement	2
1	#F8766D	-0.0617504380535086	8	sous-entraînement	2
1	#F8766D	-0.126087691825004	9	sous-entraînement	2
1	#F8766D	-0.00372693836967714	10	sous-entraînement	2
1	#F8766D	-0.240128203793483	11	sous-entraînement	2
1	#F8766D	-0.148584545553908	12	sous-entraînement	2
1	#F8766D	-0.22674982067494	13	sous-entraînement	2
1	#F8766D	-0.15605180996264	14	sous-entraînement	2
1	#F8766D	-0.262796201596648	15	sous-entraînement	2
1	#F8766D	-0.218151318754892	16	sous-entraînement	2
1	#F8766D	-0.29343304476658	17	sous-entraînement	2
1	#F8766D	-0.266242666200353	18	sous-entraînement	2
1	#F8766D	-0.328399343943216	19	sous-entraînement	2
1	#F8766D	-0.318374665942279	20	sous-entraînement	2
1	#F8766D	-0.363017313749795	21	sous-entraînement	2
1	#F8766D	-0.36619688085986	22	sous-entraînement	2
1	#F8766D	-0.397852953754405	23	sous-entraînement	2
1	#F8766D	-0.40664560407277	24	sous-entraînement	2
1	#F8766D	-0.428425197298784	25	sous-entraînement	2
1	#F8766D	-0.438717752861486	26	sous-entraînement	2
1	#F8766D	-0.452078238354389	27	sous-entraînement	2
1	#F8766D	-0.460461124089183	28	sous-entraînement	2
1	#F8766D	-0.468786471962701	29	sous-entraînement	2
1	#F8766D	-0.476970390953445	30	sous-entraînement	2
1	#F8766D	-0.483803236853959	31	sous-entraînement	2
1	#F8766D	-0.490340450220876	32	sous-entraînement	2
1	#F8766D	-0.497695710106896	33	sous-entraînement	2
1	#F8766D	-0.504666727014007	34	sous-entraînement	2
1	#F8766D	-0.511274650233977	35	sous-entraînement	2
1	#F8766D	-0.516955742494534	36	sous-entraînement	2
1	#F8766D	-0.523391124131024	37	sous-entraînement	2
1	#F8766D	-0.528682429900016	38	sous-entraînement	2
1	#F8766D	-0.53404104236297	39	sous-entraînement	2
1	#F8766D	-0.538731565404635	40	sous-entraînement	2
1	#F8766D	-0.543037779084191	41	sous-entraînement	2
1	#F8766D	-0.547217553492385	42	sous-entraînement	2
1	#F8766D	-0.551457102511355	43	sous-entraînement	2
1	#F8766D	-0.555173049309617	44	sous-entraînement	2
1	#F8766D	-0.558779992552913	45	sous-entraînement	2
1	#F8766D	-0.562278460990054	46	sous-entraînement	2
1	#F8766D	-0.565277941406521	47	sous-entraînement	2
1	#F8766D	-0.568386902641741	48	sous-entraînement	2
1	#F8766D	-0.571229308482733	49	sous-entraînement	2
1	#F8766D	-0.57401095883413	50	sous-entraînement	2
1	#F8766D	-0.576619189373536	51	sous-entraînement	2
1	#F8766D	-0.579051426535641	52	sous-entraînement	2
1	#F8766D	-0.581370461687853	53	sous-entraînement	2
1	#F8766D	-0.583651577559955	54	sous-entraînement	2
1	#F8766D	-0.585947380051077	55	sous-entraînement	2
1	#F8766D	-0.588138343562292	56	sous-entraînement	2
1	#F8766D	-0.590314950931718	57	sous-entraînement	2
1	#F8766D	-0.592486025981352	58	sous-entraînement	2
1	#F8766D	-0.594706601010407	59	sous-entraînement	2
1	#F8766D	-0.597050830966699	60	sous-entraînement	2
1	#F8766D	-0.599366589453739	61	sous-entraînement	2
1	#F8766D	-0.601689884999602	62	sous-entraînement	2
1	#F8766D	-0.603997261028234	63	sous-entraînement	2
1	#F8766D	-0.606295830863268	64	sous-entraînement	2
1	#F8766D	-0.608455473549354	65	sous-entraînement	2
1	#F8766D	-0.610601435841698	66	sous-entraînement	2
1	#F8766D	-0.613047128881607	67	sous-entraînement	2
1	#F8766D	-0.615258845365476	68	sous-entraînement	2
1	#F8766D	-0.617559503230071	69	sous-entraînement	2
1	#F8766D	-0.619825239676955	70	sous-entraînement	2
1	#F8766D	-0.621891297829368	71	sous-entraînement	2
1	#F8766D	-0.624241466039344	72	sous-entraînement	2
1	#F8766D	-0.626187110339153	73	sous-entraînement	2
1	#F8766D	-0.62865685943123	74	sous-entraînement	2
1	#F8766D	-0.630617270111407	75	sous-entraînement	2
1	#F8766D	-0.633097660992879	76	sous-entraînement	2
1	#F8766D	-0.63503285415992	77	sous-entraînement	2
1	#F8766D	-0.637551250210093	78	sous-entraînement	2
1	#F8766D	-0.639481082247198	79	sous-entraînement	2
1	#F8766D	-0.642014763923214	80	sous-entraînement	2
1	#F8766D	-0.643979666454319	81	sous-entraînement	2
1	#F8766D	-0.646539784898226	82	sous-entraînement	2
1	#F8766D	-0.648498762196201	83	sous-entraînement	2
1	#F8766D	-0.651054225938679	84	sous-entraînement	2
1	#F8766D	-0.65304648127738	85	sous-entraînement	2
1	#F8766D	-0.655643543422148	86	sous-entraînement	2
1	#F8766D	-0.657641433292585	87	sous-entraînement	2
1	#F8766D	-0.660217236476827	88	sous-entraînement	2
1	#F8766D	-0.662201922741984	89	sous-entraînement	2
1	#F8766D	-0.664752920133662	90	sous-entraînement	2
1	#F8766D	-0.666739973692876	91	sous-entraînement	2
1	#F8766D	-0.669327668388869	92	sous-entraînement	2
1	#F8766D	-0.671306898638825	93	sous-entraînement	2
1	#F8766D	-0.673794551311747	94	sous-entraînement	2
1	#F8766D	-0.675740675740915	95	sous-entraînement	2
1	#F8766D	-0.678261860275411	96	sous-entraînement	2
1	#F8766D	-0.680192969566097	97	sous-entraînement	2
1	#F8766D	-0.682644403029666	98	sous-entraînement	2
1	#F8766D	-0.6845719051902	99	sous-entraînement	2
1	#F8766D	-0.687065305315002	100	sous-entraînement	2
1	#F8766D	-0.68897703507009	101	sous-entraînement	2
1	#F8766D	-0.69139618187233	102	sous-entraînement	2
1	#F8766D	-0.69329319182028	103	sous-entraînement	2
1	#F8766D	-0.695725394049306	104	sous-entraînement	2
1	#F8766D	-0.697581767652523	105	sous-entraînement	2
1	#F8766D	-0.699992252198524	106	sous-entraînement	2
1	#F8766D	-0.701834569272	107	sous-entraînement	2
1	#F8766D	-0.704226591265165	108	sous-entraînement	2
1	#F8766D	-0.706053849286441	109	sous-entraînement	2
1	#F8766D	-0.708470254592042	110	sous-entraînement	2
1	#F8766D	-0.7102778778345	111	sous-entraînement	2
1	#F8766D	-0.712631038374718	112	sous-entraînement	2
1	#F8766D	-0.714429484864949	113	sous-entraînement	2
1	#F8766D	-0.716789793983829	114	sous-entraînement	2
1	#F8766D	-0.718584287574994	115	sous-entraînement	2
1	#F8766D	-0.720892642428948	116	sous-entraînement	2
1	#F8766D	-0.722711469064052	117	sous-entraînement	2
1	#F8766D	-0.725007685386835	118	sous-entraînement	2
1	#F8766D	-0.726796317352103	119	sous-entraînement	2
1	#F8766D	-0.729032202946202	120	sous-entraînement	2
1	#F8766D	-0.730797892785585	121	sous-entraînement	2
1	#F8766D	-0.733017286505093	122	sous-entraînement	2
1	#F8766D	-0.734825611137189	123	sous-entraînement	2
1	#F8766D	-0.737029457137241	124	sous-entraînement	2
1	#F8766D	-0.738803027040833	125	sous-entraînement	2
1	#F8766D	-0.741001470752028	126	sous-entraînement	2
1	#F8766D	-0.742737021527938	127	sous-entraînement	2
1	#F8766D	-0.744928751707478	128	sous-entraînement	2
1	#F8766D	-0.746633162357969	129	sous-entraînement	2
1	#F8766D	-0.748801697429456	130	sous-entraînement	2
1	#F8766D	-0.75049045232631	131	sous-entraînement	2
1	#F8766D	-0.752665426611532	132	sous-entraînement	2
1	#F8766D	-0.754331312078904	133	sous-entraînement	2
1	#F8766D	-0.756506499165255	134	sous-entraînement	2
1	#F8766D	-0.758137667359212	135	sous-entraînement	2
1	#F8766D	-0.760318808496267	136	sous-entraînement	2
1	#F8766D	-0.76191322654278	137	sous-entraînement	2
1	#F8766D	-0.764114378878932	138	sous-entraînement	2
1	#F8766D	-0.765582648394329	139	sous-entraînement	2
1	#F8766D	-0.767730766239424	140	sous-entraînement	2
1	#F8766D	-0.769299555359867	141	sous-entraînement	2
1	#F8766D	-0.771483149198505	142	sous-entraînement	2
1	#F8766D	-0.773049951442691	143	sous-entraînement	2
1	#F8766D	-0.775210588108922	144	sous-entraînement	2
1	#F8766D	-0.77663981992409	145	sous-entraînement	2
1	#F8766D	-0.778788053470819	146	sous-entraînement	2
1	#F8766D	-0.780324804282304	147	sous-entraînement	2
1	#F8766D	-0.782477328280915	148	sous-entraînement	2
1	#F8766D	-0.78396951891563	149	sous-entraînement	2
1	#F8766D	-0.786077205882244	150	sous-entraînement	2
1	#F8766D	-0.787562618878342	151	sous-entraînement	2
1	#F8766D	-0.78963737118785	152	sous-entraînement	2
1	#F8766D	-0.791149696513554	153	sous-entraînement	2
1	#F8766D	-0.793214352736271	154	sous-entraînement	2
1	#F8766D	-0.794689034635093	155	sous-entraînement	2
1	#F8766D	-0.796692719275189	156	sous-entraînement	2
1	#F8766D	-0.7981934165405	157	sous-entraînement	2
1	#F8766D	-0.800206628248611	158	sous-entraînement	2
1	#F8766D	-0.801696286733946	159	sous-entraînement	2
1	#F8766D	-0.803642520796829	160	sous-entraînement	2
1	#F8766D	-0.805163527710614	161	sous-entraînement	2
1	#F8766D	-0.807072392453164	162	sous-entraînement	2
1	#F8766D	-0.808610947870083	163	sous-entraînement	2
1	#F8766D	-0.810462024596902	164	sous-entraînement	2
1	#F8766D	-0.812025807894961	165	sous-entraînement	2
1	#F8766D	-0.813841810615485	166	sous-entraînement	2
1	#F8766D	-0.815435898233428	167	sous-entraînement	2
1	#F8766D	-0.817186596691174	168	sous-entraînement	2
1	#F8766D	-0.818812252949391	169	sous-entraînement	2
1	#F8766D	-0.820527873953495	170	sous-entraînement	2
1	#F8766D	-0.82215965713776	171	sous-entraînement	2
1	#F8766D	-0.82378101707772	172	sous-entraînement	2
1	#F8766D	-0.82547263037847	173	sous-entraînement	2
1	#F8766D	-0.827016299123616	174	sous-entraînement	2
1	#F8766D	-0.828749763129103	175	sous-entraînement	2
1	#F8766D	-0.830284636348974	176	sous-entraînement	2
1	#F8766D	-0.832062505507765	177	sous-entraînement	2
1	#F8766D	-0.833525460348612	178	sous-entraînement	2
1	#F8766D	-0.835325202631933	179	sous-entraînement	2
1	#F8766D	-0.836739321782764	180	sous-entraînement	2
1	#F8766D	-0.838556263149378	181	sous-entraînement	2
1	#F8766D	-0.839912211260875	182	sous-entraînement	2
1	#F8766D	-0.841788527702408	183	sous-entraînement	2
1	#F8766D	-0.843056969564273	184	sous-entraînement	2
1	#F8766D	-0.844990607508026	185	sous-entraînement	2
1	#F8766D	-0.846183577678268	186	sous-entraînement	2
1	#F8766D	-0.848136767465921	187	sous-entraînement	2
1	#F8766D	-0.849207595045377	188	sous-entraînement	2
1	#F8766D	-0.851286956604082	189	sous-entraînement	2
1	#F8766D	-0.852330656755232	190	sous-entraînement	2
1	#F8766D	-0.854434307320869	191	sous-entraînement	2
1	#F8766D	-0.855578949712179	192	sous-entraînement	2
1	#F8766D	-0.857732985087279	193	sous-entraînement	2
1	#F8766D	-0.859380291100011	194	sous-entraînement	2
1	#F8766D	-0.860741978941264	195	sous-entraînement	2
1	#F8766D	-0.862687928900435	196	sous-entraînement	2
1	#F8766D	-0.864129876896651	197	sous-entraînement	2
1	#F8766D	-0.865546694109662	198	sous-entraînement	2
1	#F8766D	-0.867443576228544	199	sous-entraînement	2
1	#F8766D	-0.868920143893748	200	sous-entraînement	2
1	#F8766D	-0.870237391101421	201	sous-entraînement	2
1	#F8766D	-0.871956042065707	202	sous-entraînement	2
1	#F8766D	-0.873325085582567	203	sous-entraînement	2
1	#F8766D	-0.874691567654559	204	sous-entraînement	2
1	#F8766D	-0.876278799032838	205	sous-entraînement	2
1	#F8766D	-0.877717986483006	206	sous-entraînement	2
1	#F8766D	-0.879155707106835	207	sous-entraînement	2
1	#F8766D	-0.880964169797613	208	sous-entraînement	2
1	#F8766D	-0.881504259653214	209	sous-entraînement	2
1	#F8766D	-0.883681339313829	210	sous-entraînement	2
1	#F8766D	-0.885269539989555	211	sous-entraînement	2
1	#F8766D	-0.886306911381398	212	sous-entraînement	2
1	#F8766D	-0.88814736995869	213	sous-entraînement	2
1	#F8766D	-0.889387298392072	214	sous-entraînement	2
1	#F8766D	-0.890669302684492	215	sous-entraînement	2
1	#F8766D	-0.892440398954375	216	sous-entraînement	2
1	#F8766D	-0.893380786887722	217	sous-entraînement	2
1	#F8766D	-0.895053808070964	218	sous-entraînement	2
1	#F8766D	-0.896592579052835	219	sous-entraînement	2
1	#F8766D	-0.897771704370469	220	sous-entraînement	2
1	#F8766D	-0.89937795340311	221	sous-entraînement	2
1	#F8766D	-0.900673103963446	222	sous-entraînement	2
1	#F8766D	-0.901996236969548	223	sous-entraînement	2
1	#F8766D	-0.903553286785483	224	sous-entraînement	2
1	#F8766D	-0.904060554478234	225	sous-entraînement	2
1	#F8766D	-0.906256804339914	226	sous-entraînement	2
1	#F8766D	-0.907643775992455	227	sous-entraînement	2
1	#F8766D	-0.908747208927692	228	sous-entraînement	2
1	#F8766D	-0.910568126892632	229	sous-entraînement	2
1	#F8766D	-0.911579581830525	230	sous-entraînement	2
1	#F8766D	-0.912892107915476	231	sous-entraînement	2
1	#F8766D	-0.914569821706705	232	sous-entraînement	2
1	#F8766D	-0.914955045662493	233	sous-entraînement	2
1	#F8766D	-0.917116229973502	234	sous-entraînement	2
1	#F8766D	-0.918655862973101	235	sous-entraînement	2
1	#F8766D	-0.919498244246491	236	sous-entraînement	2
1	#F8766D	-0.921258995648558	237	sous-entraînement	2
1	#F8766D	-0.922494506348561	238	sous-entraînement	2
1	#F8766D	-0.923550043763321	239	sous-entraînement	2
1	#F8766D	-0.925258886593262	240	sous-entraînement	2
1	#F8766D	-0.926379079831151	241	sous-entraînement	2
1	#F8766D	-0.927604324303009	242	sous-entraînement	2
1	#F8766D	-0.929186407161773	243	sous-entraînement	2
1	#F8766D	-0.930257592213259	244	sous-entraînement	2
1	#F8766D	-0.931551456889127	245	sous-entraînement	2
1	#F8766D	-0.932923403426838	246	sous-entraînement	2
1	#F8766D	-0.933360381260796	247	sous-entraînement	2
1	#F8766D	-0.935443686012308	248	sous-entraînement	2
1	#F8766D	-0.936924441980075	249	sous-entraînement	2
1	#F8766D	-0.93768218289177	250	sous-entraînement	2
1	#F8766D	-0.939299847096006	251	sous-entraînement	2
1	#F8766D	-0.940503999539935	252	sous-entraînement	2
1	#F8766D	-0.941160069239075	253	sous-entraînement	2
1	#F8766D	-0.943266919063994	254	sous-entraînement	2
1	#F8766D	-0.944480647320309	255	sous-entraînement	2
1	#F8766D	-0.945476566897912	256	sous-entraînement	2
1	#F8766D	-0.947203962654886	257	sous-entraînement	2
1	#F8766D	-0.948184783977711	258	sous-entraînement	2
1	#F8766D	-0.949229664976248	259	sous-entraînement	2
1	#F8766D	-0.950915510897313	260	sous-entraînement	2
1	#F8766D	-0.952020054560242	261	sous-entraînement	2
1	#F8766D	-0.95266232853848	262	sous-entraînement	2
1	#F8766D	-0.954636423001039	263	sous-entraînement	2
1	#F8766D	-0.955220938233395	264	sous-entraînement	2
1	#F8766D	-0.956864709044672	265	sous-entraînement	2
1	#F8766D	-0.958350053242396	266	sous-entraînement	2
1	#F8766D	-0.959015371120874	267	sous-entraînement	2
1	#F8766D	-0.960567143037195	268	sous-entraînement	2
1	#F8766D	-0.961895115705039	269	sous-entraînement	2
1	#F8766D	-0.96268231438028	270	sous-entraînement	2
1	#F8766D	-0.964009456291327	271	sous-entraînement	2
1	#F8766D	-0.965564608239999	272	sous-entraînement	2
1	#F8766D	-0.966314951893634	273	sous-entraînement	2
1	#F8766D	-0.967599194368777	274	sous-entraînement	2
1	#F8766D	-0.969112084106821	275	sous-entraînement	2
1	#F8766D	-0.969996482729185	276	sous-entraînement	2
1	#F8766D	-0.971184466818797	277	sous-entraînement	2
1	#F8766D	-0.972480911487302	278	sous-entraînement	2
1	#F8766D	-0.973689281638813	279	sous-entraînement	2
1	#F8766D	-0.974721308957033	280	sous-entraînement	2
1	#F8766D	-0.97604873017471	281	sous-entraînement	2
1	#F8766D	-0.977194894166029	282	sous-entraînement	2
1	#F8766D	-0.978173051048613	283	sous-entraînement	2
1	#F8766D	-0.97959212684469	284	sous-entraînement	2
1	#F8766D	-0.980739498047318	285	sous-entraînement	2
1	#F8766D	-0.981588420309112	286	sous-entraînement	2
1	#F8766D	-0.983064094691249	287	sous-entraînement	2
1	#F8766D	-0.984180676999859	288	sous-entraînement	2
1	#F8766D	-0.985001707125498	289	sous-entraînement	2
1	#F8766D	-0.986510395260585	290	sous-entraînement	2
1	#F8766D	-0.987804210432902	291	sous-entraînement	2
1	#F8766D	-0.988693646310385	292	sous-entraînement	2
1	#F8766D	-0.990372109165694	293	sous-entraînement	2
1	#F8766D	-0.991613790674305	294	sous-entraînement	2
1	#F8766D	-0.992443943424974	295	sous-entraînement	2
1	#F8766D	-0.994132032560796	296	sous-entraînement	2
1	#F8766D	-0.995325033685808	297	sous-entraînement	2
1	#F8766D	-0.996099858956996	298	sous-entraînement	2
1	#F8766D	-0.997534461273002	299	sous-entraînement	2
1	#F8766D	-0.999117941714109	300	sous-entraînement	2
1	#F8766D	-1.00014759947551	301	sous-entraînement	2
1	#F8766D	-1.00120205617867	302	sous-entraînement	2
1	#F8766D	-1.00283049160378	303	sous-entraînement	2
1	#F8766D	-1.00394889081044	304	sous-entraînement	2
1	#F8766D	-1.00475806119433	305	sous-entraînement	2
1	#F8766D	-1.0064165382257	306	sous-entraînement	2
1	#F8766D	-1.00767355887659	307	sous-entraînement	2
1	#F8766D	-1.00787718491197	308	sous-entraînement	2
1	#F8766D	-1.00978222061416	309	sous-entraînement	2
1	#F8766D	-1.01117724534445	310	sous-entraînement	2
1	#F8766D	-1.01186319519562	311	sous-entraînement	2
1	#F8766D	-1.01260458498639	312	sous-entraînement	2
1	#F8766D	-1.01451083163023	313	sous-entraînement	2
1	#F8766D	-1.01571725576459	314	sous-entraînement	2
1	#F8766D	-1.01596286378615	315	sous-entraînement	2
1	#F8766D	-1.01787659087484	316	sous-entraînement	2
1	#F8766D	-1.01925435287256	317	sous-entraînement	2
1	#F8766D	-1.01989835430336	318	sous-entraînement	2
1	#F8766D	-1.02053018539383	319	sous-entraînement	2
1	#F8766D	-1.02245968756269	320	sous-entraînement	2
1	#F8766D	-1.02401218775108	321	sous-entraînement	2
1	#F8766D	-1.02497145475562	322	sous-entraînement	2
1	#F8766D	-1.02675376310651	323	sous-entraînement	2
1	#F8766D	-1.02846867644477	324	sous-entraînement	2
1	#F8766D	-1.02963393010009	325	sous-entraînement	2
1	#F8766D	-1.03082767002424	326	sous-entraînement	2
1	#F8766D	-1.03262353936688	327	sous-entraînement	2
1	#F8766D	-1.03405645379419	328	sous-entraînement	2
1	#F8766D	-1.03508023072781	329	sous-entraînement	2
1	#F8766D	-1.03653932896934	330	sous-entraînement	2
1	#F8766D	-1.03834391952194	331	sous-entraînement	2
1	#F8766D	-1.03938094533213	332	sous-entraînement	2
1	#F8766D	-1.04049896830756	333	sous-entraînement	2
1	#F8766D	-1.04194790420767	334	sous-entraînement	2
1	#F8766D	-1.04369203062733	335	sous-entraînement	2
1	#F8766D	-1.04451016694342	336	sous-entraînement	2
1	#F8766D	-1.04584979080387	337	sous-entraînement	2
1	#F8766D	-1.04743210368926	338	sous-entraînement	2
1	#F8766D	-1.04864388064113	339	sous-entraînement	2
1	#F8766D	-1.04966496110267	340	sous-entraînement	2
1	#F8766D	-1.05106066573823	341	sous-entraînement	2
1	#F8766D	-1.05254009458963	342	sous-entraînement	2
1	#F8766D	-1.05355327548914	343	sous-entraînement	2
1	#F8766D	-1.05466655292115	344	sous-entraînement	2
1	#F8766D	-1.05619532016635	345	sous-entraînement	2
1	#F8766D	-1.05758199560201	346	sous-entraînement	2
1	#F8766D	-1.05850029155818	347	sous-entraînement	2
1	#F8766D	-1.05975892284947	348	sous-entraînement	2
1	#F8766D	-1.06114786395045	349	sous-entraînement	2
1	#F8766D	-1.06257130413241	350	sous-entraînement	2
1	#F8766D	-1.06343115232203	351	sous-entraînement	2
1	#F8766D	-1.06448676976268	352	sous-entraînement	2
1	#F8766D	-1.06609480716745	353	sous-entraînement	2
1	#F8766D	-1.06736954763411	354	sous-entraînement	2
1	#F8766D	-1.06835915297323	355	sous-entraînement	2
1	#F8766D	-1.06933247044776	356	sous-entraînement	2
1	#F8766D	-1.07095286856173	357	sous-entraînement	2
1	#F8766D	-1.07216503058009	358	sous-entraînement	2
1	#F8766D	-1.07317523833875	359	sous-entraînement	2
1	#F8766D	-1.0741214746153	360	sous-entraînement	2
1	#F8766D	-1.07573120443692	361	sous-entraînement	2
1	#F8766D	-1.07686348266669	362	sous-entraînement	2
1	#F8766D	-1.07790112659532	363	sous-entraînement	2
1	#F8766D	-1.07875222417738	364	sous-entraînement	2
1	#F8766D	-1.08032250833456	365	sous-entraînement	2
1	#F8766D	-1.0815962318073	366	sous-entraînement	2
1	#F8766D	-1.08274331753626	367	sous-entraînement	2
1	#F8766D	-1.08350789530303	368	sous-entraînement	2
1	#F8766D	-1.08460364151664	369	sous-entraînement	2
1	#F8766D	-1.08607215826503	370	sous-entraînement	2
1	#F8766D	-1.08734481760768	371	sous-entraînement	2
1	#F8766D	-1.08840003571711	372	sous-entraînement	2
1	#F8766D	-1.08913369206327	373	sous-entraînement	2
1	#F8766D	-1.09022069552068	374	sous-entraînement	2
1	#F8766D	-1.09178489312157	375	sous-entraînement	2
1	#F8766D	-1.09298158563392	376	sous-entraînement	2
1	#F8766D	-1.0939612153741	377	sous-entraînement	2
1	#F8766D	-1.09466050182724	378	sous-entraînement	2
1	#F8766D	-1.09571576200133	379	sous-entraînement	2
1	#F8766D	-1.09731328078753	380	sous-entraînement	2
1	#F8766D	-1.09848530414145	381	sous-entraînement	2
1	#F8766D	-1.0995789882084	382	sous-entraînement	2
1	#F8766D	-1.1003732749739	383	sous-entraînement	2
1	#F8766D	-1.10119470134736	384	sous-entraînement	2
1	#F8766D	-1.10268279752373	385	sous-entraînement	2
1	#F8766D	-1.10392988348785	386	sous-entraînement	2
1	#F8766D	-1.10499398940717	387	sous-entraînement	2
1	#F8766D	-1.10587321016765	388	sous-entraînement	2
1	#F8766D	-1.10653303771756	389	sous-entraînement	2
1	#F8766D	-1.1080627066335	390	sous-entraînement	2
1	#F8766D	-1.10923887631685	391	sous-entraînement	2
1	#F8766D	-1.11036190611013	392	sous-entraînement	2
1	#F8766D	-1.11131434581453	393	sous-entraînement	2
1	#F8766D	-1.1114032632933	394	sous-entraînement	2
1	#F8766D	-1.11327207867744	395	sous-entraînement	2
1	#F8766D	-1.11443200419746	396	sous-entraînement	2
1	#F8766D	-1.11555122549626	397	sous-entraînement	2
1	#F8766D	-1.11645403841702	398	sous-entraînement	2
1	#F8766D	-1.11703593952418	399	sous-entraînement	2
1	#F8766D	-1.11756666327266	400	sous-entraînement	2
1	#F8766D	-1.11896345609327	401	sous-entraînement	2
1	#F8766D	-1.12000234924575	402	sous-entraînement	2
1	#F8766D	-1.12096108125519	403	sous-entraînement	2
1	#F8766D	-1.12168878861497	404	sous-entraînement	2
1	#F8766D	-1.12158681414128	405	sous-entraînement	2
1	#F8766D	-1.12336471949704	406	sous-entraînement	2
1	#F8766D	-1.12437528248871	407	sous-entraînement	2
1	#F8766D	-1.12539925477818	408	sous-entraînement	2
1	#F8766D	-1.12624632131949	409	sous-entraînement	2
1	#F8766D	-1.12647844673303	410	sous-entraînement	2
1	#F8766D	-1.12759681334486	411	sous-entraînement	2
1	#F8766D	-1.12871026819128	412	sous-entraînement	2
1	#F8766D	-1.12971584411087	413	sous-entraînement	2
1	#F8766D	-1.13060650541556	414	sous-entraînement	2
1	#F8766D	-1.13135794294928	415	sous-entraînement	2
1	#F8766D	-1.13172248920853	416	sous-entraînement	2
1	#F8766D	-1.13284695109437	417	sous-entraînement	2
1	#F8766D	-1.13393993536481	418	sous-entraînement	2
1	#F8766D	-1.1348567105212	419	sous-entraînement	2
1	#F8766D	-1.13578940484905	420	sous-entraînement	2
1	#F8766D	-1.13598685508021	421	sous-entraînement	2
1	#F8766D	-1.13695521386202	422	sous-entraînement	2
1	#F8766D	-1.13809005611899	423	sous-entraînement	2
1	#F8766D	-1.13905202669878	424	sous-entraînement	2
1	#F8766D	-1.14004153017106	425	sous-entraînement	2
1	#F8766D	-1.14068577699923	426	sous-entraînement	2
1	#F8766D	-1.14107079091815	427	sous-entraînement	2
1	#F8766D	-1.14210272359892	428	sous-entraînement	2
1	#F8766D	-1.14310225372417	429	sous-entraînement	2
1	#F8766D	-1.1441330911455	430	sous-entraînement	2
1	#F8766D	-1.14509938478407	431	sous-entraînement	2
1	#F8766D	-1.14563151916749	432	sous-entraînement	2
1	#F8766D	-1.14610483868681	433	sous-entraînement	2
1	#F8766D	-1.14714744581142	434	sous-entraînement	2
1	#F8766D	-1.1480856570052	435	sous-entraînement	2
1	#F8766D	-1.14919146824023	436	sous-entraînement	2
1	#F8766D	-1.15018181479284	437	sous-entraînement	2
1	#F8766D	-1.15042879283394	438	sous-entraînement	2
1	#F8766D	-1.15177418490228	439	sous-entraînement	2
1	#F8766D	-1.15276322272805	440	sous-entraînement	2
1	#F8766D	-1.15384719518851	441	sous-entraînement	2
1	#F8766D	-1.15493801516625	442	sous-entraînement	2
1	#F8766D	-1.15572040909796	443	sous-entraînement	2
1	#F8766D	-1.15618477719175	444	sous-entraînement	2
1	#F8766D	-1.15744766752288	445	sous-entraînement	2
1	#F8766D	-1.15841971229945	446	sous-entraînement	2
1	#F8766D	-1.15956203990336	447	sous-entraînement	2
1	#F8766D	-1.16048037070711	448	sous-entraînement	2
1	#F8766D	-1.16073488284144	449	sous-entraînement	2
1	#F8766D	-1.16211300201134	450	sous-entraînement	2
1	#F8766D	-1.16303815008938	451	sous-entraînement	2
1	#F8766D	-1.1640734592041	452	sous-entraînement	2
1	#F8766D	-1.16514327198222	453	sous-entraînement	2
1	#F8766D	-1.16535621696984	454	sous-entraînement	2
1	#F8766D	-1.16666724110339	455	sous-entraînement	2
1	#F8766D	-1.16759877112108	456	sous-entraînement	2
1	#F8766D	-1.16863163731502	457	sous-entraînement	2
1	#F8766D	-1.16959698166311	458	sous-entraînement	2
1	#F8766D	-1.17022039381857	459	sous-entraînement	2
1	#F8766D	-1.17087088452885	460	sous-entraînement	2
1	#F8766D	-1.17206110795299	461	sous-entraînement	2
1	#F8766D	-1.17303535770067	462	sous-entraînement	2
1	#F8766D	-1.17404196198076	463	sous-entraînement	2
1	#F8766D	-1.17480028130455	464	sous-entraînement	2
1	#F8766D	-1.1752585247437	465	sous-entraînement	2
1	#F8766D	-1.17654639606057	466	sous-entraînement	2
1	#F8766D	-1.17734290516114	467	sous-entraînement	2
1	#F8766D	-1.17843891604015	468	sous-entraînement	2
1	#F8766D	-1.1792951769902	469	sous-entraînement	2
1	#F8766D	-1.17950639479284	470	sous-entraînement	2
1	#F8766D	-1.18096733567359	471	sous-entraînement	2
1	#F8766D	-1.18174240618474	472	sous-entraînement	2
1	#F8766D	-1.18272093943411	473	sous-entraînement	2
1	#F8766D	-1.18363597702516	474	sous-entraînement	2
1	#F8766D	-1.18391418049185	475	sous-entraînement	2
1	#F8766D	-1.18521512291927	476	sous-entraînement	2
1	#F8766D	-1.18612235492708	477	sous-entraînement	2
1	#F8766D	-1.18701503655435	478	sous-entraînement	2
1	#F8766D	-1.18791339736169	479	sous-entraînement	2
1	#F8766D	-1.1885394637748	480	sous-entraînement	2
1	#F8766D	-1.18912553202491	481	sous-entraînement	2
1	#F8766D	-1.1903695842293	482	sous-entraînement	2
1	#F8766D	-1.19121369947268	483	sous-entraînement	2
1	#F8766D	-1.19214939867443	484	sous-entraînement	2
1	#F8766D	-1.19288286057742	485	sous-entraînement	2
1	#F8766D	-1.19316673651866	486	sous-entraînement	2
1	#F8766D	-1.19458941534125	487	sous-entraînement	2
1	#F8766D	-1.19540667665978	488	sous-entraînement	2
1	#F8766D	-1.19619327513716	489	sous-entraînement	2
1	#F8766D	-1.19713373869665	490	sous-entraînement	2
1	#F8766D	-1.19701764156622	491	sous-entraînement	2
1	#F8766D	-1.19842060629618	492	sous-entraînement	2
1	#F8766D	-1.19932792104937	493	sous-entraînement	2
1	#F8766D	-1.19989865108388	494	sous-entraînement	2
1	#F8766D	-1.20081839643446	495	sous-entraînement	2
1	#F8766D	-1.20128092702193	496	sous-entraînement	2
1	#F8766D	-1.20167135373396	497	sous-entraînement	2
1	#F8766D	-1.20292195418357	498	sous-entraînement	2
1	#F8766D	-1.20375582726505	499	sous-entraînement	2
1	#F8766D	-1.20439157180165	500	sous-entraînement	2
1	#F8766D	-1.2051531565241	501	sous-entraînement	2
1	#F8766D	-1.20525307529445	502	sous-entraînement	2
1	#F8766D	-1.20652047120907	503	sous-entraînement	2
1	#F8766D	-1.20734262163767	504	sous-entraînement	2
1	#F8766D	-1.20812411546696	505	sous-entraînement	2
1	#F8766D	-1.20883701336283	506	sous-entraînement	2
1	#F8766D	-1.20939724458257	507	sous-entraînement	2
1	#F8766D	-1.20960199200636	508	sous-entraînement	2
1	#F8766D	-1.21091684371169	509	sous-entraînement	2
1	#F8766D	-1.21165108240117	510	sous-entraînement	2
1	#F8766D	-1.21243002925564	511	sous-entraînement	2
1	#F8766D	-1.21313948136092	512	sous-entraînement	2
1	#F8766D	-1.21368784195246	513	sous-entraînement	2
1	#F8766D	-1.2138619855086	514	sous-entraînement	2
1	#F8766D	-1.21517362761995	515	sous-entraînement	2
1	#F8766D	-1.21595720461753	516	sous-entraînement	2
1	#F8766D	-1.21669184333633	517	sous-entraînement	2
1	#F8766D	-1.21734286948621	518	sous-entraînement	2
1	#F8766D	-1.21800376406286	519	sous-entraînement	2
1	#F8766D	-1.21805817925689	520	sous-entraînement	2
1	#F8766D	-1.21930076054413	521	sous-entraînement	2
1	#F8766D	-1.22019586408146	522	sous-entraînement	2
1	#F8766D	-1.220980121547	523	sous-entraînement	2
1	#F8766D	-1.22155818226331	524	sous-entraînement	2
1	#F8766D	-1.22229615700212	525	sous-entraînement	2
1	#F8766D	-1.22271098405889	526	sous-entraînement	2
1	#F8766D	-1.22314764660819	527	sous-entraînement	2
1	#F8766D	-1.22423667876781	528	sous-entraînement	2
1	#F8766D	-1.22511046089251	529	sous-entraînement	2
1	#F8766D	-1.22591867704705	530	sous-entraînement	2
1	#F8766D	-1.22651247919815	531	sous-entraînement	2
1	#F8766D	-1.22692541749427	532	sous-entraînement	2
1	#F8766D	-1.22719391829758	533	sous-entraînement	2
1	#F8766D	-1.22847438046015	534	sous-entraînement	2
1	#F8766D	-1.22931639156654	535	sous-entraînement	2
1	#F8766D	-1.23006094625324	536	sous-entraînement	2
1	#F8766D	-1.23061663309904	537	sous-entraînement	2
1	#F8766D	-1.23133650534707	538	sous-entraînement	2
1	#F8766D	-1.23153797290877	539	sous-entraînement	2
1	#F8766D	-1.23211561213476	540	sous-entraînement	2
1	#F8766D	-1.23319872108568	541	sous-entraînement	2
1	#F8766D	-1.23400613720034	542	sous-entraînement	2
1	#F8766D	-1.23478568015952	543	sous-entraînement	2
1	#F8766D	-1.23541915153246	544	sous-entraînement	2
1	#F8766D	-1.23602306894396	545	sous-entraînement	2
1	#F8766D	-1.2361492046501	546	sous-entraînement	2
1	#F8766D	-1.23677090575089	547	sous-entraînement	2
1	#F8766D	-1.23793672215598	548	sous-entraînement	2
1	#F8766D	-1.23867307181187	549	sous-entraînement	2
1	#F8766D	-1.23933711831586	550	sous-entraînement	2
1	#F8766D	-1.24003379683675	551	sous-entraînement	2
1	#F8766D	-1.24067249686037	552	sous-entraînement	2
1	#F8766D	-1.24092072491439	553	sous-entraînement	2
1	#F8766D	-1.24126453443084	554	sous-entraînement	2
1	#F8766D	-1.24250025093132	555	sous-entraînement	2
1	#F8766D	-1.24327781111211	556	sous-entraînement	2
1	#F8766D	-1.24397293133327	557	sous-entraînement	2
1	#F8766D	-1.24463329934347	558	sous-entraînement	2
1	#F8766D	-1.24526120170582	559	sous-entraînement	2
1	#F8766D	-1.24587705393481	560	sous-entraînement	2
1	#F8766D	-1.24586938215792	561	sous-entraînement	2
1	#F8766D	-1.24701055215014	562	sous-entraînement	2
1	#F8766D	-1.24777359284256	563	sous-entraînement	2
1	#F8766D	-1.24853318453612	564	sous-entraînement	2
1	#F8766D	-1.24924411896243	565	sous-entraînement	2
1	#F8766D	-1.24986619765458	566	sous-entraînement	2
1	#F8766D	-1.25034908591431	567	sous-entraînement	2
1	#F8766D	-1.25057974205422	568	sous-entraînement	2
1	#F8766D	-1.2511508164799	569	sous-entraînement	2
1	#F8766D	-1.2522697399974	570	sous-entraînement	2
1	#F8766D	-1.25290943674117	571	sous-entraînement	2
1	#F8766D	-1.25365825946565	572	sous-entraînement	2
1	#F8766D	-1.2543900451832	573	sous-entraînement	2
1	#F8766D	-1.254992571202	574	sous-entraînement	2
1	#F8766D	-1.25549103250803	575	sous-entraînement	2
1	#F8766D	-1.25549586385519	576	sous-entraînement	2
1	#F8766D	-1.25670613016584	577	sous-entraînement	2
1	#F8766D	-1.25742079220234	578	sous-entraînement	2
1	#F8766D	-1.25803627521697	579	sous-entraînement	2
1	#F8766D	-1.2587703332944	580	sous-entraînement	2
1	#F8766D	-1.25948906212265	581	sous-entraînement	2
1	#F8766D	-1.26005570498246	582	sous-entraînement	2
1	#F8766D	-1.26050172587803	583	sous-entraînement	2
1	#F8766D	-1.26057606202517	584	sous-entraînement	2
1	#F8766D	-1.26177559691274	585	sous-entraînement	2
1	#F8766D	-1.26248543006789	586	sous-entraînement	2
1	#F8766D	-1.26308313444052	587	sous-entraînement	2
1	#F8766D	-1.26380831513171	588	sous-entraînement	2
1	#F8766D	-1.26451861055373	589	sous-entraînement	2
1	#F8766D	-1.26508698470191	590	sous-entraînement	2
1	#F8766D	-1.26551231336665	591	sous-entraînement	2
1	#F8766D	-1.2655803674939	592	sous-entraînement	2
1	#F8766D	-1.26677747327987	593	sous-entraînement	2
1	#F8766D	-1.26748778572434	594	sous-entraînement	2
1	#F8766D	-1.26814143887729	595	sous-entraînement	2
1	#F8766D	-1.26875774746136	596	sous-entraînement	2
1	#F8766D	-1.26946120984215	597	sous-entraînement	2
1	#F8766D	-1.26999374228594	598	sous-entraînement	2
1	#F8766D	-1.27025950457175	599	sous-entraînement	2
1	#F8766D	-1.27058728824891	600	sous-entraînement	2
1	#F8766D	-1.27168472219757	601	sous-entraînement	2
1	#F8766D	-1.27240429745788	602	sous-entraînement	2
1	#F8766D	-1.27310536094431	603	sous-entraînement	2
1	#F8766D	-1.2737779560192	604	sous-entraînement	2
1	#F8766D	-1.27442233103725	605	sous-entraînement	2
1	#F8766D	-1.27490095143495	606	sous-entraînement	2
1	#F8766D	-1.27540210480115	607	sous-entraînement	2
1	#F8766D	-1.27546616556157	608	sous-entraînement	2
1	#F8766D	-1.27662998468402	609	sous-entraînement	2
1	#F8766D	-1.27729893815325	610	sous-entraînement	2
1	#F8766D	-1.27789921654867	611	sous-entraînement	2
1	#F8766D	-1.2786017834158	612	sous-entraînement	2
1	#F8766D	-1.27928706283948	613	sous-entraînement	2
1	#F8766D	-1.27987460353182	614	sous-entraînement	2
1	#F8766D	-1.28037393003706	615	sous-entraînement	2
1	#F8766D	-1.2801759419878	616	sous-entraînement	2
1	#F8766D	-1.28143220200985	617	sous-entraînement	2
1	#F8766D	-1.28214857915091	618	sous-entraînement	2
1	#F8766D	-1.28281080345677	619	sous-entraînement	2
1	#F8766D	-1.28346815598088	620	sous-entraînement	2
1	#F8766D	-1.28407670382636	621	sous-entraînement	2
1	#F8766D	-1.28461453530933	622	sous-entraînement	2
1	#F8766D	-1.28516769788449	623	sous-entraînement	2
1	#F8766D	-1.28509192294869	624	sous-entraînement	2
1	#F8766D	-1.28624799842277	625	sous-entraînement	2
1	#F8766D	-1.28685418921504	626	sous-entraînement	2
1	#F8766D	-1.28753963887618	627	sous-entraînement	2
1	#F8766D	-1.28821862242803	628	sous-entraînement	2
1	#F8766D	-1.28887612116562	629	sous-entraînement	2
1	#F8766D	-1.28945486227398	630	sous-entraînement	2
1	#F8766D	-1.28986969085163	631	sous-entraînement	2
1	#F8766D	-1.29004491103645	632	sous-entraînement	2
1	#F8766D	-1.29053899891109	633	sous-entraînement	2
1	#F8766D	-1.29164482889925	634	sous-entraînement	2
1	#F8766D	-1.29228248063695	635	sous-entraînement	2
1	#F8766D	-1.29286099768502	636	sous-entraînement	2
1	#F8766D	-1.29353387214127	637	sous-entraînement	2
1	#F8766D	-1.29419682018627	638	sous-entraînement	2
1	#F8766D	-1.29476789213027	639	sous-entraînement	2
1	#F8766D	-1.29523667562422	640	sous-entraînement	2
1	#F8766D	-1.29508281831135	641	sous-entraînement	2
1	#F8766D	-1.29624275308372	642	sous-entraînement	2
1	#F8766D	-1.29694017391494	643	sous-entraînement	2
1	#F8766D	-1.29760716529477	644	sous-entraînement	2
1	#F8766D	-1.29823768080056	645	sous-entraînement	2
1	#F8766D	-1.29885838095763	646	sous-entraînement	2
1	#F8766D	-1.29936390176732	647	sous-entraînement	2
1	#F8766D	-1.2998891861498	648	sous-entraînement	2
1	#F8766D	-1.30002303380743	649	sous-entraînement	2
1	#F8766D	-1.30046366872444	650	sous-entraînement	2
1	#F8766D	-1.30155480530833	651	sous-entraînement	2
1	#F8766D	-1.30213569427809	652	sous-entraînement	2
1	#F8766D	-1.30279492425258	653	sous-entraînement	2
1	#F8766D	-1.30344895795687	654	sous-entraînement	2
1	#F8766D	-1.30408117755713	655	sous-entraînement	2
1	#F8766D	-1.30462523835387	656	sous-entraînement	2
1	#F8766D	-1.30500598097992	657	sous-entraînement	2
1	#F8766D	-1.30494388050533	658	sous-entraînement	2
1	#F8766D	-1.30611550446279	659	sous-entraînement	2
1	#F8766D	-1.30677738002921	660	sous-entraînement	2
1	#F8766D	-1.30742125230139	661	sous-entraînement	2
1	#F8766D	-1.30799110205775	662	sous-entraînement	2
1	#F8766D	-1.30855857182859	663	sous-entraînement	2
1	#F8766D	-1.3091905697642	664	sous-entraînement	2
1	#F8766D	-1.30967851308209	665	sous-entraînement	2
1	#F8766D	-1.3098227106078	666	sous-entraînement	2
1	#F8766D	-1.3101785258239	667	sous-entraînement	2
1	#F8766D	-1.31121130248126	668	sous-entraînement	2
1	#F8766D	-1.3118786764757	669	sous-entraînement	2
1	#F8766D	-1.31253178354391	670	sous-entraînement	2
1	#F8766D	-1.31313680637821	671	sous-entraînement	2
1	#F8766D	-1.31374728222233	672	sous-entraînement	2
1	#F8766D	-1.31432791872044	673	sous-entraînement	2
1	#F8766D	-1.31467234405579	674	sous-entraînement	2
1	#F8766D	-1.31477418764546	675	sous-entraînement	2
1	#F8766D	-1.31527346155723	676	sous-entraînement	2
1	#F8766D	-1.31635524335035	677	sous-entraînement	2
1	#F8766D	-1.31699145336482	678	sous-entraînement	2
1	#F8766D	-1.31759799506265	679	sous-entraînement	2
1	#F8766D	-1.31811305164217	680	sous-entraînement	2
1	#F8766D	-1.31875033687204	681	sous-entraînement	2
1	#F8766D	-1.31935146370453	682	sous-entraînement	2
1	#F8766D	-1.31981059191107	683	sous-entraînement	2
1	#F8766D	-1.31985454711219	684	sous-entraînement	2
1	#F8766D	-1.32027235616135	685	sous-entraînement	2
1	#F8766D	-1.32131271877892	686	sous-entraînement	2
1	#F8766D	-1.32196552050072	687	sous-entraînement	2
1	#F8766D	-1.32260516325141	688	sous-entraînement	2
1	#F8766D	-1.32319493721805	689	sous-entraînement	2
1	#F8766D	-1.32378998867272	690	sous-entraînement	2
1	#F8766D	-1.32436337182824	691	sous-entraînement	2
1	#F8766D	-1.32469340147194	692	sous-entraînement	2
1	#F8766D	-1.32475260254944	693	sous-entraînement	2
1	#F8766D	-1.32526407887783	694	sous-entraînement	2
1	#F8766D	-1.32633741773633	695	sous-entraînement	2
1	#F8766D	-1.3269617437942	696	sous-entraînement	2
1	#F8766D	-1.3275664867997	697	sous-entraînement	2
1	#F8766D	-1.32806443231022	698	sous-entraînement	2
1	#F8766D	-1.32868246765105	699	sous-entraînement	2
1	#F8766D	-1.32929262817133	700	sous-entraînement	2
1	#F8766D	-1.32971975919537	701	sous-entraînement	2
1	#F8766D	-1.32975808311216	702	sous-entraînement	2
1	#F8766D	-1.33017287126292	703	sous-entraînement	2
1	#F8766D	-1.33118447307702	704	sous-entraînement	2
1	#F8766D	-1.33182592288858	705	sous-entraînement	2
1	#F8766D	-1.33245598142997	706	sous-entraînement	2
1	#F8766D	-1.33304854251183	707	sous-entraînement	2
1	#F8766D	-1.33362710368226	708	sous-entraînement	2
1	#F8766D	-1.3341569351977	709	sous-entraînement	2
1	#F8766D	-1.33460920684797	710	sous-entraînement	2
1	#F8766D	-1.33493176367745	711	sous-entraînement	2
1	#F8766D	-1.3349713348706	712	sous-entraînement	2
1	#F8766D	-1.33609447021743	713	sous-entraînement	2
1	#F8766D	-1.33671163141935	714	sous-entraînement	2
1	#F8766D	-1.33722930083288	715	sous-entraînement	2
1	#F8766D	-1.33783983746205	716	sous-entraînement	2
1	#F8766D	-1.33843928741543	717	sous-entraînement	2
1	#F8766D	-1.33902441551609	718	sous-entraînement	2
1	#F8766D	-1.33953697980914	719	sous-entraînement	2
1	#F8766D	-1.3398605440845	720	sous-entraînement	2
1	#F8766D	-1.33966364453068	721	sous-entraînement	2
1	#F8766D	-1.34088045992075	722	sous-entraînement	2
1	#F8766D	-1.34150695023458	723	sous-entraînement	2
1	#F8766D	-1.34210499852354	724	sous-entraînement	2
1	#F8766D	-1.34266975073807	725	sous-entraînement	2
1	#F8766D	-1.3432296592047	726	sous-entraînement	2
1	#F8766D	-1.34368302637778	727	sous-entraînement	2
1	#F8766D	-1.34424700969007	728	sous-entraînement	2
1	#F8766D	-1.34471367951866	729	sous-entraînement	2
1	#F8766D	-1.34481843648397	730	sous-entraînement	2
1	#F8766D	-1.34510871637632	731	sous-entraînement	2
1	#F8766D	-1.34614504069039	732	sous-entraînement	2
1	#F8766D	-1.34668322619451	733	sous-entraînement	2
1	#F8766D	-1.34729357016589	734	sous-entraînement	2
1	#F8766D	-1.34788791414807	735	sous-entraînement	2
1	#F8766D	-1.34842853855995	736	sous-entraînement	2
1	#F8766D	-1.3489766250413	737	sous-entraînement	2
1	#F8766D	-1.34952334765425	738	sous-entraînement	2
1	#F8766D	-1.34998425622447	739	sous-entraînement	2
1	#F8766D	-1.35035869738027	740	sous-entraînement	2
1	#F8766D	-1.35019813962104	741	sous-entraînement	2
1	#F8766D	-1.35130860978912	742	sous-entraînement	2
1	#F8766D	-1.35190544712652	743	sous-entraînement	2
1	#F8766D	-1.35249010649001	744	sous-entraînement	2
1	#F8766D	-1.35303330236416	745	sous-entraînement	2
1	#F8766D	-1.35350763019789	746	sous-entraînement	2
1	#F8766D	-1.35407905193798	747	sous-entraînement	2
1	#F8766D	-1.35463783325451	748	sous-entraînement	2
1	#F8766D	-1.35517838867726	749	sous-entraînement	2
1	#F8766D	-1.35565587633346	750	sous-entraînement	2
1	#F8766D	-1.35607068412821	751	sous-entraînement	2
1	#F8766D	-1.35606285029117	752	sous-entraînement	2
1	#F8766D	-1.35645768394954	753	sous-entraînement	2
1	#F8766D	-1.35749809038773	754	sous-entraînement	2
1	#F8766D	-1.35807619166292	755	sous-entraînement	2
1	#F8766D	-1.35864786688277	756	sous-entraînement	2
1	#F8766D	-1.3591656702263	757	sous-entraînement	2
1	#F8766D	-1.35964195125159	758	sous-entraînement	2
1	#F8766D	-1.36019584165152	759	sous-entraînement	2
1	#F8766D	-1.36075816340698	760	sous-entraînement	2
1	#F8766D	-1.36127192197257	761	sous-entraînement	2
1	#F8766D	-1.36168166686441	762	sous-entraînement	2
1	#F8766D	-1.36177248546873	763	sous-entraînement	2
1	#F8766D	-1.36192149449215	764	sous-entraînement	2
1	#F8766D	-1.36302732766545	765	sous-entraînement	2
1	#F8766D	-1.36361264916589	766	sous-entraînement	2
1	#F8766D	-1.36417926882228	767	sous-entraînement	2
1	#F8766D	-1.36472840104499	768	sous-entraînement	2
1	#F8766D	-1.36522642896177	769	sous-entraînement	2
1	#F8766D	-1.36568488617992	770	sous-entraînement	2
1	#F8766D	-1.36624572884808	771	sous-entraînement	2
1	#F8766D	-1.36678311762455	772	sous-entraînement	2
1	#F8766D	-1.36727912563921	773	sous-entraînement	2
1	#F8766D	-1.36770568155955	774	sous-entraînement	2
1	#F8766D	-1.36774549596848	775	sous-entraînement	2
1	#F8766D	-1.3679613681326	776	sous-entraînement	2
1	#F8766D	-1.36904232171997	777	sous-entraînement	2
1	#F8766D	-1.36962002178522	778	sous-entraînement	2
1	#F8766D	-1.37016820140521	779	sous-entraînement	2
1	#F8766D	-1.37070754375777	780	sous-entraînement	2
1	#F8766D	-1.37117796036391	781	sous-entraînement	2
1	#F8766D	-1.37165650956808	782	sous-entraînement	2
1	#F8766D	-1.37220033361504	783	sous-entraînement	2
1	#F8766D	-1.37273471970475	784	sous-entraînement	2
1	#F8766D	-1.37323103903624	785	sous-entraînement	2
1	#F8766D	-1.37363198192562	786	sous-entraînement	2
1	#F8766D	-1.37365671365218	787	sous-entraînement	2
1	#F8766D	-1.37395161975782	788	sous-entraînement	2
1	#F8766D	-1.37496395339572	789	sous-entraînement	2
1	#F8766D	-1.37552778836624	790	sous-entraînement	2
1	#F8766D	-1.37607125800013	791	sous-entraînement	2
1	#F8766D	-1.37658659126857	792	sous-entraînement	2
1	#F8766D	-1.37701831494151	793	sous-entraînement	2
1	#F8766D	-1.3775697950895	794	sous-entraînement	2
1	#F8766D	-1.37809942731595	795	sous-entraînement	2
1	#F8766D	-1.37860589908275	796	sous-entraînement	2
1	#F8766D	-1.37911107056827	797	sous-entraînement	2
1	#F8766D	-1.37946672589902	798	sous-entraînement	2
1	#F8766D	-1.379544125184	799	sous-entraînement	2
1	#F8766D	-1.37979960455885	800	sous-entraînement	2
1	#F8766D	-1.38080635060796	801	sous-entraînement	2
1	#F8766D	-1.38136548825547	802	sous-entraînement	2
1	#F8766D	-1.38189743723765	803	sous-entraînement	2
1	#F8766D	-1.38238540980221	804	sous-entraînement	2
1	#F8766D	-1.38284260219983	805	sous-entraînement	2
1	#F8766D	-1.38338133178719	806	sous-entraînement	2
1	#F8766D	-1.38390410063384	807	sous-entraînement	2
1	#F8766D	-1.38440748392296	808	sous-entraînement	2
1	#F8766D	-1.38490603431541	809	sous-entraînement	2
1	#F8766D	-1.38531032839339	810	sous-entraînement	2
1	#F8766D	-1.3856741738275	811	sous-entraînement	2
1	#F8766D	-1.38574066280465	812	sous-entraînement	2
1	#F8766D	-1.38606734898402	813	sous-entraînement	2
1	#F8766D	-1.38707467199522	814	sous-entraînement	2
1	#F8766D	-1.38759573847545	815	sous-entraînement	2
1	#F8766D	-1.38805560476745	816	sous-entraînement	2
1	#F8766D	-1.38860082059179	817	sous-entraînement	2
1	#F8766D	-1.38913340178852	818	sous-entraînement	2
1	#F8766D	-1.3896320816582	819	sous-entraînement	2
1	#F8766D	-1.39012845601758	820	sous-entraînement	2
1	#F8766D	-1.39060765139426	821	sous-entraînement	2
1	#F8766D	-1.39101233153664	822	sous-entraînement	2
1	#F8766D	-1.39148967580549	823	sous-entraînement	2
1	#F8766D	-1.3919322765034	824	sous-entraînement	2
1	#F8766D	-1.39167871143986	825	sous-entraînement	2
1	#F8766D	-1.39270952557565	826	sous-entraînement	2
1	#F8766D	-1.39319696513274	827	sous-entraînement	2
1	#F8766D	-1.39375012054795	828	sous-entraînement	2
1	#F8766D	-1.39428833187599	829	sous-entraînement	2
1	#F8766D	-1.3947878771143	830	sous-entraînement	2
1	#F8766D	-1.39528873951016	831	sous-entraînement	2
1	#F8766D	-1.39578772861741	832	sous-entraînement	2
1	#F8766D	-1.39622528103947	833	sous-entraînement	2
1	#F8766D	-1.39665437300991	834	sous-entraînement	2
1	#F8766D	-1.39714592307019	835	sous-entraînement	2
1	#F8766D	-1.39757024131574	836	sous-entraînement	2
1	#F8766D	-1.39767910630558	837	sous-entraînement	2
1	#F8766D	-1.39782407512493	838	sous-entraînement	2
1	#F8766D	-1.39876339261531	839	sous-entraînement	2
1	#F8766D	-1.39932737162129	840	sous-entraînement	2
1	#F8766D	-1.39987485509967	841	sous-entraînement	2
1	#F8766D	-1.40037426084257	842	sous-entraînement	2
1	#F8766D	-1.40087523445412	843	sous-entraînement	2
1	#F8766D	-1.40136911833661	844	sous-entraînement	2
1	#F8766D	-1.40174939790563	845	sous-entraînement	2
1	#F8766D	-1.40225480146373	846	sous-entraînement	2
1	#F8766D	-1.40276765011216	847	sous-entraînement	2
1	#F8766D	-1.4032217821461	848	sous-entraînement	2
1	#F8766D	-1.40361301569916	849	sous-entraînement	2
1	#F8766D	-1.40366076464198	850	sous-entraînement	2
1	#F8766D	-1.40374473161587	851	sous-entraînement	2
1	#F8766D	-1.40481721701028	852	sous-entraînement	2
1	#F8766D	-1.40536062465817	853	sous-entraînement	2
1	#F8766D	-1.40588593564921	854	sous-entraînement	2
1	#F8766D	-1.4063832460783	855	sous-entraînement	2
1	#F8766D	-1.40684704702649	856	sous-entraînement	2
1	#F8766D	-1.40726436429323	857	sous-entraînement	2
1	#F8766D	-1.40777411738329	858	sous-entraînement	2
1	#F8766D	-1.408264268851	859	sous-entraînement	2
1	#F8766D	-1.40874750645116	860	sous-entraînement	2
1	#F8766D	-1.40919582582606	861	sous-entraînement	2
1	#F8766D	-1.40952487072981	862	sous-entraînement	2
1	#F8766D	-1.40956066741148	863	sous-entraînement	2
1	#F8766D	-1.40977719466019	864	sous-entraînement	2
1	#F8766D	-1.41077516739577	865	sous-entraînement	2
1	#F8766D	-1.41130413757768	866	sous-entraînement	2
1	#F8766D	-1.41182361800875	867	sous-entraînement	2
1	#F8766D	-1.41225662965851	868	sous-entraînement	2
1	#F8766D	-1.41270412731686	869	sous-entraînement	2
1	#F8766D	-1.41321637321236	870	sous-entraînement	2
1	#F8766D	-1.4137106113374	871	sous-entraînement	2
1	#F8766D	-1.41417952354771	872	sous-entraînement	2
1	#F8766D	-1.41464590665532	873	sous-entraînement	2
1	#F8766D	-1.41502870208061	874	sous-entraînement	2
1	#F8766D	-1.41535094192534	875	sous-entraînement	2
1	#F8766D	-1.41546177871473	876	sous-entraînement	2
1	#F8766D	-1.41566397367021	877	sous-entraînement	2
1	#F8766D	-1.41665184834502	878	sous-entraînement	2
1	#F8766D	-1.41714854956407	879	sous-entraînement	2
1	#F8766D	-1.41758876940104	880	sous-entraînement	2
1	#F8766D	-1.4181039081481	881	sous-entraînement	2
1	#F8766D	-1.41860161092952	882	sous-entraînement	2
1	#F8766D	-1.41907482298296	883	sous-entraînement	2
1	#F8766D	-1.41954885355559	884	sous-entraînement	2
1	#F8766D	-1.42000763759936	885	sous-entraînement	2
1	#F8766D	-1.42036577247069	886	sous-entraînement	2
1	#F8766D	-1.42084790132211	887	sous-entraînement	2
1	#F8766D	-1.42123292553899	888	sous-entraînement	2
1	#F8766D	-1.42136519870035	889	sous-entraînement	2
1	#F8766D	-1.42147928400239	890	sous-entraînement	2
1	#F8766D	-1.42236759065773	891	sous-entraînement	2
1	#F8766D	-1.4228780020429	892	sous-entraînement	2
1	#F8766D	-1.42340988330675	893	sous-entraînement	2
1	#F8766D	-1.42390149169431	894	sous-entraînement	2
1	#F8766D	-1.42437851005096	895	sous-entraînement	2
1	#F8766D	-1.42485062625976	896	sous-entraînement	2
1	#F8766D	-1.4252913699438	897	sous-entraînement	2
1	#F8766D	-1.42567306257787	898	sous-entraînement	2
1	#F8766D	-1.42616163196988	899	sous-entraînement	2
1	#F8766D	-1.42663514487792	900	sous-entraînement	2
1	#F8766D	-1.42696145979077	901	sous-entraînement	2
1	#F8766D	-1.4271183392525	902	sous-entraînement	2
1	#F8766D	-1.42714445015216	903	sous-entraînement	2
1	#F8766D	-1.42810015464904	904	sous-entraînement	2
1	#F8766D	-1.42864362769868	905	sous-entraînement	2
1	#F8766D	-1.4291383531211	906	sous-entraînement	2
1	#F8766D	-1.42961543886074	907	sous-entraînement	2
1	#F8766D	-1.43008743514459	908	sous-entraînement	2
1	#F8766D	-1.43051914319495	909	sous-entraînement	2
1	#F8766D	-1.43091084991836	910	sous-entraînement	2
1	#F8766D	-1.43139751045215	911	sous-entraînement	2
1	#F8766D	-1.43186705305621	912	sous-entraînement	2
1	#F8766D	-1.43232298410206	913	sous-entraînement	2
1	#F8766D	-1.43273580656096	914	sous-entraînement	2
1	#F8766D	-1.4330411467788	915	sous-entraînement	2
1	#F8766D	-1.43304722692402	916	sous-entraînement	2
1	#F8766D	-1.43328606273378	917	sous-entraînement	2
1	#F8766D	-1.43424818169065	918	sous-entraînement	2
1	#F8766D	-1.43475682955712	919	sous-entraînement	2
1	#F8766D	-1.43523904606587	920	sous-entraînement	2
1	#F8766D	-1.43560752121984	921	sous-entraînement	2
1	#F8766D	-1.43609884024736	922	sous-entraînement	2
1	#F8766D	-1.43657885940062	923	sous-entraînement	2
1	#F8766D	-1.43703515142589	924	sous-entraînement	2
1	#F8766D	-1.43748774305291	925	sous-entraînement	2
1	#F8766D	-1.43793393778167	926	sous-entraînement	2
1	#F8766D	-1.43831024309415	927	sous-entraînement	2
1	#F8766D	-1.43858956318308	928	sous-entraînement	2
1	#F8766D	-1.43875886235182	929	sous-entraînement	2
1	#F8766D	-1.43884322483601	930	sous-entraînement	2
1	#F8766D	-1.4398140590512	931	sous-entraînement	2
1	#F8766D	-1.4402971779644	932	sous-entraînement	2
1	#F8766D	-1.44071643955241	933	sous-entraînement	2
1	#F8766D	-1.44120928221198	934	sous-entraînement	2
1	#F8766D	-1.44168627517087	935	sous-entraînement	2
1	#F8766D	-1.44214121286195	936	sous-entraînement	2
1	#F8766D	-1.44259226120359	937	sous-entraînement	2
1	#F8766D	-1.44304063293668	938	sous-entraînement	2
1	#F8766D	-1.44340769302686	939	sous-entraînement	2
1	#F8766D	-1.4438597031621	940	sous-entraînement	2
1	#F8766D	-1.44427249393863	941	sous-entraînement	2
1	#F8766D	-1.44464145341356	942	sous-entraînement	2
1	#F8766D	-1.44467342383007	943	sous-entraînement	2
1	#F8766D	-1.44471352884299	944	sous-entraînement	2
1	#F8766D	-1.4457384292502	945	sous-entraînement	2
1	#F8766D	-1.44624789742289	946	sous-entraînement	2
1	#F8766D	-1.44672032689835	947	sous-entraînement	2
1	#F8766D	-1.44717983069433	948	sous-entraînement	2
1	#F8766D	-1.44762667208931	949	sous-entraînement	2
1	#F8766D	-1.44798101236269	950	sous-entraînement	2
1	#F8766D	-1.44845325140593	951	sous-entraînement	2
1	#F8766D	-1.44891511314803	952	sous-entraînement	2
1	#F8766D	-1.44935069549168	953	sous-entraînement	2
1	#F8766D	-1.4497896603127	954	sous-entraînement	2
1	#F8766D	-1.45016336887385	955	sous-entraînement	2
1	#F8766D	-1.45041856924427	956	sous-entraînement	2
1	#F8766D	-1.45051588614335	957	sous-entraînement	2
1	#F8766D	-1.45065765086548	958	sous-entraînement	2
1	#F8766D	-1.45162598175983	959	sous-entraînement	2
1	#F8766D	-1.45212373122365	960	sous-entraînement	2
1	#F8766D	-1.45255331360094	961	sous-entraînement	2
1	#F8766D	-1.45298673103283	962	sous-entraînement	2
1	#F8766D	-1.45345070546594	963	sous-entraînement	2
1	#F8766D	-1.45389404861838	964	sous-entraînement	2
1	#F8766D	-1.45433440036443	965	sous-entraînement	2
1	#F8766D	-1.4547605060231	966	sous-entraînement	2
1	#F8766D	-1.45513177723359	967	sous-entraînement	2
1	#F8766D	-1.45558262471034	968	sous-entraînement	2
1	#F8766D	-1.45597544904522	969	sous-entraînement	2
1	#F8766D	-1.45632808506727	970	sous-entraînement	2
1	#F8766D	-1.456299857713	971	sous-entraînement	2
1	#F8766D	-1.45644646953649	972	sous-entraînement	2
1	#F8766D	-1.45741068714339	973	sous-entraînement	2
1	#F8766D	-1.45785107673223	974	sous-entraînement	2
1	#F8766D	-1.45833418718365	975	sous-entraînement	2
1	#F8766D	-1.45878531093727	976	sous-entraînement	2
1	#F8766D	-1.45928378233819	977	sous-entraînement	2
1	#F8766D	-1.45962018796902	978	sous-entraînement	2
1	#F8766D	-1.46007973142186	979	sous-entraînement	2
1	#F8766D	-1.46058606182221	980	sous-entraînement	2
1	#F8766D	-1.46088022445303	981	sous-entraînement	2
1	#F8766D	-1.46134862788267	982	sous-entraînement	2
1	#F8766D	-1.46183367061346	983	sous-entraînement	2
1	#F8766D	-1.46200945422759	984	sous-entraînement	2
1	#F8766D	-1.46229090078734	985	sous-entraînement	2
1	#F8766D	-1.46218134906485	986	sous-entraînement	2
1	#F8766D	-1.46317646981606	987	sous-entraînement	2
1	#F8766D	-1.46374714483479	988	sous-entraînement	2
1	#F8766D	-1.46408559827935	989	sous-entraînement	2
1	#F8766D	-1.46458144767745	990	sous-entraînement	2
1	#F8766D	-1.46509827302571	991	sous-entraînement	2
1	#F8766D	-1.4653907660152	992	sous-entraînement	2
1	#F8766D	-1.46589109837913	993	sous-entraînement	2
1	#F8766D	-1.46636018473585	994	sous-entraînement	2
1	#F8766D	-1.46667819207988	995	sous-entraînement	2
1	#F8766D	-1.4671852469463	996	sous-entraînement	2
1	#F8766D	-1.46755043179183	997	sous-entraînement	2
1	#F8766D	-1.46782892422512	998	sous-entraînement	2
1	#F8766D	-1.46810042181283	999	sous-entraînement	2
1	#F8766D	-1.46795716372681	1000	sous-entraînement	2
1	#F8766D	1.80617997398389	1	sous-entraînement	3
1	#F8766D	1.76342799356294	2	sous-entraînement	3
1	#F8766D	1.7160033436348	3	sous-entraînement	3
1	#F8766D	1.6232492903979	4	sous-entraînement	3
1	#F8766D	1.53147891704226	5	sous-entraînement	3
1	#F8766D	1.25527250510331	6	sous-entraînement	3
1	#F8766D	1.30102999566398	7	sous-entraînement	3
1	#F8766D	1.30102999566398	8	sous-entraînement	3
1	#F8766D	1.34242268082221	9	sous-entraînement	3
1	#F8766D	1.41497334797082	10	sous-entraînement	3
1	#F8766D	1.44715803134222	11	sous-entraînement	3
1	#F8766D	1.47712125471966	12	sous-entraînement	3
1	#F8766D	1.50514997831991	13	sous-entraînement	3
1	#F8766D	1.53147891704226	14	sous-entraînement	3
1	#F8766D	1.53147891704226	15	sous-entraînement	3
1	#F8766D	1.53147891704226	16	sous-entraînement	3
1	#F8766D	1.53147891704226	17	sous-entraînement	3
1	#F8766D	1.53147891704226	18	sous-entraînement	3
1	#F8766D	1.53147891704226	19	sous-entraînement	3
1	#F8766D	1.53147891704226	20	sous-entraînement	3
1	#F8766D	1.53147891704226	21	sous-entraînement	3
1	#F8766D	1.53147891704226	22	sous-entraînement	3
1	#F8766D	1.53147891704226	23	sous-entraînement	3
1	#F8766D	1.53147891704226	24	sous-entraînement	3
1	#F8766D	1.53147891704226	25	sous-entraînement	3
1	#F8766D	1.50514997831991	26	sous-entraînement	3
1	#F8766D	1.50514997831991	27	sous-entraînement	3
1	#F8766D	1.47712125471966	28	sous-entraînement	3
1	#F8766D	1.47712125471966	29	sous-entraînement	3
1	#F8766D	1.47712125471966	30	sous-entraînement	3
1	#F8766D	1.44715803134222	31	sous-entraînement	3
1	#F8766D	1.44715803134222	32	sous-entraînement	3
1	#F8766D	1.44715803134222	33	sous-entraînement	3
1	#F8766D	1.44715803134222	34	sous-entraînement	3
1	#F8766D	1.44715803134222	35	sous-entraînement	3
1	#F8766D	1.44715803134222	36	sous-entraînement	3
1	#F8766D	1.44715803134222	37	sous-entraînement	3
1	#F8766D	1.41497334797082	38	sous-entraînement	3
1	#F8766D	1.41497334797082	39	sous-entraînement	3
1	#F8766D	1.41497334797082	40	sous-entraînement	3
1	#F8766D	1.41497334797082	41	sous-entraînement	3
1	#F8766D	1.41497334797082	42	sous-entraînement	3
1	#F8766D	1.41497334797082	43	sous-entraînement	3
1	#F8766D	1.41497334797082	44	sous-entraînement	3
1	#F8766D	1.41497334797082	45	sous-entraînement	3
1	#F8766D	1.41497334797082	46	sous-entraînement	3
1	#F8766D	1.41497334797082	47	sous-entraînement	3
1	#F8766D	1.41497334797082	48	sous-entraînement	3
1	#F8766D	1.41497334797082	49	sous-entraînement	3
1	#F8766D	1.44715803134222	50	sous-entraînement	3
1	#F8766D	1.44715803134222	51	sous-entraînement	3
1	#F8766D	1.44715803134222	52	sous-entraînement	3
1	#F8766D	1.41497334797082	53	sous-entraînement	3
1	#F8766D	1.41497334797082	54	sous-entraînement	3
1	#F8766D	1.41497334797082	55	sous-entraînement	3
1	#F8766D	1.41497334797082	56	sous-entraînement	3
1	#F8766D	1.41497334797082	57	sous-entraînement	3
1	#F8766D	1.41497334797082	58	sous-entraînement	3
1	#F8766D	1.41497334797082	59	sous-entraînement	3
1	#F8766D	1.41497334797082	60	sous-entraînement	3
1	#F8766D	1.41497334797082	61	sous-entraînement	3
1	#F8766D	1.41497334797082	62	sous-entraînement	3
1	#F8766D	1.38021124171161	63	sous-entraînement	3
1	#F8766D	1.38021124171161	64	sous-entraînement	3
1	#F8766D	1.38021124171161	65	sous-entraînement	3
1	#F8766D	1.38021124171161	66	sous-entraînement	3
1	#F8766D	1.38021124171161	67	sous-entraînement	3
1	#F8766D	1.38021124171161	68	sous-entraînement	3
1	#F8766D	1.38021124171161	69	sous-entraînement	3
1	#F8766D	1.38021124171161	70	sous-entraînement	3
1	#F8766D	1.38021124171161	71	sous-entraînement	3
1	#F8766D	1.38021124171161	72	sous-entraînement	3
1	#F8766D	1.38021124171161	73	sous-entraînement	3
1	#F8766D	1.38021124171161	74	sous-entraînement	3
1	#F8766D	1.38021124171161	75	sous-entraînement	3
1	#F8766D	1.38021124171161	76	sous-entraînement	3
1	#F8766D	1.38021124171161	77	sous-entraînement	3
1	#F8766D	1.38021124171161	78	sous-entraînement	3
1	#F8766D	1.38021124171161	79	sous-entraînement	3
1	#F8766D	1.38021124171161	80	sous-entraînement	3
1	#F8766D	1.34242268082221	81	sous-entraînement	3
1	#F8766D	1.30102999566398	82	sous-entraînement	3
1	#F8766D	1.30102999566398	83	sous-entraînement	3
1	#F8766D	1.30102999566398	84	sous-entraînement	3
1	#F8766D	1.30102999566398	85	sous-entraînement	3
1	#F8766D	1.30102999566398	86	sous-entraînement	3
1	#F8766D	1.30102999566398	87	sous-entraînement	3
1	#F8766D	1.30102999566398	88	sous-entraînement	3
1	#F8766D	1.30102999566398	89	sous-entraînement	3
1	#F8766D	1.30102999566398	90	sous-entraînement	3
1	#F8766D	1.30102999566398	91	sous-entraînement	3
1	#F8766D	1.30102999566398	92	sous-entraînement	3
1	#F8766D	1.30102999566398	93	sous-entraînement	3
1	#F8766D	1.30102999566398	94	sous-entraînement	3
1	#F8766D	1.30102999566398	95	sous-entraînement	3
1	#F8766D	1.30102999566398	96	sous-entraînement	3
1	#F8766D	1.30102999566398	97	sous-entraînement	3
1	#F8766D	1.30102999566398	98	sous-entraînement	3
1	#F8766D	1.30102999566398	99	sous-entraînement	3
1	#F8766D	1.30102999566398	100	sous-entraînement	3
1	#F8766D	1.30102999566398	101	sous-entraînement	3
1	#F8766D	1.30102999566398	102	sous-entraînement	3
1	#F8766D	1.30102999566398	103	sous-entraînement	3
1	#F8766D	1.30102999566398	104	sous-entraînement	3
1	#F8766D	1.30102999566398	105	sous-entraînement	3
1	#F8766D	1.30102999566398	106	sous-entraînement	3
1	#F8766D	1.30102999566398	107	sous-entraînement	3
1	#F8766D	1.30102999566398	108	sous-entraînement	3
1	#F8766D	1.30102999566398	109	sous-entraînement	3
1	#F8766D	1.30102999566398	110	sous-entraînement	3
1	#F8766D	1.30102999566398	111	sous-entraînement	3
1	#F8766D	1.30102999566398	112	sous-entraînement	3
1	#F8766D	1.30102999566398	113	sous-entraînement	3
1	#F8766D	1.30102999566398	114	sous-entraînement	3
1	#F8766D	1.30102999566398	115	sous-entraînement	3
1	#F8766D	1.30102999566398	116	sous-entraînement	3
1	#F8766D	1.30102999566398	117	sous-entraînement	3
1	#F8766D	1.30102999566398	118	sous-entraînement	3
1	#F8766D	1.30102999566398	119	sous-entraînement	3
1	#F8766D	1.30102999566398	120	sous-entraînement	3
1	#F8766D	1.30102999566398	121	sous-entraînement	3
1	#F8766D	1.30102999566398	122	sous-entraînement	3
1	#F8766D	1.34242268082221	123	sous-entraînement	3
1	#F8766D	1.34242268082221	124	sous-entraînement	3
1	#F8766D	1.34242268082221	125	sous-entraînement	3
1	#F8766D	1.34242268082221	126	sous-entraînement	3
1	#F8766D	1.34242268082221	127	sous-entraînement	3
1	#F8766D	1.34242268082221	128	sous-entraînement	3
1	#F8766D	1.34242268082221	129	sous-entraînement	3
1	#F8766D	1.34242268082221	130	sous-entraînement	3
1	#F8766D	1.34242268082221	131	sous-entraînement	3
1	#F8766D	1.34242268082221	132	sous-entraînement	3
1	#F8766D	1.34242268082221	133	sous-entraînement	3
1	#F8766D	1.34242268082221	134	sous-entraînement	3
1	#F8766D	1.34242268082221	135	sous-entraînement	3
1	#F8766D	1.34242268082221	136	sous-entraînement	3
1	#F8766D	1.34242268082221	137	sous-entraînement	3
1	#F8766D	1.34242268082221	138	sous-entraînement	3
1	#F8766D	1.34242268082221	139	sous-entraînement	3
1	#F8766D	1.34242268082221	140	sous-entraînement	3
1	#F8766D	1.34242268082221	141	sous-entraînement	3
1	#F8766D	1.34242268082221	142	sous-entraînement	3
1	#F8766D	1.34242268082221	143	sous-entraînement	3
1	#F8766D	1.34242268082221	144	sous-entraînement	3
1	#F8766D	1.34242268082221	145	sous-entraînement	3
1	#F8766D	1.34242268082221	146	sous-entraînement	3
1	#F8766D	1.34242268082221	147	sous-entraînement	3
1	#F8766D	1.34242268082221	148	sous-entraînement	3
1	#F8766D	1.34242268082221	149	sous-entraînement	3
1	#F8766D	1.34242268082221	150	sous-entraînement	3
1	#F8766D	1.34242268082221	151	sous-entraînement	3
1	#F8766D	1.34242268082221	152	sous-entraînement	3
1	#F8766D	1.34242268082221	153	sous-entraînement	3
1	#F8766D	1.34242268082221	154	sous-entraînement	3
1	#F8766D	1.34242268082221	155	sous-entraînement	3
1	#F8766D	1.34242268082221	156	sous-entraînement	3
1	#F8766D	1.34242268082221	157	sous-entraînement	3
1	#F8766D	1.34242268082221	158	sous-entraînement	3
1	#F8766D	1.34242268082221	159	sous-entraînement	3
1	#F8766D	1.34242268082221	160	sous-entraînement	3
1	#F8766D	1.34242268082221	161	sous-entraînement	3
1	#F8766D	1.34242268082221	162	sous-entraînement	3
1	#F8766D	1.34242268082221	163	sous-entraînement	3
1	#F8766D	1.34242268082221	164	sous-entraînement	3
1	#F8766D	1.34242268082221	165	sous-entraînement	3
1	#F8766D	1.34242268082221	166	sous-entraînement	3
1	#F8766D	1.34242268082221	167	sous-entraînement	3
1	#F8766D	1.34242268082221	168	sous-entraînement	3
1	#F8766D	1.34242268082221	169	sous-entraînement	3
1	#F8766D	1.34242268082221	170	sous-entraînement	3
1	#F8766D	1.34242268082221	171	sous-entraînement	3
1	#F8766D	1.34242268082221	172	sous-entraînement	3
1	#F8766D	1.34242268082221	173	sous-entraînement	3
1	#F8766D	1.34242268082221	174	sous-entraînement	3
1	#F8766D	1.34242268082221	175	sous-entraînement	3
1	#F8766D	1.34242268082221	176	sous-entraînement	3
1	#F8766D	1.34242268082221	177	sous-entraînement	3
1	#F8766D	1.34242268082221	178	sous-entraînement	3
1	#F8766D	1.34242268082221	179	sous-entraînement	3
1	#F8766D	1.34242268082221	180	sous-entraînement	3
1	#F8766D	1.34242268082221	181	sous-entraînement	3
1	#F8766D	1.34242268082221	182	sous-entraînement	3
1	#F8766D	1.34242268082221	183	sous-entraînement	3
1	#F8766D	1.34242268082221	184	sous-entraînement	3
1	#F8766D	1.34242268082221	185	sous-entraînement	3
1	#F8766D	1.34242268082221	186	sous-entraînement	3
1	#F8766D	1.34242268082221	187	sous-entraînement	3
1	#F8766D	1.34242268082221	188	sous-entraînement	3
1	#F8766D	1.34242268082221	189	sous-entraînement	3
1	#F8766D	1.34242268082221	190	sous-entraînement	3
1	#F8766D	1.34242268082221	191	sous-entraînement	3
1	#F8766D	1.34242268082221	192	sous-entraînement	3
1	#F8766D	1.34242268082221	193	sous-entraînement	3
1	#F8766D	1.34242268082221	194	sous-entraînement	3
1	#F8766D	1.34242268082221	195	sous-entraînement	3
1	#F8766D	1.34242268082221	196	sous-entraînement	3
1	#F8766D	1.34242268082221	197	sous-entraînement	3
1	#F8766D	1.38021124171161	198	sous-entraînement	3
1	#F8766D	1.38021124171161	199	sous-entraînement	3
1	#F8766D	1.38021124171161	200	sous-entraînement	3
1	#F8766D	1.38021124171161	201	sous-entraînement	3
1	#F8766D	1.38021124171161	202	sous-entraînement	3
1	#F8766D	1.38021124171161	203	sous-entraînement	3
1	#F8766D	1.38021124171161	204	sous-entraînement	3
1	#F8766D	1.38021124171161	205	sous-entraînement	3
1	#F8766D	1.38021124171161	206	sous-entraînement	3
1	#F8766D	1.38021124171161	207	sous-entraînement	3
1	#F8766D	1.38021124171161	208	sous-entraînement	3
1	#F8766D	1.38021124171161	209	sous-entraînement	3
1	#F8766D	1.38021124171161	210	sous-entraînement	3
1	#F8766D	1.38021124171161	211	sous-entraînement	3
1	#F8766D	1.38021124171161	212	sous-entraînement	3
1	#F8766D	1.38021124171161	213	sous-entraînement	3
1	#F8766D	1.38021124171161	214	sous-entraînement	3
1	#F8766D	1.38021124171161	215	sous-entraînement	3
1	#F8766D	1.38021124171161	216	sous-entraînement	3
1	#F8766D	1.38021124171161	217	sous-entraînement	3
1	#F8766D	1.38021124171161	218	sous-entraînement	3
1	#F8766D	1.38021124171161	219	sous-entraînement	3
1	#F8766D	1.38021124171161	220	sous-entraînement	3
1	#F8766D	1.38021124171161	221	sous-entraînement	3
1	#F8766D	1.38021124171161	222	sous-entraînement	3
1	#F8766D	1.38021124171161	223	sous-entraînement	3
1	#F8766D	1.38021124171161	224	sous-entraînement	3
1	#F8766D	1.38021124171161	225	sous-entraînement	3
1	#F8766D	1.38021124171161	226	sous-entraînement	3
1	#F8766D	1.38021124171161	227	sous-entraînement	3
1	#F8766D	1.38021124171161	228	sous-entraînement	3
1	#F8766D	1.38021124171161	229	sous-entraînement	3
1	#F8766D	1.38021124171161	230	sous-entraînement	3
1	#F8766D	1.38021124171161	231	sous-entraînement	3
1	#F8766D	1.38021124171161	232	sous-entraînement	3
1	#F8766D	1.38021124171161	233	sous-entraînement	3
1	#F8766D	1.38021124171161	234	sous-entraînement	3
1	#F8766D	1.38021124171161	235	sous-entraînement	3
1	#F8766D	1.38021124171161	236	sous-entraînement	3
1	#F8766D	1.38021124171161	237	sous-entraînement	3
1	#F8766D	1.38021124171161	238	sous-entraînement	3
1	#F8766D	1.38021124171161	239	sous-entraînement	3
1	#F8766D	1.38021124171161	240	sous-entraînement	3
1	#F8766D	1.38021124171161	241	sous-entraînement	3
1	#F8766D	1.38021124171161	242	sous-entraînement	3
1	#F8766D	1.38021124171161	243	sous-entraînement	3
1	#F8766D	1.38021124171161	244	sous-entraînement	3
1	#F8766D	1.38021124171161	245	sous-entraînement	3
1	#F8766D	1.38021124171161	246	sous-entraînement	3
1	#F8766D	1.38021124171161	247	sous-entraînement	3
1	#F8766D	1.38021124171161	248	sous-entraînement	3
1	#F8766D	1.38021124171161	249	sous-entraînement	3
1	#F8766D	1.38021124171161	250	sous-entraînement	3
1	#F8766D	1.38021124171161	251	sous-entraînement	3
1	#F8766D	1.38021124171161	252	sous-entraînement	3
1	#F8766D	1.38021124171161	253	sous-entraînement	3
1	#F8766D	1.38021124171161	254	sous-entraînement	3
1	#F8766D	1.38021124171161	255	sous-entraînement	3
1	#F8766D	1.38021124171161	256	sous-entraînement	3
1	#F8766D	1.38021124171161	257	sous-entraînement	3
1	#F8766D	1.38021124171161	258	sous-entraînement	3
1	#F8766D	1.38021124171161	259	sous-entraînement	3
1	#F8766D	1.38021124171161	260	sous-entraînement	3
1	#F8766D	1.38021124171161	261	sous-entraînement	3
1	#F8766D	1.38021124171161	262	sous-entraînement	3
1	#F8766D	1.38021124171161	263	sous-entraînement	3
1	#F8766D	1.38021124171161	264	sous-entraînement	3
1	#F8766D	1.38021124171161	265	sous-entraînement	3
1	#F8766D	1.38021124171161	266	sous-entraînement	3
1	#F8766D	1.38021124171161	267	sous-entraînement	3
1	#F8766D	1.38021124171161	268	sous-entraînement	3
1	#F8766D	1.38021124171161	269	sous-entraînement	3
1	#F8766D	1.38021124171161	270	sous-entraînement	3
1	#F8766D	1.38021124171161	271	sous-entraînement	3
1	#F8766D	1.38021124171161	272	sous-entraînement	3
1	#F8766D	1.38021124171161	273	sous-entraînement	3
1	#F8766D	1.38021124171161	274	sous-entraînement	3
1	#F8766D	1.38021124171161	275	sous-entraînement	3
1	#F8766D	1.38021124171161	276	sous-entraînement	3
1	#F8766D	1.38021124171161	277	sous-entraînement	3
1	#F8766D	1.38021124171161	278	sous-entraînement	3
1	#F8766D	1.38021124171161	279	sous-entraînement	3
1	#F8766D	1.34242268082221	280	sous-entraînement	3
1	#F8766D	1.34242268082221	281	sous-entraînement	3
1	#F8766D	1.34242268082221	282	sous-entraînement	3
1	#F8766D	1.34242268082221	283	sous-entraînement	3
1	#F8766D	1.34242268082221	284	sous-entraînement	3
1	#F8766D	1.34242268082221	285	sous-entraînement	3
1	#F8766D	1.34242268082221	286	sous-entraînement	3
1	#F8766D	1.34242268082221	287	sous-entraînement	3
1	#F8766D	1.34242268082221	288	sous-entraînement	3
1	#F8766D	1.34242268082221	289	sous-entraînement	3
1	#F8766D	1.34242268082221	290	sous-entraînement	3
1	#F8766D	1.34242268082221	291	sous-entraînement	3
1	#F8766D	1.34242268082221	292	sous-entraînement	3
1	#F8766D	1.34242268082221	293	sous-entraînement	3
1	#F8766D	1.34242268082221	294	sous-entraînement	3
1	#F8766D	1.34242268082221	295	sous-entraînement	3
1	#F8766D	1.34242268082221	296	sous-entraînement	3
1	#F8766D	1.34242268082221	297	sous-entraînement	3
1	#F8766D	1.34242268082221	298	sous-entraînement	3
1	#F8766D	1.34242268082221	299	sous-entraînement	3
1	#F8766D	1.34242268082221	300	sous-entraînement	3
1	#F8766D	1.34242268082221	301	sous-entraînement	3
1	#F8766D	1.34242268082221	302	sous-entraînement	3
1	#F8766D	1.34242268082221	303	sous-entraînement	3
1	#F8766D	1.34242268082221	304	sous-entraînement	3
1	#F8766D	1.34242268082221	305	sous-entraînement	3
1	#F8766D	1.34242268082221	306	sous-entraînement	3
1	#F8766D	1.34242268082221	307	sous-entraînement	3
1	#F8766D	1.34242268082221	308	sous-entraînement	3
1	#F8766D	1.34242268082221	309	sous-entraînement	3
1	#F8766D	1.34242268082221	310	sous-entraînement	3
1	#F8766D	1.34242268082221	311	sous-entraînement	3
1	#F8766D	1.34242268082221	312	sous-entraînement	3
1	#F8766D	1.34242268082221	313	sous-entraînement	3
1	#F8766D	1.34242268082221	314	sous-entraînement	3
1	#F8766D	1.34242268082221	315	sous-entraînement	3
1	#F8766D	1.34242268082221	316	sous-entraînement	3
1	#F8766D	1.34242268082221	317	sous-entraînement	3
1	#F8766D	1.34242268082221	318	sous-entraînement	3
1	#F8766D	1.34242268082221	319	sous-entraînement	3
1	#F8766D	1.34242268082221	320	sous-entraînement	3
1	#F8766D	1.34242268082221	321	sous-entraînement	3
1	#F8766D	1.34242268082221	322	sous-entraînement	3
1	#F8766D	1.34242268082221	323	sous-entraînement	3
1	#F8766D	1.34242268082221	324	sous-entraînement	3
1	#F8766D	1.34242268082221	325	sous-entraînement	3
1	#F8766D	1.34242268082221	326	sous-entraînement	3
1	#F8766D	1.34242268082221	327	sous-entraînement	3
1	#F8766D	1.34242268082221	328	sous-entraînement	3
1	#F8766D	1.34242268082221	329	sous-entraînement	3
1	#F8766D	1.34242268082221	330	sous-entraînement	3
1	#F8766D	1.34242268082221	331	sous-entraînement	3
1	#F8766D	1.34242268082221	332	sous-entraînement	3
1	#F8766D	1.34242268082221	333	sous-entraînement	3
1	#F8766D	1.34242268082221	334	sous-entraînement	3
1	#F8766D	1.34242268082221	335	sous-entraînement	3
1	#F8766D	1.34242268082221	336	sous-entraînement	3
1	#F8766D	1.34242268082221	337	sous-entraînement	3
1	#F8766D	1.34242268082221	338	sous-entraînement	3
1	#F8766D	1.34242268082221	339	sous-entraînement	3
1	#F8766D	1.34242268082221	340	sous-entraînement	3
1	#F8766D	1.34242268082221	341	sous-entraînement	3
1	#F8766D	1.34242268082221	342	sous-entraînement	3
1	#F8766D	1.34242268082221	343	sous-entraînement	3
1	#F8766D	1.34242268082221	344	sous-entraînement	3
1	#F8766D	1.34242268082221	345	sous-entraînement	3
1	#F8766D	1.34242268082221	346	sous-entraînement	3
1	#F8766D	1.34242268082221	347	sous-entraînement	3
1	#F8766D	1.30102999566398	348	sous-entraînement	3
1	#F8766D	1.30102999566398	349	sous-entraînement	3
1	#F8766D	1.30102999566398	350	sous-entraînement	3
1	#F8766D	1.30102999566398	351	sous-entraînement	3
1	#F8766D	1.30102999566398	352	sous-entraînement	3
1	#F8766D	1.30102999566398	353	sous-entraînement	3
1	#F8766D	1.30102999566398	354	sous-entraînement	3
1	#F8766D	1.30102999566398	355	sous-entraînement	3
1	#F8766D	1.30102999566398	356	sous-entraînement	3
1	#F8766D	1.30102999566398	357	sous-entraînement	3
1	#F8766D	1.30102999566398	358	sous-entraînement	3
1	#F8766D	1.30102999566398	359	sous-entraînement	3
1	#F8766D	1.30102999566398	360	sous-entraînement	3
1	#F8766D	1.30102999566398	361	sous-entraînement	3
1	#F8766D	1.30102999566398	362	sous-entraînement	3
1	#F8766D	1.30102999566398	363	sous-entraînement	3
1	#F8766D	1.30102999566398	364	sous-entraînement	3
1	#F8766D	1.30102999566398	365	sous-entraînement	3
1	#F8766D	1.30102999566398	366	sous-entraînement	3
1	#F8766D	1.30102999566398	367	sous-entraînement	3
1	#F8766D	1.30102999566398	368	sous-entraînement	3
1	#F8766D	1.30102999566398	369	sous-entraînement	3
1	#F8766D	1.30102999566398	370	sous-entraînement	3
1	#F8766D	1.30102999566398	371	sous-entraînement	3
1	#F8766D	1.30102999566398	372	sous-entraînement	3
1	#F8766D	1.30102999566398	373	sous-entraînement	3
1	#F8766D	1.30102999566398	374	sous-entraînement	3
1	#F8766D	1.30102999566398	375	sous-entraînement	3
1	#F8766D	1.30102999566398	376	sous-entraînement	3
1	#F8766D	1.30102999566398	377	sous-entraînement	3
1	#F8766D	1.30102999566398	378	sous-entraînement	3
1	#F8766D	1.30102999566398	379	sous-entraînement	3
1	#F8766D	1.30102999566398	380	sous-entraînement	3
1	#F8766D	1.30102999566398	381	sous-entraînement	3
1	#F8766D	1.30102999566398	382	sous-entraînement	3
1	#F8766D	1.30102999566398	383	sous-entraînement	3
1	#F8766D	1.30102999566398	384	sous-entraînement	3
1	#F8766D	1.30102999566398	385	sous-entraînement	3
1	#F8766D	1.30102999566398	386	sous-entraînement	3
1	#F8766D	1.30102999566398	387	sous-entraînement	3
1	#F8766D	1.30102999566398	388	sous-entraînement	3
1	#F8766D	1.30102999566398	389	sous-entraînement	3
1	#F8766D	1.30102999566398	390	sous-entraînement	3
1	#F8766D	1.30102999566398	391	sous-entraînement	3
1	#F8766D	1.30102999566398	392	sous-entraînement	3
1	#F8766D	1.30102999566398	393	sous-entraînement	3
1	#F8766D	1.30102999566398	394	sous-entraînement	3
1	#F8766D	1.30102999566398	395	sous-entraînement	3
1	#F8766D	1.30102999566398	396	sous-entraînement	3
1	#F8766D	1.34242268082221	397	sous-entraînement	3
1	#F8766D	1.34242268082221	398	sous-entraînement	3
1	#F8766D	1.34242268082221	399	sous-entraînement	3
1	#F8766D	1.34242268082221	400	sous-entraînement	3
1	#F8766D	1.34242268082221	401	sous-entraînement	3
1	#F8766D	1.34242268082221	402	sous-entraînement	3
1	#F8766D	1.34242268082221	403	sous-entraînement	3
1	#F8766D	1.34242268082221	404	sous-entraînement	3
1	#F8766D	1.34242268082221	405	sous-entraînement	3
1	#F8766D	1.34242268082221	406	sous-entraînement	3
1	#F8766D	1.34242268082221	407	sous-entraînement	3
1	#F8766D	1.34242268082221	408	sous-entraînement	3
1	#F8766D	1.34242268082221	409	sous-entraînement	3
1	#F8766D	1.34242268082221	410	sous-entraînement	3
1	#F8766D	1.34242268082221	411	sous-entraînement	3
1	#F8766D	1.34242268082221	412	sous-entraînement	3
1	#F8766D	1.34242268082221	413	sous-entraînement	3
1	#F8766D	1.34242268082221	414	sous-entraînement	3
1	#F8766D	1.34242268082221	415	sous-entraînement	3
1	#F8766D	1.34242268082221	416	sous-entraînement	3
1	#F8766D	1.34242268082221	417	sous-entraînement	3
1	#F8766D	1.34242268082221	418	sous-entraînement	3
1	#F8766D	1.34242268082221	419	sous-entraînement	3
1	#F8766D	1.34242268082221	420	sous-entraînement	3
1	#F8766D	1.34242268082221	421	sous-entraînement	3
1	#F8766D	1.34242268082221	422	sous-entraînement	3
1	#F8766D	1.34242268082221	423	sous-entraînement	3
1	#F8766D	1.34242268082221	424	sous-entraînement	3
1	#F8766D	1.34242268082221	425	sous-entraînement	3
1	#F8766D	1.34242268082221	426	sous-entraînement	3
1	#F8766D	1.34242268082221	427	sous-entraînement	3
1	#F8766D	1.34242268082221	428	sous-entraînement	3
1	#F8766D	1.34242268082221	429	sous-entraînement	3
1	#F8766D	1.34242268082221	430	sous-entraînement	3
1	#F8766D	1.34242268082221	431	sous-entraînement	3
1	#F8766D	1.34242268082221	432	sous-entraînement	3
1	#F8766D	1.34242268082221	433	sous-entraînement	3
1	#F8766D	1.34242268082221	434	sous-entraînement	3
1	#F8766D	1.34242268082221	435	sous-entraînement	3
1	#F8766D	1.34242268082221	436	sous-entraînement	3
1	#F8766D	1.34242268082221	437	sous-entraînement	3
1	#F8766D	1.34242268082221	438	sous-entraînement	3
1	#F8766D	1.34242268082221	439	sous-entraînement	3
1	#F8766D	1.34242268082221	440	sous-entraînement	3
1	#F8766D	1.34242268082221	441	sous-entraînement	3
1	#F8766D	1.34242268082221	442	sous-entraînement	3
1	#F8766D	1.34242268082221	443	sous-entraînement	3
1	#F8766D	1.34242268082221	444	sous-entraînement	3
1	#F8766D	1.34242268082221	445	sous-entraînement	3
1	#F8766D	1.34242268082221	446	sous-entraînement	3
1	#F8766D	1.34242268082221	447	sous-entraînement	3
1	#F8766D	1.34242268082221	448	sous-entraînement	3
1	#F8766D	1.34242268082221	449	sous-entraînement	3
1	#F8766D	1.34242268082221	450	sous-entraînement	3
1	#F8766D	1.34242268082221	451	sous-entraînement	3
1	#F8766D	1.34242268082221	452	sous-entraînement	3
1	#F8766D	1.34242268082221	453	sous-entraînement	3
1	#F8766D	1.34242268082221	454	sous-entraînement	3
1	#F8766D	1.34242268082221	455	sous-entraînement	3
1	#F8766D	1.34242268082221	456	sous-entraînement	3
1	#F8766D	1.34242268082221	457	sous-entraînement	3
1	#F8766D	1.34242268082221	458	sous-entraînement	3
1	#F8766D	1.34242268082221	459	sous-entraînement	3
1	#F8766D	1.34242268082221	460	sous-entraînement	3
1	#F8766D	1.34242268082221	461	sous-entraînement	3
1	#F8766D	1.34242268082221	462	sous-entraînement	3
1	#F8766D	1.34242268082221	463	sous-entraînement	3
1	#F8766D	1.34242268082221	464	sous-entraînement	3
1	#F8766D	1.34242268082221	465	sous-entraînement	3
1	#F8766D	1.34242268082221	466	sous-entraînement	3
1	#F8766D	1.34242268082221	467	sous-entraînement	3
1	#F8766D	1.34242268082221	468	sous-entraînement	3
1	#F8766D	1.34242268082221	469	sous-entraînement	3
1	#F8766D	1.34242268082221	470	sous-entraînement	3
1	#F8766D	1.34242268082221	471	sous-entraînement	3
1	#F8766D	1.30102999566398	472	sous-entraînement	3
1	#F8766D	1.30102999566398	473	sous-entraînement	3
1	#F8766D	1.30102999566398	474	sous-entraînement	3
1	#F8766D	1.30102999566398	475	sous-entraînement	3
1	#F8766D	1.30102999566398	476	sous-entraînement	3
1	#F8766D	1.34242268082221	477	sous-entraînement	3
1	#F8766D	1.34242268082221	478	sous-entraînement	3
1	#F8766D	1.34242268082221	479	sous-entraînement	3
1	#F8766D	1.34242268082221	480	sous-entraînement	3
1	#F8766D	1.34242268082221	481	sous-entraînement	3
1	#F8766D	1.34242268082221	482	sous-entraînement	3
1	#F8766D	1.34242268082221	483	sous-entraînement	3
1	#F8766D	1.34242268082221	484	sous-entraînement	3
1	#F8766D	1.34242268082221	485	sous-entraînement	3
1	#F8766D	1.34242268082221	486	sous-entraînement	3
1	#F8766D	1.34242268082221	487	sous-entraînement	3
1	#F8766D	1.34242268082221	488	sous-entraînement	3
1	#F8766D	1.34242268082221	489	sous-entraînement	3
1	#F8766D	1.34242268082221	490	sous-entraînement	3
1	#F8766D	1.34242268082221	491	sous-entraînement	3
1	#F8766D	1.34242268082221	492	sous-entraînement	3
1	#F8766D	1.34242268082221	493	sous-entraînement	3
1	#F8766D	1.34242268082221	494	sous-entraînement	3
1	#F8766D	1.34242268082221	495	sous-entraînement	3
1	#F8766D	1.34242268082221	496	sous-entraînement	3
1	#F8766D	1.34242268082221	497	sous-entraînement	3
1	#F8766D	1.34242268082221	498	sous-entraînement	3
1	#F8766D	1.34242268082221	499	sous-entraînement	3
1	#F8766D	1.34242268082221	500	sous-entraînement	3
1	#F8766D	1.34242268082221	501	sous-entraînement	3
1	#F8766D	1.34242268082221	502	sous-entraînement	3
1	#F8766D	1.34242268082221	503	sous-entraînement	3
1	#F8766D	1.34242268082221	504	sous-entraînement	3
1	#F8766D	1.34242268082221	505	sous-entraînement	3
1	#F8766D	1.34242268082221	506	sous-entraînement	3
1	#F8766D	1.34242268082221	507	sous-entraînement	3
1	#F8766D	1.34242268082221	508	sous-entraînement	3
1	#F8766D	1.34242268082221	509	sous-entraînement	3
1	#F8766D	1.34242268082221	510	sous-entraînement	3
1	#F8766D	1.34242268082221	511	sous-entraînement	3
1	#F8766D	1.34242268082221	512	sous-entraînement	3
1	#F8766D	1.34242268082221	513	sous-entraînement	3
1	#F8766D	1.34242268082221	514	sous-entraînement	3
1	#F8766D	1.34242268082221	515	sous-entraînement	3
1	#F8766D	1.34242268082221	516	sous-entraînement	3
1	#F8766D	1.34242268082221	517	sous-entraînement	3
1	#F8766D	1.34242268082221	518	sous-entraînement	3
1	#F8766D	1.34242268082221	519	sous-entraînement	3
1	#F8766D	1.34242268082221	520	sous-entraînement	3
1	#F8766D	1.34242268082221	521	sous-entraînement	3
1	#F8766D	1.34242268082221	522	sous-entraînement	3
1	#F8766D	1.34242268082221	523	sous-entraînement	3
1	#F8766D	1.34242268082221	524	sous-entraînement	3
1	#F8766D	1.34242268082221	525	sous-entraînement	3
1	#F8766D	1.34242268082221	526	sous-entraînement	3
1	#F8766D	1.34242268082221	527	sous-entraînement	3
1	#F8766D	1.34242268082221	528	sous-entraînement	3
1	#F8766D	1.34242268082221	529	sous-entraînement	3
1	#F8766D	1.34242268082221	530	sous-entraînement	3
1	#F8766D	1.34242268082221	531	sous-entraînement	3
1	#F8766D	1.34242268082221	532	sous-entraînement	3
1	#F8766D	1.34242268082221	533	sous-entraînement	3
1	#F8766D	1.34242268082221	534	sous-entraînement	3
1	#F8766D	1.34242268082221	535	sous-entraînement	3
1	#F8766D	1.34242268082221	536	sous-entraînement	3
1	#F8766D	1.34242268082221	537	sous-entraînement	3
1	#F8766D	1.34242268082221	538	sous-entraînement	3
1	#F8766D	1.34242268082221	539	sous-entraînement	3
1	#F8766D	1.34242268082221	540	sous-entraînement	3
1	#F8766D	1.34242268082221	541	sous-entraînement	3
1	#F8766D	1.34242268082221	542	sous-entraînement	3
1	#F8766D	1.34242268082221	543	sous-entraînement	3
1	#F8766D	1.34242268082221	544	sous-entraînement	3
1	#F8766D	1.34242268082221	545	sous-entraînement	3
1	#F8766D	1.34242268082221	546	sous-entraînement	3
1	#F8766D	1.34242268082221	547	sous-entraînement	3
1	#F8766D	1.34242268082221	548	sous-entraînement	3
1	#F8766D	1.34242268082221	549	sous-entraînement	3
1	#F8766D	1.34242268082221	550	sous-entraînement	3
1	#F8766D	1.34242268082221	551	sous-entraînement	3
1	#F8766D	1.34242268082221	552	sous-entraînement	3
1	#F8766D	1.34242268082221	553	sous-entraînement	3
1	#F8766D	1.34242268082221	554	sous-entraînement	3
1	#F8766D	1.34242268082221	555	sous-entraînement	3
1	#F8766D	1.34242268082221	556	sous-entraînement	3
1	#F8766D	1.34242268082221	557	sous-entraînement	3
1	#F8766D	1.34242268082221	558	sous-entraînement	3
1	#F8766D	1.34242268082221	559	sous-entraînement	3
1	#F8766D	1.34242268082221	560	sous-entraînement	3
1	#F8766D	1.34242268082221	561	sous-entraînement	3
1	#F8766D	1.34242268082221	562	sous-entraînement	3
1	#F8766D	1.34242268082221	563	sous-entraînement	3
1	#F8766D	1.34242268082221	564	sous-entraînement	3
1	#F8766D	1.34242268082221	565	sous-entraînement	3
1	#F8766D	1.34242268082221	566	sous-entraînement	3
1	#F8766D	1.34242268082221	567	sous-entraînement	3
1	#F8766D	1.34242268082221	568	sous-entraînement	3
1	#F8766D	1.34242268082221	569	sous-entraînement	3
1	#F8766D	1.34242268082221	570	sous-entraînement	3
1	#F8766D	1.34242268082221	571	sous-entraînement	3
1	#F8766D	1.34242268082221	572	sous-entraînement	3
1	#F8766D	1.34242268082221	573	sous-entraînement	3
1	#F8766D	1.34242268082221	574	sous-entraînement	3
1	#F8766D	1.34242268082221	575	sous-entraînement	3
1	#F8766D	1.34242268082221	576	sous-entraînement	3
1	#F8766D	1.34242268082221	577	sous-entraînement	3
1	#F8766D	1.34242268082221	578	sous-entraînement	3
1	#F8766D	1.34242268082221	579	sous-entraînement	3
1	#F8766D	1.34242268082221	580	sous-entraînement	3
1	#F8766D	1.34242268082221	581	sous-entraînement	3
1	#F8766D	1.34242268082221	582	sous-entraînement	3
1	#F8766D	1.34242268082221	583	sous-entraînement	3
1	#F8766D	1.34242268082221	584	sous-entraînement	3
1	#F8766D	1.34242268082221	585	sous-entraînement	3
1	#F8766D	1.34242268082221	586	sous-entraînement	3
1	#F8766D	1.34242268082221	587	sous-entraînement	3
1	#F8766D	1.34242268082221	588	sous-entraînement	3
1	#F8766D	1.34242268082221	589	sous-entraînement	3
1	#F8766D	1.34242268082221	590	sous-entraînement	3
1	#F8766D	1.34242268082221	591	sous-entraînement	3
1	#F8766D	1.34242268082221	592	sous-entraînement	3
1	#F8766D	1.34242268082221	593	sous-entraînement	3
1	#F8766D	1.34242268082221	594	sous-entraînement	3
1	#F8766D	1.34242268082221	595	sous-entraînement	3
1	#F8766D	1.34242268082221	596	sous-entraînement	3
1	#F8766D	1.34242268082221	597	sous-entraînement	3
1	#F8766D	1.34242268082221	598	sous-entraînement	3
1	#F8766D	1.34242268082221	599	sous-entraînement	3
1	#F8766D	1.34242268082221	600	sous-entraînement	3
1	#F8766D	1.34242268082221	601	sous-entraînement	3
1	#F8766D	1.34242268082221	602	sous-entraînement	3
1	#F8766D	1.34242268082221	603	sous-entraînement	3
1	#F8766D	1.34242268082221	604	sous-entraînement	3
1	#F8766D	1.34242268082221	605	sous-entraînement	3
1	#F8766D	1.34242268082221	606	sous-entraînement	3
1	#F8766D	1.34242268082221	607	sous-entraînement	3
1	#F8766D	1.34242268082221	608	sous-entraînement	3
1	#F8766D	1.34242268082221	609	sous-entraînement	3
1	#F8766D	1.34242268082221	610	sous-entraînement	3
1	#F8766D	1.34242268082221	611	sous-entraînement	3
1	#F8766D	1.34242268082221	612	sous-entraînement	3
1	#F8766D	1.34242268082221	613	sous-entraînement	3
1	#F8766D	1.34242268082221	614	sous-entraînement	3
1	#F8766D	1.34242268082221	615	sous-entraînement	3
1	#F8766D	1.34242268082221	616	sous-entraînement	3
1	#F8766D	1.34242268082221	617	sous-entraînement	3
1	#F8766D	1.34242268082221	618	sous-entraînement	3
1	#F8766D	1.34242268082221	619	sous-entraînement	3
1	#F8766D	1.34242268082221	620	sous-entraînement	3
1	#F8766D	1.34242268082221	621	sous-entraînement	3
1	#F8766D	1.34242268082221	622	sous-entraînement	3
1	#F8766D	1.34242268082221	623	sous-entraînement	3
1	#F8766D	1.34242268082221	624	sous-entraînement	3
1	#F8766D	1.34242268082221	625	sous-entraînement	3
1	#F8766D	1.34242268082221	626	sous-entraînement	3
1	#F8766D	1.34242268082221	627	sous-entraînement	3
1	#F8766D	1.34242268082221	628	sous-entraînement	3
1	#F8766D	1.34242268082221	629	sous-entraînement	3
1	#F8766D	1.34242268082221	630	sous-entraînement	3
1	#F8766D	1.34242268082221	631	sous-entraînement	3
1	#F8766D	1.34242268082221	632	sous-entraînement	3
1	#F8766D	1.34242268082221	633	sous-entraînement	3
1	#F8766D	1.34242268082221	634	sous-entraînement	3
1	#F8766D	1.34242268082221	635	sous-entraînement	3
1	#F8766D	1.34242268082221	636	sous-entraînement	3
1	#F8766D	1.34242268082221	637	sous-entraînement	3
1	#F8766D	1.34242268082221	638	sous-entraînement	3
1	#F8766D	1.34242268082221	639	sous-entraînement	3
1	#F8766D	1.34242268082221	640	sous-entraînement	3
1	#F8766D	1.34242268082221	641	sous-entraînement	3
1	#F8766D	1.34242268082221	642	sous-entraînement	3
1	#F8766D	1.34242268082221	643	sous-entraînement	3
1	#F8766D	1.34242268082221	644	sous-entraînement	3
1	#F8766D	1.34242268082221	645	sous-entraînement	3
1	#F8766D	1.34242268082221	646	sous-entraînement	3
1	#F8766D	1.34242268082221	647	sous-entraînement	3
1	#F8766D	1.34242268082221	648	sous-entraînement	3
1	#F8766D	1.34242268082221	649	sous-entraînement	3
1	#F8766D	1.34242268082221	650	sous-entraînement	3
1	#F8766D	1.34242268082221	651	sous-entraînement	3
1	#F8766D	1.34242268082221	652	sous-entraînement	3
1	#F8766D	1.34242268082221	653	sous-entraînement	3
1	#F8766D	1.34242268082221	654	sous-entraînement	3
1	#F8766D	1.34242268082221	655	sous-entraînement	3
1	#F8766D	1.34242268082221	656	sous-entraînement	3
1	#F8766D	1.34242268082221	657	sous-entraînement	3
1	#F8766D	1.34242268082221	658	sous-entraînement	3
1	#F8766D	1.34242268082221	659	sous-entraînement	3
1	#F8766D	1.34242268082221	660	sous-entraînement	3
1	#F8766D	1.34242268082221	661	sous-entraînement	3
1	#F8766D	1.34242268082221	662	sous-entraînement	3
1	#F8766D	1.34242268082221	663	sous-entraînement	3
1	#F8766D	1.34242268082221	664	sous-entraînement	3
1	#F8766D	1.34242268082221	665	sous-entraînement	3
1	#F8766D	1.34242268082221	666	sous-entraînement	3
1	#F8766D	1.34242268082221	667	sous-entraînement	3
1	#F8766D	1.34242268082221	668	sous-entraînement	3
1	#F8766D	1.34242268082221	669	sous-entraînement	3
1	#F8766D	1.34242268082221	670	sous-entraînement	3
1	#F8766D	1.34242268082221	671	sous-entraînement	3
1	#F8766D	1.34242268082221	672	sous-entraînement	3
1	#F8766D	1.34242268082221	673	sous-entraînement	3
1	#F8766D	1.34242268082221	674	sous-entraînement	3
1	#F8766D	1.34242268082221	675	sous-entraînement	3
1	#F8766D	1.34242268082221	676	sous-entraînement	3
1	#F8766D	1.34242268082221	677	sous-entraînement	3
1	#F8766D	1.34242268082221	678	sous-entraînement	3
1	#F8766D	1.34242268082221	679	sous-entraînement	3
1	#F8766D	1.34242268082221	680	sous-entraînement	3
1	#F8766D	1.34242268082221	681	sous-entraînement	3
1	#F8766D	1.34242268082221	682	sous-entraînement	3
1	#F8766D	1.34242268082221	683	sous-entraînement	3
1	#F8766D	1.34242268082221	684	sous-entraînement	3
1	#F8766D	1.34242268082221	685	sous-entraînement	3
1	#F8766D	1.34242268082221	686	sous-entraînement	3
1	#F8766D	1.34242268082221	687	sous-entraînement	3
1	#F8766D	1.34242268082221	688	sous-entraînement	3
1	#F8766D	1.34242268082221	689	sous-entraînement	3
1	#F8766D	1.34242268082221	690	sous-entraînement	3
1	#F8766D	1.34242268082221	691	sous-entraînement	3
1	#F8766D	1.34242268082221	692	sous-entraînement	3
1	#F8766D	1.34242268082221	693	sous-entraînement	3
1	#F8766D	1.34242268082221	694	sous-entraînement	3
1	#F8766D	1.34242268082221	695	sous-entraînement	3
1	#F8766D	1.34242268082221	696	sous-entraînement	3
1	#F8766D	1.34242268082221	697	sous-entraînement	3
1	#F8766D	1.34242268082221	698	sous-entraînement	3
1	#F8766D	1.34242268082221	699	sous-entraînement	3
1	#F8766D	1.34242268082221	700	sous-entraînement	3
1	#F8766D	1.34242268082221	701	sous-entraînement	3
1	#F8766D	1.34242268082221	702	sous-entraînement	3
1	#F8766D	1.34242268082221	703	sous-entraînement	3
1	#F8766D	1.34242268082221	704	sous-entraînement	3
1	#F8766D	1.34242268082221	705	sous-entraînement	3
1	#F8766D	1.34242268082221	706	sous-entraînement	3
1	#F8766D	1.34242268082221	707	sous-entraînement	3
1	#F8766D	1.34242268082221	708	sous-entraînement	3
1	#F8766D	1.34242268082221	709	sous-entraînement	3
1	#F8766D	1.34242268082221	710	sous-entraînement	3
1	#F8766D	1.34242268082221	711	sous-entraînement	3
1	#F8766D	1.34242268082221	712	sous-entraînement	3
1	#F8766D	1.34242268082221	713	sous-entraînement	3
1	#F8766D	1.34242268082221	714	sous-entraînement	3
1	#F8766D	1.34242268082221	715	sous-entraînement	3
1	#F8766D	1.34242268082221	716	sous-entraînement	3
1	#F8766D	1.34242268082221	717	sous-entraînement	3
1	#F8766D	1.34242268082221	718	sous-entraînement	3
1	#F8766D	1.34242268082221	719	sous-entraînement	3
1	#F8766D	1.34242268082221	720	sous-entraînement	3
1	#F8766D	1.34242268082221	721	sous-entraînement	3
1	#F8766D	1.34242268082221	722	sous-entraînement	3
1	#F8766D	1.34242268082221	723	sous-entraînement	3
1	#F8766D	1.34242268082221	724	sous-entraînement	3
1	#F8766D	1.34242268082221	725	sous-entraînement	3
1	#F8766D	1.34242268082221	726	sous-entraînement	3
1	#F8766D	1.34242268082221	727	sous-entraînement	3
1	#F8766D	1.34242268082221	728	sous-entraînement	3
1	#F8766D	1.34242268082221	729	sous-entraînement	3
1	#F8766D	1.34242268082221	730	sous-entraînement	3
1	#F8766D	1.34242268082221	731	sous-entraînement	3
1	#F8766D	1.34242268082221	732	sous-entraînement	3
1	#F8766D	1.34242268082221	733	sous-entraînement	3
1	#F8766D	1.34242268082221	734	sous-entraînement	3
1	#F8766D	1.34242268082221	735	sous-entraînement	3
1	#F8766D	1.34242268082221	736	sous-entraînement	3
1	#F8766D	1.34242268082221	737	sous-entraînement	3
1	#F8766D	1.34242268082221	738	sous-entraînement	3
1	#F8766D	1.34242268082221	739	sous-entraînement	3
1	#F8766D	1.34242268082221	740	sous-entraînement	3
1	#F8766D	1.34242268082221	741	sous-entraînement	3
1	#F8766D	1.34242268082221	742	sous-entraînement	3
1	#F8766D	1.34242268082221	743	sous-entraînement	3
1	#F8766D	1.34242268082221	744	sous-entraînement	3
1	#F8766D	1.34242268082221	745	sous-entraînement	3
1	#F8766D	1.34242268082221	746	sous-entraînement	3
1	#F8766D	1.34242268082221	747	sous-entraînement	3
1	#F8766D	1.34242268082221	748	sous-entraînement	3
1	#F8766D	1.34242268082221	749	sous-entraînement	3
1	#F8766D	1.34242268082221	750	sous-entraînement	3
1	#F8766D	1.34242268082221	751	sous-entraînement	3
1	#F8766D	1.34242268082221	752	sous-entraînement	3
1	#F8766D	1.34242268082221	753	sous-entraînement	3
1	#F8766D	1.34242268082221	754	sous-entraînement	3
1	#F8766D	1.34242268082221	755	sous-entraînement	3
1	#F8766D	1.34242268082221	756	sous-entraînement	3
1	#F8766D	1.34242268082221	757	sous-entraînement	3
1	#F8766D	1.34242268082221	758	sous-entraînement	3
1	#F8766D	1.34242268082221	759	sous-entraînement	3
1	#F8766D	1.34242268082221	760	sous-entraînement	3
1	#F8766D	1.34242268082221	761	sous-entraînement	3
1	#F8766D	1.34242268082221	762	sous-entraînement	3
1	#F8766D	1.34242268082221	763	sous-entraînement	3
1	#F8766D	1.34242268082221	764	sous-entraînement	3
1	#F8766D	1.34242268082221	765	sous-entraînement	3
1	#F8766D	1.34242268082221	766	sous-entraînement	3
1	#F8766D	1.34242268082221	767	sous-entraînement	3
1	#F8766D	1.34242268082221	768	sous-entraînement	3
1	#F8766D	1.34242268082221	769	sous-entraînement	3
1	#F8766D	1.34242268082221	770	sous-entraînement	3
1	#F8766D	1.34242268082221	771	sous-entraînement	3
1	#F8766D	1.34242268082221	772	sous-entraînement	3
1	#F8766D	1.34242268082221	773	sous-entraînement	3
1	#F8766D	1.34242268082221	774	sous-entraînement	3
1	#F8766D	1.34242268082221	775	sous-entraînement	3
1	#F8766D	1.34242268082221	776	sous-entraînement	3
1	#F8766D	1.34242268082221	777	sous-entraînement	3
1	#F8766D	1.34242268082221	778	sous-entraînement	3
1	#F8766D	1.34242268082221	779	sous-entraînement	3
1	#F8766D	1.34242268082221	780	sous-entraînement	3
1	#F8766D	1.34242268082221	781	sous-entraînement	3
1	#F8766D	1.34242268082221	782	sous-entraînement	3
1	#F8766D	1.34242268082221	783	sous-entraînement	3
1	#F8766D	1.34242268082221	784	sous-entraînement	3
1	#F8766D	1.34242268082221	785	sous-entraînement	3
1	#F8766D	1.34242268082221	786	sous-entraînement	3
1	#F8766D	1.34242268082221	787	sous-entraînement	3
1	#F8766D	1.34242268082221	788	sous-entraînement	3
1	#F8766D	1.34242268082221	789	sous-entraînement	3
1	#F8766D	1.34242268082221	790	sous-entraînement	3
1	#F8766D	1.34242268082221	791	sous-entraînement	3
1	#F8766D	1.34242268082221	792	sous-entraînement	3
1	#F8766D	1.34242268082221	793	sous-entraînement	3
1	#F8766D	1.34242268082221	794	sous-entraînement	3
1	#F8766D	1.34242268082221	795	sous-entraînement	3
1	#F8766D	1.34242268082221	796	sous-entraînement	3
1	#F8766D	1.34242268082221	797	sous-entraînement	3
1	#F8766D	1.34242268082221	798	sous-entraînement	3
1	#F8766D	1.34242268082221	799	sous-entraînement	3
1	#F8766D	1.34242268082221	800	sous-entraînement	3
1	#F8766D	1.34242268082221	801	sous-entraînement	3
1	#F8766D	1.34242268082221	802	sous-entraînement	3
1	#F8766D	1.34242268082221	803	sous-entraînement	3
1	#F8766D	1.34242268082221	804	sous-entraînement	3
1	#F8766D	1.34242268082221	805	sous-entraînement	3
1	#F8766D	1.34242268082221	806	sous-entraînement	3
1	#F8766D	1.34242268082221	807	sous-entraînement	3
1	#F8766D	1.34242268082221	808	sous-entraînement	3
1	#F8766D	1.34242268082221	809	sous-entraînement	3
1	#F8766D	1.34242268082221	810	sous-entraînement	3
1	#F8766D	1.34242268082221	811	sous-entraînement	3
1	#F8766D	1.34242268082221	812	sous-entraînement	3
1	#F8766D	1.34242268082221	813	sous-entraînement	3
1	#F8766D	1.34242268082221	814	sous-entraînement	3
1	#F8766D	1.34242268082221	815	sous-entraînement	3
1	#F8766D	1.34242268082221	816	sous-entraînement	3
1	#F8766D	1.34242268082221	817	sous-entraînement	3
1	#F8766D	1.34242268082221	818	sous-entraînement	3
1	#F8766D	1.34242268082221	819	sous-entraînement	3
1	#F8766D	1.34242268082221	820	sous-entraînement	3
1	#F8766D	1.34242268082221	821	sous-entraînement	3
1	#F8766D	1.34242268082221	822	sous-entraînement	3
1	#F8766D	1.34242268082221	823	sous-entraînement	3
1	#F8766D	1.34242268082221	824	sous-entraînement	3
1	#F8766D	1.34242268082221	825	sous-entraînement	3
1	#F8766D	1.34242268082221	826	sous-entraînement	3
1	#F8766D	1.34242268082221	827	sous-entraînement	3
1	#F8766D	1.34242268082221	828	sous-entraînement	3
1	#F8766D	1.34242268082221	829	sous-entraînement	3
1	#F8766D	1.34242268082221	830	sous-entraînement	3
1	#F8766D	1.34242268082221	831	sous-entraînement	3
1	#F8766D	1.34242268082221	832	sous-entraînement	3
1	#F8766D	1.34242268082221	833	sous-entraînement	3
1	#F8766D	1.34242268082221	834	sous-entraînement	3
1	#F8766D	1.34242268082221	835	sous-entraînement	3
1	#F8766D	1.34242268082221	836	sous-entraînement	3
1	#F8766D	1.34242268082221	837	sous-entraînement	3
1	#F8766D	1.34242268082221	838	sous-entraînement	3
1	#F8766D	1.34242268082221	839	sous-entraînement	3
1	#F8766D	1.34242268082221	840	sous-entraînement	3
1	#F8766D	1.34242268082221	841	sous-entraînement	3
1	#F8766D	1.34242268082221	842	sous-entraînement	3
1	#F8766D	1.34242268082221	843	sous-entraînement	3
1	#F8766D	1.34242268082221	844	sous-entraînement	3
1	#F8766D	1.34242268082221	845	sous-entraînement	3
1	#F8766D	1.34242268082221	846	sous-entraînement	3
1	#F8766D	1.34242268082221	847	sous-entraînement	3
1	#F8766D	1.34242268082221	848	sous-entraînement	3
1	#F8766D	1.34242268082221	849	sous-entraînement	3
1	#F8766D	1.34242268082221	850	sous-entraînement	3
1	#F8766D	1.34242268082221	851	sous-entraînement	3
1	#F8766D	1.34242268082221	852	sous-entraînement	3
1	#F8766D	1.34242268082221	853	sous-entraînement	3
1	#F8766D	1.34242268082221	854	sous-entraînement	3
1	#F8766D	1.34242268082221	855	sous-entraînement	3
1	#F8766D	1.34242268082221	856	sous-entraînement	3
1	#F8766D	1.34242268082221	857	sous-entraînement	3
1	#F8766D	1.34242268082221	858	sous-entraînement	3
1	#F8766D	1.34242268082221	859	sous-entraînement	3
1	#F8766D	1.34242268082221	860	sous-entraînement	3
1	#F8766D	1.34242268082221	861	sous-entraînement	3
1	#F8766D	1.34242268082221	862	sous-entraînement	3
1	#F8766D	1.34242268082221	863	sous-entraînement	3
1	#F8766D	1.34242268082221	864	sous-entraînement	3
1	#F8766D	1.34242268082221	865	sous-entraînement	3
1	#F8766D	1.34242268082221	866	sous-entraînement	3
1	#F8766D	1.34242268082221	867	sous-entraînement	3
1	#F8766D	1.34242268082221	868	sous-entraînement	3
1	#F8766D	1.34242268082221	869	sous-entraînement	3
1	#F8766D	1.34242268082221	870	sous-entraînement	3
1	#F8766D	1.34242268082221	871	sous-entraînement	3
1	#F8766D	1.34242268082221	872	sous-entraînement	3
1	#F8766D	1.34242268082221	873	sous-entraînement	3
1	#F8766D	1.34242268082221	874	sous-entraînement	3
1	#F8766D	1.34242268082221	875	sous-entraînement	3
1	#F8766D	1.34242268082221	876	sous-entraînement	3
1	#F8766D	1.34242268082221	877	sous-entraînement	3
1	#F8766D	1.34242268082221	878	sous-entraînement	3
1	#F8766D	1.34242268082221	879	sous-entraînement	3
1	#F8766D	1.34242268082221	880	sous-entraînement	3
1	#F8766D	1.34242268082221	881	sous-entraînement	3
1	#F8766D	1.34242268082221	882	sous-entraînement	3
1	#F8766D	1.34242268082221	883	sous-entraînement	3
1	#F8766D	1.34242268082221	884	sous-entraînement	3
1	#F8766D	1.34242268082221	885	sous-entraînement	3
1	#F8766D	1.34242268082221	886	sous-entraînement	3
1	#F8766D	1.34242268082221	887	sous-entraînement	3
1	#F8766D	1.34242268082221	888	sous-entraînement	3
1	#F8766D	1.34242268082221	889	sous-entraînement	3
1	#F8766D	1.34242268082221	890	sous-entraînement	3
1	#F8766D	1.34242268082221	891	sous-entraînement	3
1	#F8766D	1.34242268082221	892	sous-entraînement	3
1	#F8766D	1.34242268082221	893	sous-entraînement	3
1	#F8766D	1.34242268082221	894	sous-entraînement	3
1	#F8766D	1.34242268082221	895	sous-entraînement	3
1	#F8766D	1.34242268082221	896	sous-entraînement	3
1	#F8766D	1.34242268082221	897	sous-entraînement	3
1	#F8766D	1.34242268082221	898	sous-entraînement	3
1	#F8766D	1.34242268082221	899	sous-entraînement	3
1	#F8766D	1.34242268082221	900	sous-entraînement	3
1	#F8766D	1.34242268082221	901	sous-entraînement	3
1	#F8766D	1.34242268082221	902	sous-entraînement	3
1	#F8766D	1.34242268082221	903	sous-entraînement	3
1	#F8766D	1.34242268082221	904	sous-entraînement	3
1	#F8766D	1.34242268082221	905	sous-entraînement	3
1	#F8766D	1.34242268082221	906	sous-entraînement	3
1	#F8766D	1.34242268082221	907	sous-entraînement	3
1	#F8766D	1.34242268082221	908	sous-entraînement	3
1	#F8766D	1.34242268082221	909	sous-entraînement	3
1	#F8766D	1.34242268082221	910	sous-entraînement	3
1	#F8766D	1.34242268082221	911	sous-entraînement	3
1	#F8766D	1.34242268082221	912	sous-entraînement	3
1	#F8766D	1.34242268082221	913	sous-entraînement	3
1	#F8766D	1.34242268082221	914	sous-entraînement	3
1	#F8766D	1.34242268082221	915	sous-entraînement	3
1	#F8766D	1.34242268082221	916	sous-entraînement	3
1	#F8766D	1.34242268082221	917	sous-entraînement	3
1	#F8766D	1.34242268082221	918	sous-entraînement	3
1	#F8766D	1.34242268082221	919	sous-entraînement	3
1	#F8766D	1.34242268082221	920	sous-entraînement	3
1	#F8766D	1.34242268082221	921	sous-entraînement	3
1	#F8766D	1.34242268082221	922	sous-entraînement	3
1	#F8766D	1.34242268082221	923	sous-entraînement	3
1	#F8766D	1.34242268082221	924	sous-entraînement	3
1	#F8766D	1.34242268082221	925	sous-entraînement	3
1	#F8766D	1.34242268082221	926	sous-entraînement	3
1	#F8766D	1.34242268082221	927	sous-entraînement	3
1	#F8766D	1.34242268082221	928	sous-entraînement	3
1	#F8766D	1.34242268082221	929	sous-entraînement	3
1	#F8766D	1.34242268082221	930	sous-entraînement	3
1	#F8766D	1.34242268082221	931	sous-entraînement	3
1	#F8766D	1.34242268082221	932	sous-entraînement	3
1	#F8766D	1.34242268082221	933	sous-entraînement	3
1	#F8766D	1.34242268082221	934	sous-entraînement	3
1	#F8766D	1.34242268082221	935	sous-entraînement	3
1	#F8766D	1.34242268082221	936	sous-entraînement	3
1	#F8766D	1.34242268082221	937	sous-entraînement	3
1	#F8766D	1.34242268082221	938	sous-entraînement	3
1	#F8766D	1.34242268082221	939	sous-entraînement	3
1	#F8766D	1.34242268082221	940	sous-entraînement	3
1	#F8766D	1.34242268082221	941	sous-entraînement	3
1	#F8766D	1.34242268082221	942	sous-entraînement	3
1	#F8766D	1.34242268082221	943	sous-entraînement	3
1	#F8766D	1.34242268082221	944	sous-entraînement	3
1	#F8766D	1.34242268082221	945	sous-entraînement	3
1	#F8766D	1.34242268082221	946	sous-entraînement	3
1	#F8766D	1.34242268082221	947	sous-entraînement	3
1	#F8766D	1.34242268082221	948	sous-entraînement	3
1	#F8766D	1.34242268082221	949	sous-entraînement	3
1	#F8766D	1.34242268082221	950	sous-entraînement	3
1	#F8766D	1.34242268082221	951	sous-entraînement	3
1	#F8766D	1.34242268082221	952	sous-entraînement	3
1	#F8766D	1.34242268082221	953	sous-entraînement	3
1	#F8766D	1.34242268082221	954	sous-entraînement	3
1	#F8766D	1.34242268082221	955	sous-entraînement	3
1	#F8766D	1.34242268082221	956	sous-entraînement	3
1	#F8766D	1.34242268082221	957	sous-entraînement	3
1	#F8766D	1.34242268082221	958	sous-entraînement	3
1	#F8766D	1.34242268082221	959	sous-entraînement	3
1	#F8766D	1.34242268082221	960	sous-entraînement	3
1	#F8766D	1.34242268082221	961	sous-entraînement	3
1	#F8766D	1.34242268082221	962	sous-entraînement	3
1	#F8766D	1.34242268082221	963	sous-entraînement	3
1	#F8766D	1.34242268082221	964	sous-entraînement	3
1	#F8766D	1.34242268082221	965	sous-entraînement	3
1	#F8766D	1.34242268082221	966	sous-entraînement	3
1	#F8766D	1.34242268082221	967	sous-entraînement	3
1	#F8766D	1.34242268082221	968	sous-entraînement	3
1	#F8766D	1.34242268082221	969	sous-entraînement	3
1	#F8766D	1.34242268082221	970	sous-entraînement	3
1	#F8766D	1.34242268082221	971	sous-entraînement	3
1	#F8766D	1.34242268082221	972	sous-entraînement	3
1	#F8766D	1.34242268082221	973	sous-entraînement	3
1	#F8766D	1.34242268082221	974	sous-entraînement	3
1	#F8766D	1.34242268082221	975	sous-entraînement	3
1	#F8766D	1.34242268082221	976	sous-entraînement	3
1	#F8766D	1.34242268082221	977	sous-entraînement	3
1	#F8766D	1.34242268082221	978	sous-entraînement	3
1	#F8766D	1.34242268082221	979	sous-entraînement	3
1	#F8766D	1.34242268082221	980	sous-entraînement	3
1	#F8766D	1.34242268082221	981	sous-entraînement	3
1	#F8766D	1.34242268082221	982	sous-entraînement	3
1	#F8766D	1.34242268082221	983	sous-entraînement	3
1	#F8766D	1.34242268082221	984	sous-entraînement	3
1	#F8766D	1.34242268082221	985	sous-entraînement	3
1	#F8766D	1.34242268082221	986	sous-entraînement	3
1	#F8766D	1.34242268082221	987	sous-entraînement	3
1	#F8766D	1.34242268082221	988	sous-entraînement	3
1	#F8766D	1.34242268082221	989	sous-entraînement	3
1	#F8766D	1.34242268082221	990	sous-entraînement	3
1	#F8766D	1.34242268082221	991	sous-entraînement	3
1	#F8766D	1.34242268082221	992	sous-entraînement	3
1	#F8766D	1.34242268082221	993	sous-entraînement	3
1	#F8766D	1.34242268082221	994	sous-entraînement	3
1	#F8766D	1.34242268082221	995	sous-entraînement	3
1	#F8766D	1.34242268082221	996	sous-entraînement	3
1	#F8766D	1.34242268082221	997	sous-entraînement	3
1	#F8766D	1.34242268082221	998	sous-entraînement	3
1	#F8766D	1.34242268082221	999	sous-entraînement	3
1	#F8766D	1.34242268082221	1000	sous-entraînement	3
1	#F8766D	1.76342799356294	1	sous-entraînement	4
1	#F8766D	1.57978359661681	2	sous-entraînement	4
1	#F8766D	1.80617997398389	3	sous-entraînement	4
1	#F8766D	1.53147891704226	4	sous-entraînement	4
1	#F8766D	1.84509804001426	5	sous-entraînement	4
1	#F8766D	1.53147891704226	6	sous-entraînement	4
1	#F8766D	1.64345267648619	7	sous-entraînement	4
1	#F8766D	1.53147891704226	8	sous-entraînement	4
1	#F8766D	1.69897000433602	9	sous-entraînement	4
1	#F8766D	1.53147891704226	10	sous-entraînement	4
1	#F8766D	1.55630250076729	11	sous-entraînement	4
1	#F8766D	1.53147891704226	12	sous-entraînement	4
1	#F8766D	1.57978359661681	13	sous-entraînement	4
1	#F8766D	1.53147891704226	14	sous-entraînement	4
1	#F8766D	1.53147891704226	15	sous-entraînement	4
1	#F8766D	1.53147891704226	16	sous-entraînement	4
1	#F8766D	1.50514997831991	17	sous-entraînement	4
1	#F8766D	1.53147891704226	18	sous-entraînement	4
1	#F8766D	1.44715803134222	19	sous-entraînement	4
1	#F8766D	1.53147891704226	20	sous-entraînement	4
1	#F8766D	1.34242268082221	21	sous-entraînement	4
1	#F8766D	1.50514997831991	22	sous-entraînement	4
1	#F8766D	1.38021124171161	23	sous-entraînement	4
1	#F8766D	1.47712125471966	24	sous-entraînement	4
1	#F8766D	1.20411998265592	25	sous-entraînement	4
1	#F8766D	1.38021124171161	26	sous-entraînement	4
1	#F8766D	1.14612803567824	27	sous-entraînement	4
1	#F8766D	1.20411998265592	28	sous-entraînement	4
1	#F8766D	1.14612803567824	29	sous-entraînement	4
1	#F8766D	1.14612803567824	30	sous-entraînement	4
1	#F8766D	1.14612803567824	31	sous-entraînement	4
1	#F8766D	1.07918124604762	32	sous-entraînement	4
1	#F8766D	1.14612803567824	33	sous-entraînement	4
1	#F8766D	1.14612803567824	34	sous-entraînement	4
1	#F8766D	1	35	sous-entraînement	4
1	#F8766D	1.14612803567824	36	sous-entraînement	4
1	#F8766D	1	37	sous-entraînement	4
1	#F8766D	1.07918124604762	38	sous-entraînement	4
1	#F8766D	1	39	sous-entraînement	4
1	#F8766D	1.07918124604762	40	sous-entraînement	4
1	#F8766D	1	41	sous-entraînement	4
1	#F8766D	1	42	sous-entraînement	4
1	#F8766D	0.903089986991944	43	sous-entraînement	4
1	#F8766D	0.778151250383644	44	sous-entraînement	4
1	#F8766D	0.903089986991944	45	sous-entraînement	4
1	#F8766D	0.778151250383644	46	sous-entraînement	4
1	#F8766D	0.903089986991944	47	sous-entraînement	4
1	#F8766D	0.778151250383644	48	sous-entraînement	4
1	#F8766D	0.778151250383644	49	sous-entraînement	4
1	#F8766D	0.778151250383644	50	sous-entraînement	4
1	#F8766D	0.778151250383644	51	sous-entraînement	4
1	#F8766D	0.778151250383644	52	sous-entraînement	4
1	#F8766D	0.778151250383644	53	sous-entraînement	4
1	#F8766D	0.778151250383644	54	sous-entraînement	4
1	#F8766D	0.778151250383644	55	sous-entraînement	4
1	#F8766D	0.778151250383644	56	sous-entraînement	4
1	#F8766D	0.778151250383644	57	sous-entraînement	4
1	#F8766D	0.778151250383644	58	sous-entraînement	4
1	#F8766D	0.778151250383644	59	sous-entraînement	4
1	#F8766D	0.778151250383644	60	sous-entraînement	4
1	#F8766D	0.778151250383644	61	sous-entraînement	4
1	#F8766D	0.778151250383644	62	sous-entraînement	4
1	#F8766D	0.778151250383644	63	sous-entraînement	4
1	#F8766D	0.778151250383644	64	sous-entraînement	4
1	#F8766D	0.778151250383644	65	sous-entraînement	4
1	#F8766D	0.778151250383644	66	sous-entraînement	4
1	#F8766D	0.778151250383644	67	sous-entraînement	4
1	#F8766D	0.778151250383644	68	sous-entraînement	4
1	#F8766D	0.778151250383644	69	sous-entraînement	4
1	#F8766D	0.778151250383644	70	sous-entraînement	4
1	#F8766D	0.778151250383644	71	sous-entraînement	4
1	#F8766D	0.778151250383644	72	sous-entraînement	4
1	#F8766D	0.778151250383644	73	sous-entraînement	4
1	#F8766D	0.778151250383644	74	sous-entraînement	4
1	#F8766D	0.778151250383644	75	sous-entraînement	4
1	#F8766D	0.778151250383644	76	sous-entraînement	4
1	#F8766D	0.778151250383644	77	sous-entraînement	4
1	#F8766D	0.778151250383644	78	sous-entraînement	4
1	#F8766D	0.778151250383644	79	sous-entraînement	4
1	#F8766D	0.778151250383644	80	sous-entraînement	4
1	#F8766D	0.778151250383644	81	sous-entraînement	4
1	#F8766D	0.778151250383644	82	sous-entraînement	4
1	#F8766D	0.778151250383644	83	sous-entraînement	4
1	#F8766D	0.602059991327962	84	sous-entraînement	4
1	#F8766D	0.778151250383644	85	sous-entraînement	4
1	#F8766D	0.602059991327962	86	sous-entraînement	4
1	#F8766D	0.778151250383644	87	sous-entraînement	4
1	#F8766D	0.602059991327962	88	sous-entraînement	4
1	#F8766D	0.602059991327962	89	sous-entraînement	4
1	#F8766D	0.602059991327962	90	sous-entraînement	4
1	#F8766D	0.602059991327962	91	sous-entraînement	4
1	#F8766D	0.602059991327962	92	sous-entraînement	4
1	#F8766D	0.602059991327962	93	sous-entraînement	4
1	#F8766D	0.602059991327962	94	sous-entraînement	4
1	#F8766D	0.602059991327962	95	sous-entraînement	4
1	#F8766D	0.602059991327962	96	sous-entraînement	4
1	#F8766D	0.602059991327962	97	sous-entraînement	4
1	#F8766D	0.602059991327962	98	sous-entraînement	4
1	#F8766D	0.602059991327962	99	sous-entraînement	4
1	#F8766D	0.602059991327962	100	sous-entraînement	4
1	#F8766D	0.602059991327962	101	sous-entraînement	4
1	#F8766D	0.602059991327962	102	sous-entraînement	4
1	#F8766D	0.602059991327962	103	sous-entraînement	4
1	#F8766D	0.602059991327962	104	sous-entraînement	4
1	#F8766D	0.602059991327962	105	sous-entraînement	4
1	#F8766D	0.602059991327962	106	sous-entraînement	4
1	#F8766D	0.602059991327962	107	sous-entraînement	4
1	#F8766D	0.602059991327962	108	sous-entraînement	4
1	#F8766D	0.602059991327962	109	sous-entraînement	4
1	#F8766D	0.602059991327962	110	sous-entraînement	4
1	#F8766D	0.602059991327962	111	sous-entraînement	4
1	#F8766D	0.602059991327962	112	sous-entraînement	4
1	#F8766D	0.602059991327962	113	sous-entraînement	4
1	#F8766D	0.602059991327962	114	sous-entraînement	4
1	#F8766D	0.602059991327962	115	sous-entraînement	4
1	#F8766D	0.602059991327962	116	sous-entraînement	4
1	#F8766D	0.602059991327962	117	sous-entraînement	4
1	#F8766D	0.602059991327962	118	sous-entraînement	4
1	#F8766D	0.602059991327962	119	sous-entraînement	4
1	#F8766D	0.602059991327962	120	sous-entraînement	4
1	#F8766D	0.602059991327962	121	sous-entraînement	4
1	#F8766D	0.602059991327962	122	sous-entraînement	4
1	#F8766D	0.602059991327962	123	sous-entraînement	4
1	#F8766D	0.602059991327962	124	sous-entraînement	4
1	#F8766D	0.602059991327962	125	sous-entraînement	4
1	#F8766D	0.602059991327962	126	sous-entraînement	4
1	#F8766D	0.602059991327962	127	sous-entraînement	4
1	#F8766D	0.602059991327962	128	sous-entraînement	4
1	#F8766D	0.602059991327962	129	sous-entraînement	4
1	#F8766D	0.602059991327962	130	sous-entraînement	4
1	#F8766D	0.602059991327962	131	sous-entraînement	4
1	#F8766D	0.602059991327962	132	sous-entraînement	4
1	#F8766D	0.602059991327962	133	sous-entraînement	4
1	#F8766D	0.602059991327962	134	sous-entraînement	4
1	#F8766D	0.602059991327962	135	sous-entraînement	4
1	#F8766D	0.602059991327962	136	sous-entraînement	4
1	#F8766D	0.301029995663981	137	sous-entraînement	4
1	#F8766D	0.602059991327962	138	sous-entraînement	4
1	#F8766D	0.301029995663981	139	sous-entraînement	4
1	#F8766D	0.602059991327962	140	sous-entraînement	4
1	#F8766D	0.301029995663981	141	sous-entraînement	4
1	#F8766D	0.602059991327962	142	sous-entraînement	4
1	#F8766D	0.301029995663981	143	sous-entraînement	4
1	#F8766D	0.602059991327962	144	sous-entraînement	4
1	#F8766D	0.301029995663981	145	sous-entraînement	4
1	#F8766D	0.602059991327962	146	sous-entraînement	4
1	#F8766D	0.301029995663981	147	sous-entraînement	4
1	#F8766D	0.602059991327962	148	sous-entraînement	4
1	#F8766D	0.301029995663981	149	sous-entraînement	4
1	#F8766D	0.301029995663981	150	sous-entraînement	4
1	#F8766D	0.301029995663981	151	sous-entraînement	4
1	#F8766D	0.301029995663981	152	sous-entraînement	4
1	#F8766D	0.301029995663981	153	sous-entraînement	4
1	#F8766D	0.301029995663981	154	sous-entraînement	4
1	#F8766D	0.301029995663981	155	sous-entraînement	4
1	#F8766D	0.301029995663981	156	sous-entraînement	4
1	#F8766D	0.301029995663981	157	sous-entraînement	4
1	#F8766D	0.301029995663981	158	sous-entraînement	4
1	#F8766D	0.301029995663981	159	sous-entraînement	4
1	#F8766D	0.301029995663981	160	sous-entraînement	4
1	#F8766D	0.301029995663981	161	sous-entraînement	4
1	#F8766D	0.301029995663981	162	sous-entraînement	4
1	#F8766D	0.301029995663981	163	sous-entraînement	4
1	#F8766D	0.301029995663981	164	sous-entraînement	4
1	#F8766D	0.301029995663981	165	sous-entraînement	4
1	#F8766D	0.301029995663981	166	sous-entraînement	4
1	#F8766D	0.301029995663981	167	sous-entraînement	4
1	#F8766D	0.301029995663981	168	sous-entraînement	4
1	#F8766D	0.301029995663981	169	sous-entraînement	4
1	#F8766D	0.301029995663981	170	sous-entraînement	4
1	#F8766D	0.301029995663981	171	sous-entraînement	4
1	#F8766D	0.301029995663981	172	sous-entraînement	4
1	#F8766D	0.301029995663981	173	sous-entraînement	4
1	#F8766D	0.301029995663981	174	sous-entraînement	4
1	#F8766D	0.301029995663981	175	sous-entraînement	4
1	#F8766D	0.301029995663981	176	sous-entraînement	4
1	#F8766D	0.301029995663981	177	sous-entraînement	4
1	#F8766D	0.301029995663981	178	sous-entraînement	4
1	#F8766D	0.301029995663981	179	sous-entraînement	4
1	#F8766D	0.301029995663981	180	sous-entraînement	4
1	#F8766D	0.301029995663981	181	sous-entraînement	4
1	#F8766D	0.301029995663981	182	sous-entraînement	4
1	#F8766D	0.301029995663981	183	sous-entraînement	4
1	#F8766D	0.301029995663981	184	sous-entraînement	4
1	#F8766D	0.301029995663981	185	sous-entraînement	4
1	#F8766D	0.301029995663981	186	sous-entraînement	4
1	#F8766D	0.301029995663981	187	sous-entraînement	4
1	#F8766D	0.301029995663981	188	sous-entraînement	4
1	#F8766D	0.301029995663981	189	sous-entraînement	4
1	#F8766D	0.301029995663981	190	sous-entraînement	4
1	#F8766D	0.301029995663981	191	sous-entraînement	4
1	#F8766D	0.301029995663981	192	sous-entraînement	4
1	#F8766D	0.301029995663981	193	sous-entraînement	4
1	#F8766D	0.301029995663981	194	sous-entraînement	4
1	#F8766D	0.301029995663981	195	sous-entraînement	4
1	#F8766D	0.301029995663981	196	sous-entraînement	4
1	#F8766D	0.301029995663981	197	sous-entraînement	4
1	#F8766D	0.301029995663981	198	sous-entraînement	4
1	#F8766D	0.301029995663981	199	sous-entraînement	4
1	#F8766D	0.301029995663981	200	sous-entraînement	4
1	#F8766D	0.301029995663981	201	sous-entraînement	4
1	#F8766D	0.301029995663981	202	sous-entraînement	4
1	#F8766D	0.301029995663981	203	sous-entraînement	4
1	#F8766D	0.301029995663981	204	sous-entraînement	4
1	#F8766D	0.301029995663981	205	sous-entraînement	4
1	#F8766D	0.301029995663981	206	sous-entraînement	4
1	#F8766D	0.301029995663981	207	sous-entraînement	4
1	#F8766D	0.301029995663981	208	sous-entraînement	4
1	#F8766D	0.301029995663981	209	sous-entraînement	4
1	#F8766D	0.301029995663981	210	sous-entraînement	4
1	#F8766D	0.301029995663981	211	sous-entraînement	4
1	#F8766D	0.301029995663981	212	sous-entraînement	4
1	#F8766D	0.301029995663981	213	sous-entraînement	4
1	#F8766D	0.301029995663981	214	sous-entraînement	4
1	#F8766D	0.301029995663981	215	sous-entraînement	4
1	#F8766D	0.301029995663981	216	sous-entraînement	4
1	#F8766D	0.301029995663981	217	sous-entraînement	4
1	#F8766D	0.301029995663981	218	sous-entraînement	4
1	#F8766D	0.301029995663981	219	sous-entraînement	4
1	#F8766D	0.301029995663981	220	sous-entraînement	4
1	#F8766D	0.301029995663981	221	sous-entraînement	4
1	#F8766D	0.301029995663981	222	sous-entraînement	4
1	#F8766D	0.301029995663981	223	sous-entraînement	4
1	#F8766D	0.301029995663981	224	sous-entraînement	4
1	#F8766D	0.301029995663981	225	sous-entraînement	4
1	#F8766D	0.301029995663981	226	sous-entraînement	4
1	#F8766D	0.301029995663981	227	sous-entraînement	4
1	#F8766D	0.301029995663981	228	sous-entraînement	4
1	#F8766D	0.301029995663981	229	sous-entraînement	4
1	#F8766D	0.301029995663981	230	sous-entraînement	4
1	#F8766D	0.301029995663981	231	sous-entraînement	4
1	#F8766D	0.301029995663981	232	sous-entraînement	4
1	#F8766D	0.301029995663981	233	sous-entraînement	4
1	#F8766D	0.301029995663981	234	sous-entraînement	4
1	#F8766D	0.301029995663981	235	sous-entraînement	4
1	#F8766D	0.301029995663981	236	sous-entraînement	4
1	#F8766D	0.301029995663981	237	sous-entraînement	4
1	#F8766D	0.301029995663981	238	sous-entraînement	4
1	#F8766D	0.301029995663981	239	sous-entraînement	4
1	#F8766D	0.301029995663981	240	sous-entraînement	4
1	#F8766D	0.301029995663981	241	sous-entraînement	4
1	#F8766D	0.301029995663981	242	sous-entraînement	4
1	#F8766D	0.301029995663981	243	sous-entraînement	4
1	#F8766D	0.301029995663981	244	sous-entraînement	4
1	#F8766D	0.301029995663981	245	sous-entraînement	4
1	#F8766D	0.301029995663981	246	sous-entraînement	4
1	#F8766D	0.301029995663981	247	sous-entraînement	4
1	#F8766D	0.301029995663981	248	sous-entraînement	4
1	#F8766D	0.301029995663981	249	sous-entraînement	4
1	#F8766D	0.301029995663981	250	sous-entraînement	4
1	#F8766D	0.301029995663981	251	sous-entraînement	4
1	#F8766D	0.301029995663981	252	sous-entraînement	4
1	#F8766D	0.301029995663981	253	sous-entraînement	4
1	#F8766D	0.301029995663981	254	sous-entraînement	4
1	#F8766D	0.301029995663981	255	sous-entraînement	4
1	#F8766D	0.301029995663981	256	sous-entraînement	4
1	#F8766D	0.301029995663981	257	sous-entraînement	4
1	#F8766D	0.301029995663981	258	sous-entraînement	4
1	#F8766D	0.301029995663981	259	sous-entraînement	4
1	#F8766D	0.301029995663981	260	sous-entraînement	4
1	#F8766D	0.301029995663981	261	sous-entraînement	4
1	#F8766D	0.301029995663981	262	sous-entraînement	4
1	#F8766D	0.301029995663981	263	sous-entraînement	4
1	#F8766D	0.301029995663981	264	sous-entraînement	4
1	#F8766D	0.301029995663981	265	sous-entraînement	4
1	#F8766D	0.301029995663981	266	sous-entraînement	4
1	#F8766D	0.301029995663981	267	sous-entraînement	4
1	#F8766D	0.301029995663981	268	sous-entraînement	4
1	#F8766D	0.301029995663981	269	sous-entraînement	4
1	#F8766D	0.301029995663981	270	sous-entraînement	4
1	#F8766D	0.301029995663981	271	sous-entraînement	4
1	#F8766D	0.301029995663981	272	sous-entraînement	4
1	#F8766D	0.301029995663981	273	sous-entraînement	4
1	#F8766D	0.301029995663981	274	sous-entraînement	4
1	#F8766D	0.301029995663981	275	sous-entraînement	4
1	#F8766D	0.301029995663981	276	sous-entraînement	4
1	#F8766D	0.301029995663981	277	sous-entraînement	4
1	#F8766D	0.301029995663981	278	sous-entraînement	4
1	#F8766D	0.301029995663981	279	sous-entraînement	4
1	#F8766D	0.301029995663981	280	sous-entraînement	4
1	#F8766D	0.301029995663981	281	sous-entraînement	4
1	#F8766D	0.301029995663981	282	sous-entraînement	4
1	#F8766D	0.301029995663981	283	sous-entraînement	4
1	#F8766D	0.301029995663981	284	sous-entraînement	4
1	#F8766D	0.301029995663981	285	sous-entraînement	4
1	#F8766D	0.301029995663981	286	sous-entraînement	4
1	#F8766D	0.301029995663981	287	sous-entraînement	4
1	#F8766D	0.301029995663981	288	sous-entraînement	4
1	#F8766D	0.301029995663981	289	sous-entraînement	4
1	#F8766D	0.301029995663981	290	sous-entraînement	4
1	#F8766D	0.301029995663981	291	sous-entraînement	4
1	#F8766D	0.301029995663981	292	sous-entraînement	4
1	#F8766D	0.301029995663981	293	sous-entraînement	4
1	#F8766D	0.301029995663981	294	sous-entraînement	4
1	#F8766D	0.301029995663981	295	sous-entraînement	4
1	#F8766D	0.301029995663981	296	sous-entraînement	4
1	#F8766D	0.301029995663981	297	sous-entraînement	4
1	#F8766D	0.301029995663981	298	sous-entraînement	4
1	#F8766D	0.301029995663981	299	sous-entraînement	4
1	#F8766D	0.301029995663981	300	sous-entraînement	4
1	#F8766D	0.301029995663981	301	sous-entraînement	4
1	#F8766D	0.301029995663981	302	sous-entraînement	4
1	#F8766D	0.301029995663981	303	sous-entraînement	4
1	#F8766D	0.301029995663981	304	sous-entraînement	4
1	#F8766D	0.301029995663981	305	sous-entraînement	4
1	#F8766D	0.301029995663981	306	sous-entraînement	4
1	#F8766D	0.301029995663981	307	sous-entraînement	4
1	#F8766D	0.301029995663981	308	sous-entraînement	4
1	#F8766D	0.301029995663981	309	sous-entraînement	4
1	#F8766D	0.301029995663981	310	sous-entraînement	4
1	#F8766D	0.301029995663981	311	sous-entraînement	4
1	#F8766D	0.301029995663981	312	sous-entraînement	4
1	#F8766D	0.301029995663981	313	sous-entraînement	4
1	#F8766D	0.301029995663981	314	sous-entraînement	4
1	#F8766D	0.301029995663981	315	sous-entraînement	4
1	#F8766D	0.301029995663981	316	sous-entraînement	4
1	#F8766D	0.301029995663981	317	sous-entraînement	4
1	#F8766D	0.301029995663981	318	sous-entraînement	4
1	#F8766D	0.301029995663981	319	sous-entraînement	4
1	#F8766D	0.301029995663981	320	sous-entraînement	4
1	#F8766D	0.301029995663981	321	sous-entraînement	4
1	#F8766D	0.301029995663981	322	sous-entraînement	4
1	#F8766D	0.301029995663981	323	sous-entraînement	4
1	#F8766D	0.301029995663981	324	sous-entraînement	4
1	#F8766D	0.301029995663981	325	sous-entraînement	4
1	#F8766D	0.301029995663981	326	sous-entraînement	4
1	#F8766D	0.301029995663981	327	sous-entraînement	4
1	#F8766D	0.301029995663981	328	sous-entraînement	4
1	#F8766D	0.301029995663981	329	sous-entraînement	4
1	#F8766D	0.301029995663981	330	sous-entraînement	4
1	#F8766D	0.301029995663981	331	sous-entraînement	4
1	#F8766D	0.301029995663981	332	sous-entraînement	4
1	#F8766D	0.301029995663981	333	sous-entraînement	4
1	#F8766D	0.301029995663981	334	sous-entraînement	4
1	#F8766D	0.301029995663981	335	sous-entraînement	4
1	#F8766D	0.301029995663981	336	sous-entraînement	4
1	#F8766D	0.301029995663981	337	sous-entraînement	4
1	#F8766D	0.301029995663981	338	sous-entraînement	4
1	#F8766D	0.301029995663981	339	sous-entraînement	4
1	#F8766D	0.301029995663981	340	sous-entraînement	4
1	#F8766D	0.301029995663981	341	sous-entraînement	4
1	#F8766D	0.301029995663981	342	sous-entraînement	4
1	#F8766D	0.301029995663981	343	sous-entraînement	4
1	#F8766D	0.301029995663981	344	sous-entraînement	4
1	#F8766D	0.301029995663981	345	sous-entraînement	4
1	#F8766D	0.301029995663981	346	sous-entraînement	4
1	#F8766D	0.301029995663981	347	sous-entraînement	4
1	#F8766D	0.301029995663981	348	sous-entraînement	4
1	#F8766D	0.301029995663981	349	sous-entraînement	4
1	#F8766D	0.301029995663981	350	sous-entraînement	4
1	#F8766D	0.301029995663981	351	sous-entraînement	4
1	#F8766D	0.301029995663981	352	sous-entraînement	4
1	#F8766D	0.301029995663981	353	sous-entraînement	4
1	#F8766D	0.301029995663981	354	sous-entraînement	4
1	#F8766D	0.301029995663981	355	sous-entraînement	4
1	#F8766D	0.301029995663981	356	sous-entraînement	4
1	#F8766D	0.301029995663981	357	sous-entraînement	4
1	#F8766D	0.301029995663981	358	sous-entraînement	4
1	#F8766D	0.301029995663981	359	sous-entraînement	4
1	#F8766D	0.301029995663981	360	sous-entraînement	4
1	#F8766D	0.301029995663981	361	sous-entraînement	4
1	#F8766D	0.301029995663981	362	sous-entraînement	4
1	#F8766D	0.301029995663981	363	sous-entraînement	4
1	#F8766D	0.301029995663981	364	sous-entraînement	4
1	#F8766D	0.301029995663981	365	sous-entraînement	4
1	#F8766D	0.301029995663981	366	sous-entraînement	4
1	#F8766D	0.301029995663981	367	sous-entraînement	4
1	#F8766D	0.301029995663981	368	sous-entraînement	4
1	#F8766D	0.221476765312656	369	sous-entraînement	4
1	#F8766D	0.301029995663981	370	sous-entraînement	4
1	#F8766D	0.221476765312656	371	sous-entraînement	4
1	#F8766D	0.221476765312656	372	sous-entraînement	4
1	#F8766D	0.221476765312656	373	sous-entraînement	4
1	#F8766D	0.221476765312656	374	sous-entraînement	4
1	#F8766D	0.221476765312656	375	sous-entraînement	4
1	#F8766D	0.221476765312656	376	sous-entraînement	4
1	#F8766D	0.221476765312656	377	sous-entraînement	4
1	#F8766D	0.221476765312656	378	sous-entraînement	4
1	#F8766D	0.221476765312656	379	sous-entraînement	4
1	#F8766D	0.221476765312656	380	sous-entraînement	4
1	#F8766D	0.221476765312656	381	sous-entraînement	4
1	#F8766D	0.221476765312656	382	sous-entraînement	4
1	#F8766D	0.221476765312656	383	sous-entraînement	4
1	#F8766D	0.221476765312656	384	sous-entraînement	4
1	#F8766D	0.221476765312656	385	sous-entraînement	4
1	#F8766D	0.221476765312656	386	sous-entraînement	4
1	#F8766D	0.221476765312656	387	sous-entraînement	4
1	#F8766D	0.221476765312656	388	sous-entraînement	4
1	#F8766D	0.221476765312656	389	sous-entraînement	4
1	#F8766D	0.221476765312656	390	sous-entraînement	4
1	#F8766D	0.221476765312656	391	sous-entraînement	4
1	#F8766D	0.221476765312656	392	sous-entraînement	4
1	#F8766D	0.221476765312656	393	sous-entraînement	4
1	#F8766D	0.221476765312656	394	sous-entraînement	4
1	#F8766D	0.221476765312656	395	sous-entraînement	4
1	#F8766D	0.221476765312656	396	sous-entraînement	4
1	#F8766D	0.221476765312656	397	sous-entraînement	4
1	#F8766D	0.221476765312656	398	sous-entraînement	4
1	#F8766D	0.221476765312656	399	sous-entraînement	4
1	#F8766D	0.221476765312656	400	sous-entraînement	4
1	#F8766D	0.221476765312656	401	sous-entraînement	4
1	#F8766D	0.221476765312656	402	sous-entraînement	4
1	#F8766D	0.221476765312656	403	sous-entraînement	4
1	#F8766D	0.221476765312656	404	sous-entraînement	4
1	#F8766D	0.221476765312656	405	sous-entraînement	4
1	#F8766D	0.221476765312656	406	sous-entraînement	4
1	#F8766D	0.221476765312656	407	sous-entraînement	4
1	#F8766D	0.221476765312656	408	sous-entraînement	4
1	#F8766D	0.221476765312656	409	sous-entraînement	4
1	#F8766D	0.221476765312656	410	sous-entraînement	4
1	#F8766D	0.221476765312656	411	sous-entraînement	4
1	#F8766D	0.221476765312656	412	sous-entraînement	4
1	#F8766D	0.221476765312656	413	sous-entraînement	4
1	#F8766D	0.221476765312656	414	sous-entraînement	4
1	#F8766D	0.221476765312656	415	sous-entraînement	4
1	#F8766D	0.221476765312656	416	sous-entraînement	4
1	#F8766D	0.221476765312656	417	sous-entraînement	4
1	#F8766D	0.221476765312656	418	sous-entraînement	4
1	#F8766D	0.221476765312656	419	sous-entraînement	4
1	#F8766D	0.221476765312656	420	sous-entraînement	4
1	#F8766D	0.221476765312656	421	sous-entraînement	4
1	#F8766D	0.221476765312656	422	sous-entraînement	4
1	#F8766D	0.221476765312656	423	sous-entraînement	4
1	#F8766D	0.221476765312656	424	sous-entraînement	4
1	#F8766D	0.221476765312656	425	sous-entraînement	4
1	#F8766D	0.221476765312656	426	sous-entraînement	4
1	#F8766D	0.221476765312656	427	sous-entraînement	4
1	#F8766D	0.221476765312656	428	sous-entraînement	4
1	#F8766D	0.221476765312656	429	sous-entraînement	4
1	#F8766D	0.221476765312656	430	sous-entraînement	4
1	#F8766D	0.221476765312656	431	sous-entraînement	4
1	#F8766D	0.221476765312656	432	sous-entraînement	4
1	#F8766D	0.221476765312656	433	sous-entraînement	4
1	#F8766D	0.221476765312656	434	sous-entraînement	4
1	#F8766D	0.221476765312656	435	sous-entraînement	4
1	#F8766D	0.221476765312656	436	sous-entraînement	4
1	#F8766D	0.221476765312656	437	sous-entraînement	4
1	#F8766D	0.221476765312656	438	sous-entraînement	4
1	#F8766D	0.221476765312656	439	sous-entraînement	4
1	#F8766D	0.221476765312656	440	sous-entraînement	4
1	#F8766D	0.221476765312656	441	sous-entraînement	4
1	#F8766D	0.221476765312656	442	sous-entraînement	4
1	#F8766D	0.221476765312656	443	sous-entraînement	4
1	#F8766D	0.221476765312656	444	sous-entraînement	4
1	#F8766D	0.221476765312656	445	sous-entraînement	4
1	#F8766D	0.221476765312656	446	sous-entraînement	4
1	#F8766D	0.221476765312656	447	sous-entraînement	4
1	#F8766D	0.221476765312656	448	sous-entraînement	4
1	#F8766D	0.221476765312656	449	sous-entraînement	4
1	#F8766D	0.221476765312656	450	sous-entraînement	4
1	#F8766D	0.221476765312656	451	sous-entraînement	4
1	#F8766D	0.221476765312656	452	sous-entraînement	4
1	#F8766D	0.221476765312656	453	sous-entraînement	4
1	#F8766D	0.221476765312656	454	sous-entraînement	4
1	#F8766D	0.221476765312656	455	sous-entraînement	4
1	#F8766D	0.221476765312656	456	sous-entraînement	4
1	#F8766D	0.221476765312656	457	sous-entraînement	4
1	#F8766D	0.221476765312656	458	sous-entraînement	4
1	#F8766D	0.221476765312656	459	sous-entraînement	4
1	#F8766D	0.221476765312656	460	sous-entraînement	4
1	#F8766D	0.221476765312656	461	sous-entraînement	4
1	#F8766D	0.221476765312656	462	sous-entraînement	4
1	#F8766D	0.221476765312656	463	sous-entraînement	4
1	#F8766D	0.221476765312656	464	sous-entraînement	4
1	#F8766D	0.221476765312656	465	sous-entraînement	4
1	#F8766D	0.221476765312656	466	sous-entraînement	4
1	#F8766D	0.221476765312656	467	sous-entraînement	4
1	#F8766D	0.221476765312656	468	sous-entraînement	4
1	#F8766D	0.221476765312656	469	sous-entraînement	4
1	#F8766D	0.221476765312656	470	sous-entraînement	4
1	#F8766D	0.221476765312656	471	sous-entraînement	4
1	#F8766D	0.221476765312656	472	sous-entraînement	4
1	#F8766D	0.221476765312656	473	sous-entraînement	4
1	#F8766D	0.221476765312656	474	sous-entraînement	4
1	#F8766D	0.221476765312656	475	sous-entraînement	4
1	#F8766D	0.221476765312656	476	sous-entraînement	4
1	#F8766D	0.221476765312656	477	sous-entraînement	4
1	#F8766D	0.221476765312656	478	sous-entraînement	4
1	#F8766D	0.221476765312656	479	sous-entraînement	4
1	#F8766D	0.221476765312656	480	sous-entraînement	4
1	#F8766D	0.221476765312656	481	sous-entraînement	4
1	#F8766D	0.221476765312656	482	sous-entraînement	4
1	#F8766D	0.221476765312656	483	sous-entraînement	4
1	#F8766D	0.221476765312656	484	sous-entraînement	4
1	#F8766D	0.221476765312656	485	sous-entraînement	4
1	#F8766D	0.221476765312656	486	sous-entraînement	4
1	#F8766D	0.221476765312656	487	sous-entraînement	4
1	#F8766D	0.221476765312656	488	sous-entraînement	4
1	#F8766D	0.221476765312656	489	sous-entraînement	4
1	#F8766D	0.221476765312656	490	sous-entraînement	4
1	#F8766D	0.221476765312656	491	sous-entraînement	4
1	#F8766D	0.221476765312656	492	sous-entraînement	4
1	#F8766D	0.221476765312656	493	sous-entraînement	4
1	#F8766D	0.221476765312656	494	sous-entraînement	4
1	#F8766D	0.221476765312656	495	sous-entraînement	4
1	#F8766D	0.221476765312656	496	sous-entraînement	4
1	#F8766D	0.221476765312656	497	sous-entraînement	4
1	#F8766D	0.221476765312656	498	sous-entraînement	4
1	#F8766D	0.221476765312656	499	sous-entraînement	4
1	#F8766D	0.221476765312656	500	sous-entraînement	4
1	#F8766D	0.221476765312656	501	sous-entraînement	4
1	#F8766D	0.221476765312656	502	sous-entraînement	4
1	#F8766D	0.221476765312656	503	sous-entraînement	4
1	#F8766D	0.221476765312656	504	sous-entraînement	4
1	#F8766D	0.221476765312656	505	sous-entraînement	4
1	#F8766D	0.221476765312656	506	sous-entraînement	4
1	#F8766D	0.221476765312656	507	sous-entraînement	4
1	#F8766D	0.221476765312656	508	sous-entraînement	4
1	#F8766D	0.221476765312656	509	sous-entraînement	4
1	#F8766D	0.221476765312656	510	sous-entraînement	4
1	#F8766D	0.221476765312656	511	sous-entraînement	4
1	#F8766D	0.221476765312656	512	sous-entraînement	4
1	#F8766D	0.221476765312656	513	sous-entraînement	4
1	#F8766D	0.221476765312656	514	sous-entraînement	4
1	#F8766D	0.221476765312656	515	sous-entraînement	4
1	#F8766D	0.221476765312656	516	sous-entraînement	4
1	#F8766D	0.221476765312656	517	sous-entraînement	4
1	#F8766D	0.221476765312656	518	sous-entraînement	4
1	#F8766D	0.221476765312656	519	sous-entraînement	4
1	#F8766D	0.221476765312656	520	sous-entraînement	4
1	#F8766D	0.221476765312656	521	sous-entraînement	4
1	#F8766D	0.221476765312656	522	sous-entraînement	4
1	#F8766D	0.221476765312656	523	sous-entraînement	4
1	#F8766D	0.221476765312656	524	sous-entraînement	4
1	#F8766D	0.221476765312656	525	sous-entraînement	4
1	#F8766D	0.221476765312656	526	sous-entraînement	4
1	#F8766D	0.221476765312656	527	sous-entraînement	4
1	#F8766D	0.221476765312656	528	sous-entraînement	4
1	#F8766D	0.221476765312656	529	sous-entraînement	4
1	#F8766D	0.221476765312656	530	sous-entraînement	4
1	#F8766D	0.221476765312656	531	sous-entraînement	4
1	#F8766D	0.221476765312656	532	sous-entraînement	4
1	#F8766D	0.221476765312656	533	sous-entraînement	4
1	#F8766D	0.221476765312656	534	sous-entraînement	4
1	#F8766D	0.221476765312656	535	sous-entraînement	4
1	#F8766D	0.221476765312656	536	sous-entraînement	4
1	#F8766D	0.221476765312656	537	sous-entraînement	4
1	#F8766D	0.221476765312656	538	sous-entraînement	4
1	#F8766D	0.221476765312656	539	sous-entraînement	4
1	#F8766D	0.221476765312656	540	sous-entraînement	4
1	#F8766D	0.221476765312656	541	sous-entraînement	4
1	#F8766D	0.221476765312656	542	sous-entraînement	4
1	#F8766D	0.221476765312656	543	sous-entraînement	4
1	#F8766D	0.221476765312656	544	sous-entraînement	4
1	#F8766D	0.221476765312656	545	sous-entraînement	4
1	#F8766D	0.221476765312656	546	sous-entraînement	4
1	#F8766D	0.221476765312656	547	sous-entraînement	4
1	#F8766D	0.221476765312656	548	sous-entraînement	4
1	#F8766D	0.221476765312656	549	sous-entraînement	4
1	#F8766D	0.221476765312656	550	sous-entraînement	4
1	#F8766D	0.221476765312656	551	sous-entraînement	4
1	#F8766D	0.221476765312656	552	sous-entraînement	4
1	#F8766D	0.221476765312656	553	sous-entraînement	4
1	#F8766D	0.221476765312656	554	sous-entraînement	4
1	#F8766D	0.221476765312656	555	sous-entraînement	4
1	#F8766D	0.221476765312656	556	sous-entraînement	4
1	#F8766D	0.221476765312656	557	sous-entraînement	4
1	#F8766D	0.221476765312656	558	sous-entraînement	4
1	#F8766D	0.221476765312656	559	sous-entraînement	4
1	#F8766D	0.221476765312656	560	sous-entraînement	4
1	#F8766D	0.221476765312656	561	sous-entraînement	4
1	#F8766D	0.221476765312656	562	sous-entraînement	4
1	#F8766D	0.221476765312656	563	sous-entraînement	4
1	#F8766D	0.221476765312656	564	sous-entraînement	4
1	#F8766D	0.221476765312656	565	sous-entraînement	4
1	#F8766D	0.221476765312656	566	sous-entraînement	4
1	#F8766D	0.221476765312656	567	sous-entraînement	4
1	#F8766D	0.221476765312656	568	sous-entraînement	4
1	#F8766D	0.221476765312656	569	sous-entraînement	4
1	#F8766D	0.221476765312656	570	sous-entraînement	4
1	#F8766D	0.221476765312656	571	sous-entraînement	4
1	#F8766D	0.221476765312656	572	sous-entraînement	4
1	#F8766D	0.221476765312656	573	sous-entraînement	4
1	#F8766D	0.221476765312656	574	sous-entraînement	4
1	#F8766D	0.221476765312656	575	sous-entraînement	4
1	#F8766D	0.221476765312656	576	sous-entraînement	4
1	#F8766D	0.221476765312656	577	sous-entraînement	4
1	#F8766D	0.221476765312656	578	sous-entraînement	4
1	#F8766D	0.221476765312656	579	sous-entraînement	4
1	#F8766D	0.221476765312656	580	sous-entraînement	4
1	#F8766D	0.221476765312656	581	sous-entraînement	4
1	#F8766D	0.221476765312656	582	sous-entraînement	4
1	#F8766D	0.221476765312656	583	sous-entraînement	4
1	#F8766D	0.221476765312656	584	sous-entraînement	4
1	#F8766D	0.221476765312656	585	sous-entraînement	4
1	#F8766D	0.221476765312656	586	sous-entraînement	4
1	#F8766D	0.221476765312656	587	sous-entraînement	4
1	#F8766D	0.221476765312656	588	sous-entraînement	4
1	#F8766D	0.221476765312656	589	sous-entraînement	4
1	#F8766D	0.221476765312656	590	sous-entraînement	4
1	#F8766D	0.221476765312656	591	sous-entraînement	4
1	#F8766D	0.221476765312656	592	sous-entraînement	4
1	#F8766D	0.221476765312656	593	sous-entraînement	4
1	#F8766D	0.221476765312656	594	sous-entraînement	4
1	#F8766D	0.221476765312656	595	sous-entraînement	4
1	#F8766D	0.221476765312656	596	sous-entraînement	4
1	#F8766D	0.221476765312656	597	sous-entraînement	4
1	#F8766D	0.221476765312656	598	sous-entraînement	4
1	#F8766D	0.221476765312656	599	sous-entraînement	4
1	#F8766D	0.221476765312656	600	sous-entraînement	4
1	#F8766D	0.221476765312656	601	sous-entraînement	4
1	#F8766D	0.221476765312656	602	sous-entraînement	4
1	#F8766D	0.221476765312656	603	sous-entraînement	4
1	#F8766D	0.221476765312656	604	sous-entraînement	4
1	#F8766D	0.221476765312656	605	sous-entraînement	4
1	#F8766D	0.221476765312656	606	sous-entraînement	4
1	#F8766D	0.221476765312656	607	sous-entraînement	4
1	#F8766D	0.221476765312656	608	sous-entraînement	4
1	#F8766D	0.221476765312656	609	sous-entraînement	4
1	#F8766D	0.221476765312656	610	sous-entraînement	4
1	#F8766D	0.221476765312656	611	sous-entraînement	4
1	#F8766D	0.221476765312656	612	sous-entraînement	4
1	#F8766D	0.221476765312656	613	sous-entraînement	4
1	#F8766D	0.221476765312656	614	sous-entraînement	4
1	#F8766D	0.221476765312656	615	sous-entraînement	4
1	#F8766D	0.221476765312656	616	sous-entraînement	4
1	#F8766D	0.221476765312656	617	sous-entraînement	4
1	#F8766D	0.221476765312656	618	sous-entraînement	4
1	#F8766D	0.221476765312656	619	sous-entraînement	4
1	#F8766D	0.221476765312656	620	sous-entraînement	4
1	#F8766D	0.221476765312656	621	sous-entraînement	4
1	#F8766D	0.221476765312656	622	sous-entraînement	4
1	#F8766D	0.221476765312656	623	sous-entraînement	4
1	#F8766D	0.221476765312656	624	sous-entraînement	4
1	#F8766D	0.221476765312656	625	sous-entraînement	4
1	#F8766D	0.221476765312656	626	sous-entraînement	4
1	#F8766D	0.221476765312656	627	sous-entraînement	4
1	#F8766D	0.221476765312656	628	sous-entraînement	4
1	#F8766D	0.221476765312656	629	sous-entraînement	4
1	#F8766D	0.221476765312656	630	sous-entraînement	4
1	#F8766D	0.221476765312656	631	sous-entraînement	4
1	#F8766D	0.221476765312656	632	sous-entraînement	4
1	#F8766D	0.221476765312656	633	sous-entraînement	4
1	#F8766D	0.221476765312656	634	sous-entraînement	4
1	#F8766D	0.221476765312656	635	sous-entraînement	4
1	#F8766D	0.221476765312656	636	sous-entraînement	4
1	#F8766D	0.221476765312656	637	sous-entraînement	4
1	#F8766D	0.221476765312656	638	sous-entraînement	4
1	#F8766D	0.221476765312656	639	sous-entraînement	4
1	#F8766D	0.221476765312656	640	sous-entraînement	4
1	#F8766D	0.221476765312656	641	sous-entraînement	4
1	#F8766D	0.221476765312656	642	sous-entraînement	4
1	#F8766D	0.221476765312656	643	sous-entraînement	4
1	#F8766D	0.221476765312656	644	sous-entraînement	4
1	#F8766D	0.221476765312656	645	sous-entraînement	4
1	#F8766D	0.221476765312656	646	sous-entraînement	4
1	#F8766D	0.221476765312656	647	sous-entraînement	4
1	#F8766D	0.221476765312656	648	sous-entraînement	4
1	#F8766D	0.221476765312656	649	sous-entraînement	4
1	#F8766D	0.221476765312656	650	sous-entraînement	4
1	#F8766D	0.221476765312656	651	sous-entraînement	4
1	#F8766D	0.221476765312656	652	sous-entraînement	4
1	#F8766D	0.221476765312656	653	sous-entraînement	4
1	#F8766D	0.221476765312656	654	sous-entraînement	4
1	#F8766D	0.221476765312656	655	sous-entraînement	4
1	#F8766D	0.221476765312656	656	sous-entraînement	4
1	#F8766D	0.221476765312656	657	sous-entraînement	4
1	#F8766D	0.221476765312656	658	sous-entraînement	4
1	#F8766D	0.221476765312656	659	sous-entraînement	4
1	#F8766D	0.221476765312656	660	sous-entraînement	4
1	#F8766D	0.221476765312656	661	sous-entraînement	4
1	#F8766D	0.221476765312656	662	sous-entraînement	4
1	#F8766D	0.221476765312656	663	sous-entraînement	4
1	#F8766D	0.221476765312656	664	sous-entraînement	4
1	#F8766D	0.221476765312656	665	sous-entraînement	4
1	#F8766D	0.221476765312656	666	sous-entraînement	4
1	#F8766D	0.221476765312656	667	sous-entraînement	4
1	#F8766D	0.221476765312656	668	sous-entraînement	4
1	#F8766D	0.221476765312656	669	sous-entraînement	4
1	#F8766D	0.221476765312656	670	sous-entraînement	4
1	#F8766D	0.221476765312656	671	sous-entraînement	4
1	#F8766D	0.221476765312656	672	sous-entraînement	4
1	#F8766D	0.221476765312656	673	sous-entraînement	4
1	#F8766D	0.221476765312656	674	sous-entraînement	4
1	#F8766D	0.221476765312656	675	sous-entraînement	4
1	#F8766D	0.221476765312656	676	sous-entraînement	4
1	#F8766D	0.221476765312656	677	sous-entraînement	4
1	#F8766D	0.221476765312656	678	sous-entraînement	4
1	#F8766D	0.221476765312656	679	sous-entraînement	4
1	#F8766D	0.221476765312656	680	sous-entraînement	4
1	#F8766D	0.221476765312656	681	sous-entraînement	4
1	#F8766D	0.221476765312656	682	sous-entraînement	4
1	#F8766D	0.221476765312656	683	sous-entraînement	4
1	#F8766D	0.221476765312656	684	sous-entraînement	4
1	#F8766D	0.221476765312656	685	sous-entraînement	4
1	#F8766D	0.221476765312656	686	sous-entraînement	4
1	#F8766D	0.221476765312656	687	sous-entraînement	4
1	#F8766D	0.221476765312656	688	sous-entraînement	4
1	#F8766D	0.221476765312656	689	sous-entraînement	4
1	#F8766D	0.221476765312656	690	sous-entraînement	4
1	#F8766D	0.221476765312656	691	sous-entraînement	4
1	#F8766D	0.221476765312656	692	sous-entraînement	4
1	#F8766D	0.221476765312656	693	sous-entraînement	4
1	#F8766D	0.221476765312656	694	sous-entraînement	4
1	#F8766D	0.221476765312656	695	sous-entraînement	4
1	#F8766D	0.221476765312656	696	sous-entraînement	4
1	#F8766D	0.221476765312656	697	sous-entraînement	4
1	#F8766D	0.221476765312656	698	sous-entraînement	4
1	#F8766D	0.221476765312656	699	sous-entraînement	4
1	#F8766D	0.221476765312656	700	sous-entraînement	4
1	#F8766D	0.221476765312656	701	sous-entraînement	4
1	#F8766D	0.221476765312656	702	sous-entraînement	4
1	#F8766D	0.221476765312656	703	sous-entraînement	4
1	#F8766D	0.221476765312656	704	sous-entraînement	4
1	#F8766D	0.221476765312656	705	sous-entraînement	4
1	#F8766D	0.221476765312656	706	sous-entraînement	4
1	#F8766D	0.221476765312656	707	sous-entraînement	4
1	#F8766D	0.221476765312656	708	sous-entraînement	4
1	#F8766D	0.221476765312656	709	sous-entraînement	4
1	#F8766D	0.221476765312656	710	sous-entraînement	4
1	#F8766D	0.221476765312656	711	sous-entraînement	4
1	#F8766D	0.221476765312656	712	sous-entraînement	4
1	#F8766D	0.221476765312656	713	sous-entraînement	4
1	#F8766D	0.221476765312656	714	sous-entraînement	4
1	#F8766D	0.221476765312656	715	sous-entraînement	4
1	#F8766D	0.221476765312656	716	sous-entraînement	4
1	#F8766D	0.221476765312656	717	sous-entraînement	4
1	#F8766D	0.221476765312656	718	sous-entraînement	4
1	#F8766D	0.221476765312656	719	sous-entraînement	4
1	#F8766D	0.221476765312656	720	sous-entraînement	4
1	#F8766D	0.221476765312656	721	sous-entraînement	4
1	#F8766D	0.221476765312656	722	sous-entraînement	4
1	#F8766D	0.221476765312656	723	sous-entraînement	4
1	#F8766D	0.221476765312656	724	sous-entraînement	4
1	#F8766D	0.221476765312656	725	sous-entraînement	4
1	#F8766D	0.221476765312656	726	sous-entraînement	4
1	#F8766D	0.221476765312656	727	sous-entraînement	4
1	#F8766D	0.221476765312656	728	sous-entraînement	4
1	#F8766D	0.221476765312656	729	sous-entraînement	4
1	#F8766D	0.221476765312656	730	sous-entraînement	4
1	#F8766D	0.221476765312656	731	sous-entraînement	4
1	#F8766D	0.221476765312656	732	sous-entraînement	4
1	#F8766D	0.221476765312656	733	sous-entraînement	4
1	#F8766D	0.221476765312656	734	sous-entraînement	4
1	#F8766D	0.221476765312656	735	sous-entraînement	4
1	#F8766D	0.221476765312656	736	sous-entraînement	4
1	#F8766D	0.221476765312656	737	sous-entraînement	4
1	#F8766D	0.221476765312656	738	sous-entraînement	4
1	#F8766D	0.221476765312656	739	sous-entraînement	4
1	#F8766D	0.221476765312656	740	sous-entraînement	4
1	#F8766D	0.221476765312656	741	sous-entraînement	4
1	#F8766D	0.221476765312656	742	sous-entraînement	4
1	#F8766D	0.221476765312656	743	sous-entraînement	4
1	#F8766D	0.221476765312656	744	sous-entraînement	4
1	#F8766D	0.221476765312656	745	sous-entraînement	4
1	#F8766D	0.221476765312656	746	sous-entraînement	4
1	#F8766D	0.221476765312656	747	sous-entraînement	4
1	#F8766D	0.221476765312656	748	sous-entraînement	4
1	#F8766D	0.221476765312656	749	sous-entraînement	4
1	#F8766D	0.221476765312656	750	sous-entraînement	4
1	#F8766D	0.221476765312656	751	sous-entraînement	4
1	#F8766D	0.221476765312656	752	sous-entraînement	4
1	#F8766D	0.221476765312656	753	sous-entraînement	4
1	#F8766D	0.221476765312656	754	sous-entraînement	4
1	#F8766D	0.221476765312656	755	sous-entraînement	4
1	#F8766D	0.221476765312656	756	sous-entraînement	4
1	#F8766D	0.221476765312656	757	sous-entraînement	4
1	#F8766D	0.221476765312656	758	sous-entraînement	4
1	#F8766D	0.221476765312656	759	sous-entraînement	4
1	#F8766D	0.221476765312656	760	sous-entraînement	4
1	#F8766D	0.221476765312656	761	sous-entraînement	4
1	#F8766D	0.221476765312656	762	sous-entraînement	4
1	#F8766D	0.221476765312656	763	sous-entraînement	4
1	#F8766D	0.221476765312656	764	sous-entraînement	4
1	#F8766D	0.221476765312656	765	sous-entraînement	4
1	#F8766D	0.221476765312656	766	sous-entraînement	4
1	#F8766D	0.221476765312656	767	sous-entraînement	4
1	#F8766D	0.221476765312656	768	sous-entraînement	4
1	#F8766D	0.221476765312656	769	sous-entraînement	4
1	#F8766D	0.221476765312656	770	sous-entraînement	4
1	#F8766D	0.221476765312656	771	sous-entraînement	4
1	#F8766D	0.221476765312656	772	sous-entraînement	4
1	#F8766D	0.221476765312656	773	sous-entraînement	4
1	#F8766D	0.221476765312656	774	sous-entraînement	4
1	#F8766D	0.221476765312656	775	sous-entraînement	4
1	#F8766D	0.221476765312656	776	sous-entraînement	4
1	#F8766D	0.221476765312656	777	sous-entraînement	4
1	#F8766D	0.221476765312656	778	sous-entraînement	4
1	#F8766D	0.221476765312656	779	sous-entraînement	4
1	#F8766D	0.221476765312656	780	sous-entraînement	4
1	#F8766D	0.221476765312656	781	sous-entraînement	4
1	#F8766D	0.221476765312656	782	sous-entraînement	4
1	#F8766D	0.221476765312656	783	sous-entraînement	4
1	#F8766D	0.221476765312656	784	sous-entraînement	4
1	#F8766D	0.221476765312656	785	sous-entraînement	4
1	#F8766D	0.221476765312656	786	sous-entraînement	4
1	#F8766D	0.221476765312656	787	sous-entraînement	4
1	#F8766D	0.221476765312656	788	sous-entraînement	4
1	#F8766D	0.221476765312656	789	sous-entraînement	4
1	#F8766D	0.221476765312656	790	sous-entraînement	4
1	#F8766D	0.221476765312656	791	sous-entraînement	4
1	#F8766D	0.221476765312656	792	sous-entraînement	4
1	#F8766D	0.221476765312656	793	sous-entraînement	4
1	#F8766D	0.221476765312656	794	sous-entraînement	4
1	#F8766D	0.221476765312656	795	sous-entraînement	4
1	#F8766D	0.221476765312656	796	sous-entraînement	4
1	#F8766D	0.221476765312656	797	sous-entraînement	4
1	#F8766D	0.221476765312656	798	sous-entraînement	4
1	#F8766D	0.221476765312656	799	sous-entraînement	4
1	#F8766D	0.221476765312656	800	sous-entraînement	4
1	#F8766D	0.221476765312656	801	sous-entraînement	4
1	#F8766D	0.221476765312656	802	sous-entraînement	4
1	#F8766D	0.221476765312656	803	sous-entraînement	4
1	#F8766D	0.221476765312656	804	sous-entraînement	4
1	#F8766D	0.221476765312656	805	sous-entraînement	4
1	#F8766D	0.221476765312656	806	sous-entraînement	4
1	#F8766D	0.221476765312656	807	sous-entraînement	4
1	#F8766D	0.221476765312656	808	sous-entraînement	4
1	#F8766D	0.221476765312656	809	sous-entraînement	4
1	#F8766D	0.221476765312656	810	sous-entraînement	4
1	#F8766D	0.221476765312656	811	sous-entraînement	4
1	#F8766D	0.221476765312656	812	sous-entraînement	4
1	#F8766D	0.221476765312656	813	sous-entraînement	4
1	#F8766D	0.221476765312656	814	sous-entraînement	4
1	#F8766D	0.221476765312656	815	sous-entraînement	4
1	#F8766D	0.221476765312656	816	sous-entraînement	4
1	#F8766D	0.221476765312656	817	sous-entraînement	4
1	#F8766D	0.221476765312656	818	sous-entraînement	4
1	#F8766D	0.221476765312656	819	sous-entraînement	4
1	#F8766D	0.221476765312656	820	sous-entraînement	4
1	#F8766D	0.221476765312656	821	sous-entraînement	4
1	#F8766D	0.221476765312656	822	sous-entraînement	4
1	#F8766D	0.221476765312656	823	sous-entraînement	4
1	#F8766D	0.221476765312656	824	sous-entraînement	4
1	#F8766D	0.221476765312656	825	sous-entraînement	4
1	#F8766D	0.221476765312656	826	sous-entraînement	4
1	#F8766D	0.221476765312656	827	sous-entraînement	4
1	#F8766D	0.221476765312656	828	sous-entraînement	4
1	#F8766D	0.221476765312656	829	sous-entraînement	4
1	#F8766D	0.221476765312656	830	sous-entraînement	4
1	#F8766D	0.221476765312656	831	sous-entraînement	4
1	#F8766D	0.221476765312656	832	sous-entraînement	4
1	#F8766D	0.221476765312656	833	sous-entraînement	4
1	#F8766D	0.221476765312656	834	sous-entraînement	4
1	#F8766D	0.221476765312656	835	sous-entraînement	4
1	#F8766D	0.221476765312656	836	sous-entraînement	4
1	#F8766D	0.221476765312656	837	sous-entraînement	4
1	#F8766D	0.221476765312656	838	sous-entraînement	4
1	#F8766D	0.221476765312656	839	sous-entraînement	4
1	#F8766D	0.221476765312656	840	sous-entraînement	4
1	#F8766D	0.221476765312656	841	sous-entraînement	4
1	#F8766D	0.221476765312656	842	sous-entraînement	4
1	#F8766D	0.221476765312656	843	sous-entraînement	4
1	#F8766D	0.221476765312656	844	sous-entraînement	4
1	#F8766D	0.221476765312656	845	sous-entraînement	4
1	#F8766D	0.221476765312656	846	sous-entraînement	4
1	#F8766D	0.221476765312656	847	sous-entraînement	4
1	#F8766D	0.221476765312656	848	sous-entraînement	4
1	#F8766D	0.221476765312656	849	sous-entraînement	4
1	#F8766D	0.221476765312656	850	sous-entraînement	4
1	#F8766D	0.221476765312656	851	sous-entraînement	4
1	#F8766D	0.221476765312656	852	sous-entraînement	4
1	#F8766D	0.221476765312656	853	sous-entraînement	4
1	#F8766D	0.221476765312656	854	sous-entraînement	4
1	#F8766D	0.221476765312656	855	sous-entraînement	4
1	#F8766D	0.221476765312656	856	sous-entraînement	4
1	#F8766D	0.221476765312656	857	sous-entraînement	4
1	#F8766D	0.221476765312656	858	sous-entraînement	4
1	#F8766D	0.221476765312656	859	sous-entraînement	4
1	#F8766D	0.221476765312656	860	sous-entraînement	4
1	#F8766D	0.221476765312656	861	sous-entraînement	4
1	#F8766D	0.221476765312656	862	sous-entraînement	4
1	#F8766D	0.221476765312656	863	sous-entraînement	4
1	#F8766D	0.221476765312656	864	sous-entraînement	4
1	#F8766D	0.221476765312656	865	sous-entraînement	4
1	#F8766D	0.221476765312656	866	sous-entraînement	4
1	#F8766D	0.221476765312656	867	sous-entraînement	4
1	#F8766D	0.221476765312656	868	sous-entraînement	4
1	#F8766D	0.221476765312656	869	sous-entraînement	4
1	#F8766D	0.221476765312656	870	sous-entraînement	4
1	#F8766D	0.221476765312656	871	sous-entraînement	4
1	#F8766D	0.221476765312656	872	sous-entraînement	4
1	#F8766D	0.221476765312656	873	sous-entraînement	4
1	#F8766D	0.221476765312656	874	sous-entraînement	4
1	#F8766D	0.221476765312656	875	sous-entraînement	4
1	#F8766D	0.221476765312656	876	sous-entraînement	4
1	#F8766D	0.221476765312656	877	sous-entraînement	4
1	#F8766D	0.221476765312656	878	sous-entraînement	4
1	#F8766D	0.221476765312656	879	sous-entraînement	4
1	#F8766D	0.221476765312656	880	sous-entraînement	4
1	#F8766D	0.221476765312656	881	sous-entraînement	4
1	#F8766D	0.221476765312656	882	sous-entraînement	4
1	#F8766D	0.221476765312656	883	sous-entraînement	4
1	#F8766D	0.221476765312656	884	sous-entraînement	4
1	#F8766D	0.221476765312656	885	sous-entraînement	4
1	#F8766D	0.221476765312656	886	sous-entraînement	4
1	#F8766D	0.221476765312656	887	sous-entraînement	4
1	#F8766D	0.221476765312656	888	sous-entraînement	4
1	#F8766D	0.221476765312656	889	sous-entraînement	4
1	#F8766D	0.221476765312656	890	sous-entraînement	4
1	#F8766D	0.221476765312656	891	sous-entraînement	4
1	#F8766D	0.221476765312656	892	sous-entraînement	4
1	#F8766D	0.221476765312656	893	sous-entraînement	4
1	#F8766D	0.221476765312656	894	sous-entraînement	4
1	#F8766D	0.221476765312656	895	sous-entraînement	4
1	#F8766D	0.221476765312656	896	sous-entraînement	4
1	#F8766D	0.221476765312656	897	sous-entraînement	4
1	#F8766D	0.221476765312656	898	sous-entraînement	4
1	#F8766D	0.221476765312656	899	sous-entraînement	4
1	#F8766D	0.221476765312656	900	sous-entraînement	4
1	#F8766D	0.221476765312656	901	sous-entraînement	4
1	#F8766D	0.221476765312656	902	sous-entraînement	4
1	#F8766D	0.221476765312656	903	sous-entraînement	4
1	#F8766D	0.221476765312656	904	sous-entraînement	4
1	#F8766D	0.221476765312656	905	sous-entraînement	4
1	#F8766D	0.221476765312656	906	sous-entraînement	4
1	#F8766D	0.221476765312656	907	sous-entraînement	4
1	#F8766D	0.221476765312656	908	sous-entraînement	4
1	#F8766D	0.221476765312656	909	sous-entraînement	4
1	#F8766D	0.221476765312656	910	sous-entraînement	4
1	#F8766D	0.221476765312656	911	sous-entraînement	4
1	#F8766D	0.221476765312656	912	sous-entraînement	4
1	#F8766D	0.221476765312656	913	sous-entraînement	4
1	#F8766D	0.221476765312656	914	sous-entraînement	4
1	#F8766D	0.221476765312656	915	sous-entraînement	4
1	#F8766D	0.221476765312656	916	sous-entraînement	4
1	#F8766D	0.221476765312656	917	sous-entraînement	4
1	#F8766D	0.221476765312656	918	sous-entraînement	4
1	#F8766D	0.221476765312656	919	sous-entraînement	4
1	#F8766D	0.221476765312656	920	sous-entraînement	4
1	#F8766D	0.221476765312656	921	sous-entraînement	4
1	#F8766D	0.221476765312656	922	sous-entraînement	4
1	#F8766D	0.221476765312656	923	sous-entraînement	4
1	#F8766D	0.221476765312656	924	sous-entraînement	4
1	#F8766D	0.221476765312656	925	sous-entraînement	4
1	#F8766D	0.221476765312656	926	sous-entraînement	4
1	#F8766D	0.221476765312656	927	sous-entraînement	4
1	#F8766D	0.221476765312656	928	sous-entraînement	4
1	#F8766D	0.221476765312656	929	sous-entraînement	4
1	#F8766D	0.221476765312656	930	sous-entraînement	4
1	#F8766D	0.221476765312656	931	sous-entraînement	4
1	#F8766D	0.221476765312656	932	sous-entraînement	4
1	#F8766D	0.221476765312656	933	sous-entraînement	4
1	#F8766D	0.221476765312656	934	sous-entraînement	4
1	#F8766D	0.221476765312656	935	sous-entraînement	4
1	#F8766D	0.221476765312656	936	sous-entraînement	4
1	#F8766D	0.221476765312656	937	sous-entraînement	4
1	#F8766D	0.221476765312656	938	sous-entraînement	4
1	#F8766D	0.221476765312656	939	sous-entraînement	4
1	#F8766D	0.221476765312656	940	sous-entraînement	4
1	#F8766D	0.221476765312656	941	sous-entraînement	4
1	#F8766D	0.221476765312656	942	sous-entraînement	4
1	#F8766D	0.221476765312656	943	sous-entraînement	4
1	#F8766D	0.221476765312656	944	sous-entraînement	4
1	#F8766D	0.221476765312656	945	sous-entraînement	4
1	#F8766D	0.221476765312656	946	sous-entraînement	4
1	#F8766D	0.221476765312656	947	sous-entraînement	4
1	#F8766D	0.221476765312656	948	sous-entraînement	4
1	#F8766D	0.221476765312656	949	sous-entraînement	4
1	#F8766D	0.221476765312656	950	sous-entraînement	4
1	#F8766D	0.221476765312656	951	sous-entraînement	4
1	#F8766D	0.221476765312656	952	sous-entraînement	4
1	#F8766D	0.221476765312656	953	sous-entraînement	4
1	#F8766D	0.221476765312656	954	sous-entraînement	4
1	#F8766D	0.221476765312656	955	sous-entraînement	4
1	#F8766D	0.221476765312656	956	sous-entraînement	4
1	#F8766D	0.221476765312656	957	sous-entraînement	4
1	#F8766D	0.221476765312656	958	sous-entraînement	4
1	#F8766D	0.221476765312656	959	sous-entraînement	4
1	#F8766D	0.221476765312656	960	sous-entraînement	4
1	#F8766D	0.221476765312656	961	sous-entraînement	4
1	#F8766D	0.221476765312656	962	sous-entraînement	4
1	#F8766D	0.221476765312656	963	sous-entraînement	4
1	#F8766D	0.221476765312656	964	sous-entraînement	4
1	#F8766D	0.221476765312656	965	sous-entraînement	4
1	#F8766D	0.221476765312656	966	sous-entraînement	4
1	#F8766D	0.221476765312656	967	sous-entraînement	4
1	#F8766D	0.221476765312656	968	sous-entraînement	4
1	#F8766D	0.221476765312656	969	sous-entraînement	4
1	#F8766D	0.221476765312656	970	sous-entraînement	4
1	#F8766D	0.221476765312656	971	sous-entraînement	4
1	#F8766D	0.221476765312656	972	sous-entraînement	4
1	#F8766D	0.221476765312656	973	sous-entraînement	4
1	#F8766D	0.221476765312656	974	sous-entraînement	4
1	#F8766D	0.221476765312656	975	sous-entraînement	4
1	#F8766D	0.221476765312656	976	sous-entraînement	4
1	#F8766D	0.221476765312656	977	sous-entraînement	4
1	#F8766D	0.221476765312656	978	sous-entraînement	4
1	#F8766D	0.221476765312656	979	sous-entraînement	4
1	#F8766D	0.221476765312656	980	sous-entraînement	4
1	#F8766D	0.221476765312656	981	sous-entraînement	4
1	#F8766D	0.221476765312656	982	sous-entraînement	4
1	#F8766D	0.221476765312656	983	sous-entraînement	4
1	#F8766D	0.221476765312656	984	sous-entraînement	4
1	#F8766D	0.221476765312656	985	sous-entraînement	4
1	#F8766D	0.221476765312656	986	sous-entraînement	4
1	#F8766D	0.221476765312656	987	sous-entraînement	4
1	#F8766D	0.221476765312656	988	sous-entraînement	4
1	#F8766D	0.221476765312656	989	sous-entraînement	4
1	#F8766D	0.221476765312656	990	sous-entraînement	4
1	#F8766D	0.221476765312656	991	sous-entraînement	4
1	#F8766D	0.221476765312656	992	sous-entraînement	4
1	#F8766D	0.221476765312656	993	sous-entraînement	4
1	#F8766D	0.221476765312656	994	sous-entraînement	4
1	#F8766D	0.221476765312656	995	sous-entraînement	4
1	#F8766D	0.221476765312656	996	sous-entraînement	4
1	#F8766D	0.221476765312656	997	sous-entraînement	4
1	#F8766D	0.221476765312656	998	sous-entraînement	4
1	#F8766D	0.221476765312656	999	sous-entraînement	4
1	#F8766D	0.221476765312656	1000	sous-entraînement	4
2	#00BFC4	-0.0643490593732473	1	validation	1
2	#00BFC4	-0.116401905143193	2	validation	1
2	#00BFC4	-0.158086684950379	3	validation	1
2	#00BFC4	-0.190227221292511	4	validation	1
2	#00BFC4	-0.214459459515017	5	validation	1
2	#00BFC4	-0.232574086280324	6	validation	1
2	#00BFC4	-0.246149701646611	7	validation	1
2	#00BFC4	-0.256433010996541	8	validation	1
2	#00BFC4	-0.264351421760013	9	validation	1
2	#00BFC4	-0.270573140908515	10	validation	1
2	#00BFC4	-0.275572273899562	11	validation	1
2	#00BFC4	-0.279683442106152	12	validation	1
2	#00BFC4	-0.283143060516548	13	validation	1
2	#00BFC4	-0.286118991823822	14	validation	1
2	#00BFC4	-0.288731318014092	15	validation	1
2	#00BFC4	-0.291066721793749	16	validation	1
2	#00BFC4	-0.293188406462727	17	validation	1
2	#00BFC4	-0.295142945325851	18	validation	1
2	#00BFC4	-0.296965030052902	19	validation	1
2	#00BFC4	-0.29868078217923	20	validation	1
2	#00BFC4	-0.300310079442882	21	validation	1
2	#00BFC4	-0.301868203549692	22	validation	1
2	#00BFC4	-0.303367017757315	23	validation	1
2	#00BFC4	-0.304815816414033	24	validation	1
2	#00BFC4	-0.306221943865548	25	validation	1
2	#00BFC4	-0.307591249876325	26	validation	1
2	#00BFC4	-0.308928428147663	27	validation	1
2	#00BFC4	-0.310237270474927	28	validation	1
2	#00BFC4	-0.311520859448933	29	validation	1
2	#00BFC4	-0.3127817159518	30	validation	1
2	#00BFC4	-0.314021913073273	31	validation	1
2	#00BFC4	-0.315243164838478	32	validation	1
2	#00BFC4	-0.316446895858615	33	validation	1
2	#00BFC4	-0.317634296397761	34	validation	1
2	#00BFC4	-0.318806366190804	35	validation	1
2	#00BFC4	-0.319963949511659	36	validation	1
2	#00BFC4	-0.321107763382309	37	validation	1
2	#00BFC4	-0.32223842036612	38	validation	1
2	#00BFC4	-0.323356447057269	39	validation	1
2	#00BFC4	-0.32446229912994	40	validation	1
2	#00BFC4	-0.325556373623404	41	validation	1
2	#00BFC4	-0.326639018996123	42	validation	1
2	#00BFC4	-0.327710543372043	43	validation	1
2	#00BFC4	-0.328771221316908	44	validation	1
2	#00BFC4	-0.329821299415746	45	validation	1
2	#00BFC4	-0.330861000870167	46	validation	1
2	#00BFC4	-0.331890529292455	47	validation	1
2	#00BFC4	-0.33291007184026	48	validation	1
2	#00BFC4	-0.333919801809076	49	validation	1
2	#00BFC4	-0.334919880778239	50	validation	1
2	#00BFC4	-0.33591046038885	51	validation	1
2	#00BFC4	-0.336891683817968	52	validation	1
2	#00BFC4	-0.33786368700192	53	validation	1
2	#00BFC4	-0.338826599652247	54	validation	1
2	#00BFC4	-0.339780546100145	55	validation	1
2	#00BFC4	-0.340725645998965	56	validation	1
2	#00BFC4	-0.341662014909191	57	validation	1
2	#00BFC4	-0.342589764786064	58	validation	1
2	#00BFC4	-0.343509004386542	59	validation	1
2	#00BFC4	-0.344419839609372	60	validation	1
2	#00BFC4	-0.345322373779711	61	validation	1
2	#00BFC4	-0.346216707887744	62	validation	1
2	#00BFC4	-0.347102940789125	63	validation	1
2	#00BFC4	-0.347981169373739	64	validation	1
2	#00BFC4	-0.348851488708155	65	validation	1
2	#00BFC4	-0.349713992156235	66	validation	1
2	#00BFC4	-0.350568771481598	67	validation	1
2	#00BFC4	-0.351415916934993	68	validation	1
2	#00BFC4	-0.352255517329143	69	validation	1
2	#00BFC4	-0.353087660103157	70	validation	1
2	#00BFC4	-0.353912431378268	71	validation	1
2	#00BFC4	-0.354729916006351	72	validation	1
2	#00BFC4	-0.355540197612421	73	validation	1
2	#00BFC4	-0.356343358632122	74	validation	1
2	#00BFC4	-0.357139480345031	75	validation	1
2	#00BFC4	-0.357928642904473	76	validation	1
2	#00BFC4	-0.358710925364408	77	validation	1
2	#00BFC4	-0.359486405703888	78	validation	1
2	#00BFC4	-0.360255160849457	79	validation	1
2	#00BFC4	-0.361017266695827	80	validation	1
2	#00BFC4	-0.361772798125117	81	validation	1
2	#00BFC4	-0.362521829024861	82	validation	1
2	#00BFC4	-0.363264432304981	83	validation	1
2	#00BFC4	-0.364000679913889	84	validation	1
2	#00BFC4	-0.364730642853829	85	validation	1
2	#00BFC4	-0.365454391195583	86	validation	1
2	#00BFC4	-0.366171994092623	87	validation	1
2	#00BFC4	-0.366883519794781	88	validation	1
2	#00BFC4	-0.367589035661499	89	validation	1
2	#00BFC4	-0.36828860817472	90	validation	1
2	#00BFC4	-0.368982302951439	91	validation	1
2	#00BFC4	-0.369670184755979	92	validation	1
2	#00BFC4	-0.370352317511994	93	validation	1
2	#00BFC4	-0.371028764314237	94	validation	1
2	#00BFC4	-0.371699587440116	95	validation	1
2	#00BFC4	-0.372364848361039	96	validation	1
2	#00BFC4	-0.373024607753582	97	validation	1
2	#00BFC4	-0.373678925510473	98	validation	1
2	#00BFC4	-0.374327860751411	99	validation	1
2	#00BFC4	-0.374971471833731	100	validation	1
2	#00BFC4	-0.375609816362914	101	validation	1
2	#00BFC4	-0.376242951202947	102	validation	1
2	#00BFC4	-0.376870932486548	103	validation	1
2	#00BFC4	-0.377493815625247	104	validation	1
2	#00BFC4	-0.378111655319338	105	validation	1
2	#00BFC4	-0.378724505567697	106	validation	1
2	#00BFC4	-0.379332419677467	107	validation	1
2	#00BFC4	-0.379935450273624	108	validation	1
2	#00BFC4	-0.380533649308413	109	validation	1
2	#00BFC4	-0.381127068070659	110	validation	1
2	#00BFC4	-0.38171575719496	111	validation	1
2	#00BFC4	-0.382299766670758	112	validation	1
2	#00BFC4	-0.382879145851294	113	validation	1
2	#00BFC4	-0.383453943462436	114	validation	1
2	#00BFC4	-0.384024207611402	115	validation	1
2	#00BFC4	-0.38458998579536	116	validation	1
2	#00BFC4	-0.385151324909916	117	validation	1
2	#00BFC4	-0.385708271257485	118	validation	1
2	#00BFC4	-0.386260870555559	119	validation	1
2	#00BFC4	-0.38680916794485	120	validation	1
2	#00BFC4	-0.387353207997334	121	validation	1
2	#00BFC4	-0.387893034724184	122	validation	1
2	#00BFC4	-0.388428691583587	123	validation	1
2	#00BFC4	-0.388960221488461	124	validation	1
2	#00BFC4	-0.389487666814067	125	validation	1
2	#00BFC4	-0.390011069405512	126	validation	1
2	#00BFC4	-0.390530470585144	127	validation	1
2	#00BFC4	-0.391045911159859	128	validation	1
2	#00BFC4	-0.391557431428285	129	validation	1
2	#00BFC4	-0.392065071187884	130	validation	1
2	#00BFC4	-0.392568869741944	131	validation	1
2	#00BFC4	-0.393068865906474	132	validation	1
2	#00BFC4	-0.393565098017006	133	validation	1
2	#00BFC4	-0.394057603935291	134	validation	1
2	#00BFC4	-0.394546421055911	135	validation	1
2	#00BFC4	-0.395031586312788	136	validation	1
2	#00BFC4	-0.395513136185606	137	validation	1
2	#00BFC4	-0.395991106706134	138	validation	1
2	#00BFC4	-0.396465533464465	139	validation	1
2	#00BFC4	-0.396936451615165	140	validation	1
2	#00BFC4	-0.397403895883323	141	validation	1
2	#00BFC4	-0.397867900570529	142	validation	1
2	#00BFC4	-0.398328499560754	143	validation	1
2	#00BFC4	-0.398785726326146	144	validation	1
2	#00BFC4	-0.399239613932749	145	validation	1
2	#00BFC4	-0.39969019504613	146	validation	1
2	#00BFC4	-0.400137501936927	147	validation	1
2	#00BFC4	-0.400581566486321	148	validation	1
2	#00BFC4	-0.401022420191419	149	validation	1
2	#00BFC4	-0.401460094170563	150	validation	1
2	#00BFC4	-0.401894619168564	151	validation	1
2	#00BFC4	-0.402326025561854	152	validation	1
2	#00BFC4	-0.402754343363565	153	validation	1
2	#00BFC4	-0.403179602228531	154	validation	1
2	#00BFC4	-0.403601831458221	155	validation	1
2	#00BFC4	-0.404021060005594	156	validation	1
2	#00BFC4	-0.404437316479887	157	validation	1
2	#00BFC4	-0.404850629151328	158	validation	1
2	#00BFC4	-0.405261025955785	159	validation	1
2	#00BFC4	-0.40566853449934	160	validation	1
2	#00BFC4	-0.4060731820628	161	validation	1
2	#00BFC4	-0.406474995606141	162	validation	1
2	#00BFC4	-0.406874001772884	163	validation	1
2	#00BFC4	-0.407270226894406	164	validation	1
2	#00BFC4	-0.407663696994194	165	validation	1
2	#00BFC4	-0.408054437792026	166	validation	1
2	#00BFC4	-0.408442474708095	167	validation	1
2	#00BFC4	-0.408827832867078	168	validation	1
2	#00BFC4	-0.409210537102131	169	validation	1
2	#00BFC4	-0.409590611958838	170	validation	1
2	#00BFC4	-0.409968081699095	171	validation	1
2	#00BFC4	-0.410342970304938	172	validation	1
2	#00BFC4	-0.410715301482314	173	validation	1
2	#00BFC4	-0.411085098664796	174	validation	1
2	#00BFC4	-0.411452385017246	175	validation	1
2	#00BFC4	-0.411817183439416	176	validation	1
2	#00BFC4	-0.41217951656951	177	validation	1
2	#00BFC4	-0.412539406787676	178	validation	1
2	#00BFC4	-0.412896876219461	179	validation	1
2	#00BFC4	-0.413251946739204	180	validation	1
2	#00BFC4	-0.413604639973389	181	validation	1
2	#00BFC4	-0.413954977303942	182	validation	1
2	#00BFC4	-0.414302979871479	183	validation	1
2	#00BFC4	-0.41464866857851	184	validation	1
2	#00BFC4	-0.414992064092592	185	validation	1
2	#00BFC4	-0.415333186849442	186	validation	1
2	#00BFC4	-0.415672057055996	187	validation	1
2	#00BFC4	-0.416008694693425	188	validation	1
2	#00BFC4	-0.416343119520114	189	validation	1
2	#00BFC4	-0.416675351074588	190	validation	1
2	#00BFC4	-0.4170054086784	191	validation	1
2	#00BFC4	-0.417333311438975	192	validation	1
2	#00BFC4	-0.417659078252414	193	validation	1
2	#00BFC4	-0.417982727806255	194	validation	1
2	#00BFC4	-0.418304278582194	195	validation	1
2	#00BFC4	-0.418623748858768	196	validation	1
2	#00BFC4	-0.418941156713998	197	validation	1
2	#00BFC4	-0.41925652002799	198	validation	1
2	#00BFC4	-0.419569856485505	199	validation	1
2	#00BFC4	-0.419881183578485	200	validation	1
2	#00BFC4	-0.420190518608546	201	validation	1
2	#00BFC4	-0.420497878689434	202	validation	1
2	#00BFC4	-0.420803280749446	203	validation	1
2	#00BFC4	-0.421106741533813	204	validation	1
2	#00BFC4	-0.421408277607049	205	validation	1
2	#00BFC4	-0.421707905355274	206	validation	1
2	#00BFC4	-0.422005640988491	207	validation	1
2	#00BFC4	-0.422301500542836	208	validation	1
2	#00BFC4	-0.422595499882801	209	validation	1
2	#00BFC4	-0.422887654703413	210	validation	1
2	#00BFC4	-0.423177980532392	211	validation	1
2	#00BFC4	-0.423466492732275	212	validation	1
2	#00BFC4	-0.423753206502503	213	validation	1
2	#00BFC4	-0.42403813688149	214	validation	1
2	#00BFC4	-0.424321298748655	215	validation	1
2	#00BFC4	-0.424602706826422	216	validation	1
2	#00BFC4	-0.4248823756822	217	validation	1
2	#00BFC4	-0.425160319730325	218	validation	1
2	#00BFC4	-0.425436553233987	219	validation	1
2	#00BFC4	-0.425711090307113	220	validation	1
2	#00BFC4	-0.425983944916239	221	validation	1
2	#00BFC4	-0.426255130882345	222	validation	1
2	#00BFC4	-0.426524661882672	223	validation	1
2	#00BFC4	-0.4267925514525	224	validation	1
2	#00BFC4	-0.42705881298692	225	validation	1
2	#00BFC4	-0.427323459742562	226	validation	1
2	#00BFC4	-0.427586504839314	227	validation	1
2	#00BFC4	-0.427847961262004	228	validation	1
2	#00BFC4	-0.42810784186207	229	validation	1
2	#00BFC4	-0.428366159359195	230	validation	1
2	#00BFC4	-0.428622926342929	231	validation	1
2	#00BFC4	-0.428878155274282	232	validation	1
2	#00BFC4	-0.429131858487298	233	validation	1
2	#00BFC4	-0.429384048190606	234	validation	1
2	#00BFC4	-0.429634736468946	235	validation	1
2	#00BFC4	-0.429883935284681	236	validation	1
2	#00BFC4	-0.430131656479281	237	validation	1
2	#00BFC4	-0.430377911774789	238	validation	1
2	#00BFC4	-0.430622712775269	239	validation	1
2	#00BFC4	-0.430866070968229	240	validation	1
2	#00BFC4	-0.431107997726029	241	validation	1
2	#00BFC4	-0.431348504307266	242	validation	1
2	#00BFC4	-0.431587601858142	243	validation	1
2	#00BFC4	-0.431825301413812	244	validation	1
2	#00BFC4	-0.432061613899715	245	validation	1
2	#00BFC4	-0.432296550132884	246	validation	1
2	#00BFC4	-0.432530120823242	247	validation	1
2	#00BFC4	-0.432762336574873	248	validation	1
2	#00BFC4	-0.432993207887288	249	validation	1
2	#00BFC4	-0.433222745156659	250	validation	1
2	#00BFC4	-0.433450958677047	251	validation	1
2	#00BFC4	-0.433677858641607	252	validation	1
2	#00BFC4	-0.433903455143783	253	validation	1
2	#00BFC4	-0.43412775817848	254	validation	1
2	#00BFC4	-0.434350777643224	255	validation	1
2	#00BFC4	-0.434572523339303	256	validation	1
2	#00BFC4	-0.4347930049729	257	validation	1
2	#00BFC4	-0.435012232156199	258	validation	1
2	#00BFC4	-0.435230214408488	259	validation	1
2	#00BFC4	-0.435446961157239	260	validation	1
2	#00BFC4	-0.435662481739178	261	validation	1
2	#00BFC4	-0.435876785401336	262	validation	1
2	#00BFC4	-0.436089881302091	263	validation	1
2	#00BFC4	-0.436301778512196	264	validation	1
2	#00BFC4	-0.436512486015784	265	validation	1
2	#00BFC4	-0.436722012711374	266	validation	1
2	#00BFC4	-0.436930367412855	267	validation	1
2	#00BFC4	-0.437137558850452	268	validation	1
2	#00BFC4	-0.437343595671695	269	validation	1
2	#00BFC4	-0.437548486442357	270	validation	1
2	#00BFC4	-0.437752239647394	271	validation	1
2	#00BFC4	-0.437954863691861	272	validation	1
2	#00BFC4	-0.438156366901829	273	validation	1
2	#00BFC4	-0.438356757525275	274	validation	1
2	#00BFC4	-0.438556043732973	275	validation	1
2	#00BFC4	-0.438754233619365	276	validation	1
2	#00BFC4	-0.438951335203426	277	validation	1
2	#00BFC4	-0.439147356429513	278	validation	1
2	#00BFC4	-0.439342305168206	279	validation	1
2	#00BFC4	-0.439536189217138	280	validation	1
2	#00BFC4	-0.439729016301814	281	validation	1
2	#00BFC4	-0.439920794076417	282	validation	1
2	#00BFC4	-0.440111530124605	283	validation	1
2	#00BFC4	-0.4403012319603	284	validation	1
2	#00BFC4	-0.440489907028464	285	validation	1
2	#00BFC4	-0.440677562705863	286	validation	1
2	#00BFC4	-0.440864206301829	287	validation	1
2	#00BFC4	-0.441049845059003	288	validation	1
2	#00BFC4	-0.441234486154073	289	validation	1
2	#00BFC4	-0.441418136698504	290	validation	1
2	#00BFC4	-0.441600803739253	291	validation	1
2	#00BFC4	-0.441782494259482	292	validation	1
2	#00BFC4	-0.441963215179258	293	validation	1
2	#00BFC4	-0.442142973356241	294	validation	1
2	#00BFC4	-0.442321775586369	295	validation	1
2	#00BFC4	-0.442499628604535	296	validation	1
2	#00BFC4	-0.442676539085245	297	validation	1
2	#00BFC4	-0.442852513643281	298	validation	1
2	#00BFC4	-0.443027558834347	299	validation	1
2	#00BFC4	-0.443201681155712	300	validation	1
2	#00BFC4	-0.443374887046837	301	validation	1
2	#00BFC4	-0.443547182890004	302	validation	1
2	#00BFC4	-0.443718575010933	303	validation	1
2	#00BFC4	-0.443889069679385	304	validation	1
2	#00BFC4	-0.444058673109771	305	validation	1
2	#00BFC4	-0.444227391461737	306	validation	1
2	#00BFC4	-0.444395230840759	307	validation	1
2	#00BFC4	-0.444562197298714	308	validation	1
2	#00BFC4	-0.444728296834456	309	validation	1
2	#00BFC4	-0.444893535394382	310	validation	1
2	#00BFC4	-0.445057918872983	311	validation	1
2	#00BFC4	-0.445221453113401	312	validation	1
2	#00BFC4	-0.445384143907971	313	validation	1
2	#00BFC4	-0.445545996998755	314	validation	1
2	#00BFC4	-0.445707018078076	315	validation	1
2	#00BFC4	-0.445867212789043	316	validation	1
2	#00BFC4	-0.446026586726062	317	validation	1
2	#00BFC4	-0.446185145435355	318	validation	1
2	#00BFC4	-0.446342894415459	319	validation	1
2	#00BFC4	-0.446499839117727	320	validation	1
2	#00BFC4	-0.44665598494682	321	validation	1
2	#00BFC4	-0.446811337261195	322	validation	1
2	#00BFC4	-0.446965901373584	323	validation	1
2	#00BFC4	-0.447119682551469	324	validation	1
2	#00BFC4	-0.447272686017551	325	validation	1
2	#00BFC4	-0.447424916950213	326	validation	1
2	#00BFC4	-0.44757638048398	327	validation	1
2	#00BFC4	-0.447727081709968	328	validation	1
2	#00BFC4	-0.447877025676333	329	validation	1
2	#00BFC4	-0.448026217388711	330	validation	1
2	#00BFC4	-0.448174661810654	331	validation	1
2	#00BFC4	-0.448322363864063	332	validation	1
2	#00BFC4	-0.448469328429611	333	validation	1
2	#00BFC4	-0.448615560347165	334	validation	1
2	#00BFC4	-0.4487610644162	335	validation	1
2	#00BFC4	-0.448905845396211	336	validation	1
2	#00BFC4	-0.449049908007121	337	validation	1
2	#00BFC4	-0.449193256929677	338	validation	1
2	#00BFC4	-0.449335896805847	339	validation	1
2	#00BFC4	-0.449477832239216	340	validation	1
2	#00BFC4	-0.449619067795367	341	validation	1
2	#00BFC4	-0.449759608002267	342	validation	1
2	#00BFC4	-0.449899457350644	343	validation	1
2	#00BFC4	-0.45003862029436	344	validation	1
2	#00BFC4	-0.450177101250777	345	validation	1
2	#00BFC4	-0.450314904601127	346	validation	1
2	#00BFC4	-0.450452034690869	347	validation	1
2	#00BFC4	-0.450588495830045	348	validation	1
2	#00BFC4	-0.450724292293633	349	validation	1
2	#00BFC4	-0.450859428321894	350	validation	1
2	#00BFC4	-0.450993908120716	351	validation	1
2	#00BFC4	-0.451127735861955	352	validation	1
2	#00BFC4	-0.451260915683768	353	validation	1
2	#00BFC4	-0.451393451690948	354	validation	1
2	#00BFC4	-0.45152534795525	355	validation	1
2	#00BFC4	-0.451656608515717	356	validation	1
2	#00BFC4	-0.451787237378998	357	validation	1
2	#00BFC4	-0.451917238519667	358	validation	1
2	#00BFC4	-0.452046615880538	359	validation	1
2	#00BFC4	-0.452175373372969	360	validation	1
2	#00BFC4	-0.452303514877174	361	validation	1
2	#00BFC4	-0.452431044242523	362	validation	1
2	#00BFC4	-0.452557965287839	363	validation	1
2	#00BFC4	-0.452684281801699	364	validation	1
2	#00BFC4	-0.452809997542721	365	validation	1
2	#00BFC4	-0.452935116239858	366	validation	1
2	#00BFC4	-0.453059641592679	367	validation	1
2	#00BFC4	-0.453183577271655	368	validation	1
2	#00BFC4	-0.453306926918436	369	validation	1
2	#00BFC4	-0.453429694146131	370	validation	1
2	#00BFC4	-0.453551882539575	371	validation	1
2	#00BFC4	-0.453673495655606	372	validation	1
2	#00BFC4	-0.453794537023325	373	validation	1
2	#00BFC4	-0.453915010144365	374	validation	1
2	#00BFC4	-0.454034918493152	375	validation	1
2	#00BFC4	-0.454154265517159	376	validation	1
2	#00BFC4	-0.454273054637166	377	validation	1
2	#00BFC4	-0.454391289247507	378	validation	1
2	#00BFC4	-0.454508972716328	379	validation	1
2	#00BFC4	-0.454626108385823	380	validation	1
2	#00BFC4	-0.454742699572487	381	validation	1
2	#00BFC4	-0.454858749567353	382	validation	1
2	#00BFC4	-0.454974261636233	383	validation	1
2	#00BFC4	-0.455089239019951	384	validation	1
2	#00BFC4	-0.45520368493458	385	validation	1
2	#00BFC4	-0.455317602571669	386	validation	1
2	#00BFC4	-0.455430995098475	387	validation	1
2	#00BFC4	-0.455543865658188	388	validation	1
2	#00BFC4	-0.455656217370153	389	validation	1
2	#00BFC4	-0.455768053330091	390	validation	1
2	#00BFC4	-0.455879376610319	391	validation	1
2	#00BFC4	-0.455990190259965	392	validation	1
2	#00BFC4	-0.456100497305184	393	validation	1
2	#00BFC4	-0.456210300749365	394	validation	1
2	#00BFC4	-0.456319603573344	395	validation	1
2	#00BFC4	-0.45642840873561	396	validation	1
2	#00BFC4	-0.45653671917251	397	validation	1
2	#00BFC4	-0.456644537798449	398	validation	1
2	#00BFC4	-0.456751867506094	399	validation	1
2	#00BFC4	-0.45685871116657	400	validation	1
2	#00BFC4	-0.456965071629655	401	validation	1
2	#00BFC4	-0.457070951723978	402	validation	1
2	#00BFC4	-0.457176354257205	403	validation	1
2	#00BFC4	-0.457281282016233	404	validation	1
2	#00BFC4	-0.457385737767377	405	validation	1
2	#00BFC4	-0.457489724256556	406	validation	1
2	#00BFC4	-0.457593244209475	407	validation	1
2	#00BFC4	-0.457696300331807	408	validation	1
2	#00BFC4	-0.457798895309376	409	validation	1
2	#00BFC4	-0.45790103180833	410	validation	1
2	#00BFC4	-0.458002712475324	411	validation	1
2	#00BFC4	-0.458103939937685	412	validation	1
2	#00BFC4	-0.458204716803594	413	validation	1
2	#00BFC4	-0.458305045662249	414	validation	1
2	#00BFC4	-0.45840492908404	415	validation	1
2	#00BFC4	-0.458504369620709	416	validation	1
2	#00BFC4	-0.458603369805522	417	validation	1
2	#00BFC4	-0.458701932153429	418	validation	1
2	#00BFC4	-0.458800059161226	419	validation	1
2	#00BFC4	-0.458897753307718	420	validation	1
2	#00BFC4	-0.458995017053871	421	validation	1
2	#00BFC4	-0.459091852842976	422	validation	1
2	#00BFC4	-0.459188263100802	423	validation	1
2	#00BFC4	-0.459284250235746	424	validation	1
2	#00BFC4	-0.45937981663899	425	validation	1
2	#00BFC4	-0.459474964684647	426	validation	1
2	#00BFC4	-0.459569696729916	427	validation	1
2	#00BFC4	-0.459664015115221	428	validation	1
2	#00BFC4	-0.459757922164364	429	validation	1
2	#00BFC4	-0.459851420184666	430	validation	1
2	#00BFC4	-0.459944511467111	431	validation	1
2	#00BFC4	-0.460037198286485	432	validation	1
2	#00BFC4	-0.460129482901521	433	validation	1
2	#00BFC4	-0.46022136755503	434	validation	1
2	#00BFC4	-0.460312854474047	435	validation	1
2	#00BFC4	-0.460403945869959	436	validation	1
2	#00BFC4	-0.460494643938644	437	validation	1
2	#00BFC4	-0.460584950860602	438	validation	1
2	#00BFC4	-0.460674868801086	439	validation	1
2	#00BFC4	-0.460764399910236	440	validation	1
2	#00BFC4	-0.460853546323202	441	validation	1
2	#00BFC4	-0.460942310160278	442	validation	1
2	#00BFC4	-0.461030693527023	443	validation	1
2	#00BFC4	-0.46111869851439	444	validation	1
2	#00BFC4	-0.461206327198848	445	validation	1
2	#00BFC4	-0.461293581642504	446	validation	1
2	#00BFC4	-0.461380463893227	447	validation	1
2	#00BFC4	-0.461466975984766	448	validation	1
2	#00BFC4	-0.461553119936869	449	validation	1
2	#00BFC4	-0.4616388977554	450	validation	1
2	#00BFC4	-0.461724311432461	451	validation	1
2	#00BFC4	-0.461809362946499	452	validation	1
2	#00BFC4	-0.461894054262426	453	validation	1
2	#00BFC4	-0.461978387331734	454	validation	1
2	#00BFC4	-0.462062364092599	455	validation	1
2	#00BFC4	-0.46214598647	456	validation	1
2	#00BFC4	-0.462229256375825	457	validation	1
2	#00BFC4	-0.462312175708982	458	validation	1
2	#00BFC4	-0.462394746355501	459	validation	1
2	#00BFC4	-0.46247697018865	460	validation	1
2	#00BFC4	-0.462558849069033	461	validation	1
2	#00BFC4	-0.462640384844696	462	validation	1
2	#00BFC4	-0.462721579351235	463	validation	1
2	#00BFC4	-0.462802434411893	464	validation	1
2	#00BFC4	-0.462882951837663	465	validation	1
2	#00BFC4	-0.462963133427391	466	validation	1
2	#00BFC4	-0.463042980967873	467	validation	1
2	#00BFC4	-0.463122496233956	468	validation	1
2	#00BFC4	-0.463201680988631	469	validation	1
2	#00BFC4	-0.463280536983136	470	validation	1
2	#00BFC4	-0.463359065957048	471	validation	1
2	#00BFC4	-0.463437269638377	472	validation	1
2	#00BFC4	-0.463515149743663	473	validation	1
2	#00BFC4	-0.463592707978068	474	validation	1
2	#00BFC4	-0.463669946035465	475	validation	1
2	#00BFC4	-0.463746865598534	476	validation	1
2	#00BFC4	-0.463823468338851	477	validation	1
2	#00BFC4	-0.463899755916975	478	validation	1
2	#00BFC4	-0.463975729982539	479	validation	1
2	#00BFC4	-0.464051392174338	480	validation	1
2	#00BFC4	-0.464126744120415	481	validation	1
2	#00BFC4	-0.464201787438148	482	validation	1
2	#00BFC4	-0.464276523734333	483	validation	1
2	#00BFC4	-0.464350954605273	484	validation	1
2	#00BFC4	-0.464425081636857	485	validation	1
2	#00BFC4	-0.464498906404647	486	validation	1
2	#00BFC4	-0.464572430473956	487	validation	1
2	#00BFC4	-0.464645655399933	488	validation	1
2	#00BFC4	-0.464718582727642	489	validation	1
2	#00BFC4	-0.464791213992142	490	validation	1
2	#00BFC4	-0.464863550718567	491	validation	1
2	#00BFC4	-0.464935594422203	492	validation	1
2	#00BFC4	-0.465007346608566	493	validation	1
2	#00BFC4	-0.465078808773479	494	validation	1
2	#00BFC4	-0.46514998240315	495	validation	1
2	#00BFC4	-0.465220868974243	496	validation	1
2	#00BFC4	-0.465291469953959	497	validation	1
2	#00BFC4	-0.465361786800104	498	validation	1
2	#00BFC4	-0.465431820961167	499	validation	1
2	#00BFC4	-0.465501573876391	500	validation	1
2	#00BFC4	-0.465571046975842	501	validation	1
2	#00BFC4	-0.465640241680487	502	validation	1
2	#00BFC4	-0.46570915940226	503	validation	1
2	#00BFC4	-0.465777801544131	504	validation	1
2	#00BFC4	-0.465846169500182	505	validation	1
2	#00BFC4	-0.465914264655667	506	validation	1
2	#00BFC4	-0.465982088387087	507	validation	1
2	#00BFC4	-0.466049642062254	508	validation	1
2	#00BFC4	-0.46611692704036	509	validation	1
2	#00BFC4	-0.466183944672043	510	validation	1
2	#00BFC4	-0.466250696299449	511	validation	1
2	#00BFC4	-0.466317183256303	512	validation	1
2	#00BFC4	-0.466383406867971	513	validation	1
2	#00BFC4	-0.466449368451521	514	validation	1
2	#00BFC4	-0.466515069315792	515	validation	1
2	#00BFC4	-0.466580510761452	516	validation	1
2	#00BFC4	-0.466645694081062	517	validation	1
2	#00BFC4	-0.466710620559139	518	validation	1
2	#00BFC4	-0.466775291472214	519	validation	1
2	#00BFC4	-0.466839708088896	520	validation	1
2	#00BFC4	-0.466903871669929	521	validation	1
2	#00BFC4	-0.466967783468254	522	validation	1
2	#00BFC4	-0.467031444729065	523	validation	1
2	#00BFC4	-0.467094856689872	524	validation	1
2	#00BFC4	-0.467158020580552	525	validation	1
2	#00BFC4	-0.467220937623414	526	validation	1
2	#00BFC4	-0.467283609033251	527	validation	1
2	#00BFC4	-0.467346036017397	528	validation	1
2	#00BFC4	-0.467408219775784	529	validation	1
2	#00BFC4	-0.467470161500997	530	validation	1
2	#00BFC4	-0.467531862378328	531	validation	1
2	#00BFC4	-0.467593323585831	532	validation	1
2	#00BFC4	-0.467654546294377	533	validation	1
2	#00BFC4	-0.467715531667706	534	validation	1
2	#00BFC4	-0.46777628086248	535	validation	1
2	#00BFC4	-0.467836795028335	536	validation	1
2	#00BFC4	-0.467897075307934	537	validation	1
2	#00BFC4	-0.467957122837021	538	validation	1
2	#00BFC4	-0.468016938744466	539	validation	1
2	#00BFC4	-0.468076524152321	540	validation	1
2	#00BFC4	-0.468135880175869	541	validation	1
2	#00BFC4	-0.46819500792367	542	validation	1
2	#00BFC4	-0.468253908497617	543	validation	1
2	#00BFC4	-0.46831258299298	544	validation	1
2	#00BFC4	-0.468371032498456	545	validation	1
2	#00BFC4	-0.468429258096217	546	validation	1
2	#00BFC4	-0.468487260861957	547	validation	1
2	#00BFC4	-0.468545041864942	548	validation	1
2	#00BFC4	-0.468602602168052	549	validation	1
2	#00BFC4	-0.468659942827832	550	validation	1
2	#00BFC4	-0.468717064894537	551	validation	1
2	#00BFC4	-0.468773969412173	552	validation	1
2	#00BFC4	-0.468830657418551	553	validation	1
2	#00BFC4	-0.468887129945323	554	validation	1
2	#00BFC4	-0.468943388018032	555	validation	1
2	#00BFC4	-0.468999432656156	556	validation	1
2	#00BFC4	-0.469055264873147	557	validation	1
2	#00BFC4	-0.46911088567648	558	validation	1
2	#00BFC4	-0.469166296067692	559	validation	1
2	#00BFC4	-0.469221497042428	560	validation	1
2	#00BFC4	-0.469276489590479	561	validation	1
2	#00BFC4	-0.469331274695828	562	validation	1
2	#00BFC4	-0.469385853336689	563	validation	1
2	#00BFC4	-0.469440226485549	564	validation	1
2	#00BFC4	-0.469494395109209	565	validation	1
2	#00BFC4	-0.469548360168823	566	validation	1
2	#00BFC4	-0.469602122619941	567	validation	1
2	#00BFC4	-0.469655683412547	568	validation	1
2	#00BFC4	-0.469709043491098	569	validation	1
2	#00BFC4	-0.469762203794564	570	validation	1
2	#00BFC4	-0.469815165256465	571	validation	1
2	#00BFC4	-0.469867928804914	572	validation	1
2	#00BFC4	-0.46992049536265	573	validation	1
2	#00BFC4	-0.46997286584708	574	validation	1
2	#00BFC4	-0.470025041170311	575	validation	1
2	#00BFC4	-0.470077022239194	576	validation	1
2	#00BFC4	-0.470128809955358	577	validation	1
2	#00BFC4	-0.470180405215243	578	validation	1
2	#00BFC4	-0.470231808910142	579	validation	1
2	#00BFC4	-0.470283021926234	580	validation	1
2	#00BFC4	-0.47033404514462	581	validation	1
2	#00BFC4	-0.470384879441359	582	validation	1
2	#00BFC4	-0.470435525687502	583	validation	1
2	#00BFC4	-0.470485984749128	584	validation	1
2	#00BFC4	-0.470536257487379	585	validation	1
2	#00BFC4	-0.47058634475849	586	validation	1
2	#00BFC4	-0.47063624741383	587	validation	1
2	#00BFC4	-0.47068596629993	588	validation	1
2	#00BFC4	-0.470735502258518	589	validation	1
2	#00BFC4	-0.470784856126554	590	validation	1
2	#00BFC4	-0.470834028736259	591	validation	1
2	#00BFC4	-0.470883020915152	592	validation	1
2	#00BFC4	-0.47093183348608	593	validation	1
2	#00BFC4	-0.470980467267248	594	validation	1
2	#00BFC4	-0.471028923072255	595	validation	1
2	#00BFC4	-0.471077201710124	596	validation	1
2	#00BFC4	-0.471125303985331	597	validation	1
2	#00BFC4	-0.47117323069784	598	validation	1
2	#00BFC4	-0.471220982643131	599	validation	1
2	#00BFC4	-0.471268560612229	600	validation	1
2	#00BFC4	-0.47131596539174	601	validation	1
2	#00BFC4	-0.471363197763876	602	validation	1
2	#00BFC4	-0.471410258506485	603	validation	1
2	#00BFC4	-0.471457148393083	604	validation	1
2	#00BFC4	-0.471503868192884	605	validation	1
2	#00BFC4	-0.471550418670824	606	validation	1
2	#00BFC4	-0.471596800587596	607	validation	1
2	#00BFC4	-0.471643014699674	608	validation	1
2	#00BFC4	-0.471689061759343	609	validation	1
2	#00BFC4	-0.471734942514729	610	validation	1
2	#00BFC4	-0.471780657709824	611	validation	1
2	#00BFC4	-0.471826208084515	612	validation	1
2	#00BFC4	-0.471871594374611	613	validation	1
2	#00BFC4	-0.471916817311873	614	validation	1
2	#00BFC4	-0.471961877624037	615	validation	1
2	#00BFC4	-0.472006776034842	616	validation	1
2	#00BFC4	-0.472051513264059	617	validation	1
2	#00BFC4	-0.472096090027515	618	validation	1
2	#00BFC4	-0.47214050703712	619	validation	1
2	#00BFC4	-0.472184765000892	620	validation	1
2	#00BFC4	-0.472228864622987	621	validation	1
2	#00BFC4	-0.472272806603716	622	validation	1
2	#00BFC4	-0.472316591639581	623	validation	1
2	#00BFC4	-0.472360220423292	624	validation	1
2	#00BFC4	-0.472403693643796	625	validation	1
2	#00BFC4	-0.4724470119863	626	validation	1
2	#00BFC4	-0.472490176132298	627	validation	1
2	#00BFC4	-0.472533186759592	628	validation	1
2	#00BFC4	-0.472576044542319	629	validation	1
2	#00BFC4	-0.472618750150973	630	validation	1
2	#00BFC4	-0.472661304252433	631	validation	1
2	#00BFC4	-0.47270370750998	632	validation	1
2	#00BFC4	-0.472745960583327	633	validation	1
2	#00BFC4	-0.472788064128636	634	validation	1
2	#00BFC4	-0.472830018798548	635	validation	1
2	#00BFC4	-0.472871825242201	636	validation	1
2	#00BFC4	-0.472913484105254	637	validation	1
2	#00BFC4	-0.472954996029911	638	validation	1
2	#00BFC4	-0.472996361654941	639	validation	1
2	#00BFC4	-0.473037581615701	640	validation	1
2	#00BFC4	-0.473078656544162	641	validation	1
2	#00BFC4	-0.473119587068923	642	validation	1
2	#00BFC4	-0.473160373815241	643	validation	1
2	#00BFC4	-0.473201017405047	644	validation	1
2	#00BFC4	-0.473241518456969	645	validation	1
2	#00BFC4	-0.473281877586353	646	validation	1
2	#00BFC4	-0.473322095405288	647	validation	1
2	#00BFC4	-0.473362172522619	648	validation	1
2	#00BFC4	-0.473402109543976	649	validation	1
2	#00BFC4	-0.473441907071787	650	validation	1
2	#00BFC4	-0.473481565705307	651	validation	1
2	#00BFC4	-0.473521086040629	652	validation	1
2	#00BFC4	-0.473560468670712	653	validation	1
2	#00BFC4	-0.473599714185396	654	validation	1
2	#00BFC4	-0.473638823171424	655	validation	1
2	#00BFC4	-0.473677796212462	656	validation	1
2	#00BFC4	-0.473716633889117	657	validation	1
2	#00BFC4	-0.473755336778956	658	validation	1
2	#00BFC4	-0.47379390545653	659	validation	1
2	#00BFC4	-0.473832340493387	660	validation	1
2	#00BFC4	-0.473870642458092	661	validation	1
2	#00BFC4	-0.473908811916251	662	validation	1
2	#00BFC4	-0.473946849430523	663	validation	1
2	#00BFC4	-0.473984755560643	664	validation	1
2	#00BFC4	-0.474022530863439	665	validation	1
2	#00BFC4	-0.47406017589285	666	validation	1
2	#00BFC4	-0.474097691199943	667	validation	1
2	#00BFC4	-0.474135077332935	668	validation	1
2	#00BFC4	-0.474172334837205	669	validation	1
2	#00BFC4	-0.474209464255318	670	validation	1
2	#00BFC4	-0.474246466127036	671	validation	1
2	#00BFC4	-0.474283340989343	672	validation	1
2	#00BFC4	-0.474320089376455	673	validation	1
2	#00BFC4	-0.474356711819841	674	validation	1
2	#00BFC4	-0.474393208848242	675	validation	1
2	#00BFC4	-0.474429580987683	676	validation	1
2	#00BFC4	-0.474465828761493	677	validation	1
2	#00BFC4	-0.474501952690321	678	validation	1
2	#00BFC4	-0.474537953292152	679	validation	1
2	#00BFC4	-0.474573831082327	680	validation	1
2	#00BFC4	-0.474609586573553	681	validation	1
2	#00BFC4	-0.474645220275924	682	validation	1
2	#00BFC4	-0.474680732696935	683	validation	1
2	#00BFC4	-0.474716124341502	684	validation	1
2	#00BFC4	-0.474751395711969	685	validation	1
2	#00BFC4	-0.474786547308135	686	validation	1
2	#00BFC4	-0.47482157962726	687	validation	1
2	#00BFC4	-0.474856493164087	688	validation	1
2	#00BFC4	-0.474891288410853	689	validation	1
2	#00BFC4	-0.474925965857307	690	validation	1
2	#00BFC4	-0.474960525990726	691	validation	1
2	#00BFC4	-0.474994969295927	692	validation	1
2	#00BFC4	-0.475029296255283	693	validation	1
2	#00BFC4	-0.475063507348738	694	validation	1
2	#00BFC4	-0.475097603053825	695	validation	1
2	#00BFC4	-0.475131583845675	696	validation	1
2	#00BFC4	-0.475165450197036	697	validation	1
2	#00BFC4	-0.475199202578283	698	validation	1
2	#00BFC4	-0.475232841457439	699	validation	1
2	#00BFC4	-0.475266367300182	700	validation	1
2	#00BFC4	-0.475299780569864	701	validation	1
2	#00BFC4	-0.475333081727523	702	validation	1
2	#00BFC4	-0.475366271231899	703	validation	1
2	#00BFC4	-0.475399349539443	704	validation	1
2	#00BFC4	-0.475432317104337	705	validation	1
2	#00BFC4	-0.475465174378503	706	validation	1
2	#00BFC4	-0.475497921811619	707	validation	1
2	#00BFC4	-0.475530559851131	708	validation	1
2	#00BFC4	-0.475563088942267	709	validation	1
2	#00BFC4	-0.475595509528051	710	validation	1
2	#00BFC4	-0.475627822049313	711	validation	1
2	#00BFC4	-0.475660026944708	712	validation	1
2	#00BFC4	-0.475692124650722	713	validation	1
2	#00BFC4	-0.475724115601691	714	validation	1
2	#00BFC4	-0.475756000229809	715	validation	1
2	#00BFC4	-0.475787778965143	716	validation	1
2	#00BFC4	-0.475819452235647	717	validation	1
2	#00BFC4	-0.475851020467172	718	validation	1
2	#00BFC4	-0.475882484083478	719	validation	1
2	#00BFC4	-0.47591384350625	720	validation	1
2	#00BFC4	-0.475945099155107	721	validation	1
2	#00BFC4	-0.475976251447614	722	validation	1
2	#00BFC4	-0.476007300799297	723	validation	1
2	#00BFC4	-0.476038247623651	724	validation	1
2	#00BFC4	-0.476069092332158	725	validation	1
2	#00BFC4	-0.47609983533429	726	validation	1
2	#00BFC4	-0.47613047703753	727	validation	1
2	#00BFC4	-0.476161017847378	728	validation	1
2	#00BFC4	-0.476191458167362	729	validation	1
2	#00BFC4	-0.476221798399055	730	validation	1
2	#00BFC4	-0.476252038942081	731	validation	1
2	#00BFC4	-0.476282180194128	732	validation	1
2	#00BFC4	-0.476312222550961	733	validation	1
2	#00BFC4	-0.47634216640643	734	validation	1
2	#00BFC4	-0.476372012152485	735	validation	1
2	#00BFC4	-0.476401760179184	736	validation	1
2	#00BFC4	-0.476431410874705	737	validation	1
2	#00BFC4	-0.476460964625357	738	validation	1
2	#00BFC4	-0.47649042181559	739	validation	1
2	#00BFC4	-0.476519782828007	740	validation	1
2	#00BFC4	-0.476549048043374	741	validation	1
2	#00BFC4	-0.476578217840631	742	validation	1
2	#00BFC4	-0.476607292596902	743	validation	1
2	#00BFC4	-0.476636272687507	744	validation	1
2	#00BFC4	-0.476665158485968	745	validation	1
2	#00BFC4	-0.476693950364024	746	validation	1
2	#00BFC4	-0.476722648691642	747	validation	1
2	#00BFC4	-0.47675125383702	748	validation	1
2	#00BFC4	-0.476779766166607	749	validation	1
2	#00BFC4	-0.476808186045104	750	validation	1
2	#00BFC4	-0.476836513835479	751	validation	1
2	#00BFC4	-0.476864749898978	752	validation	1
2	#00BFC4	-0.476892894595131	753	validation	1
2	#00BFC4	-0.476920948281762	754	validation	1
2	#00BFC4	-0.476948911315002	755	validation	1
2	#00BFC4	-0.476976784049296	756	validation	1
2	#00BFC4	-0.477004566837415	757	validation	1
2	#00BFC4	-0.477032260030462	758	validation	1
2	#00BFC4	-0.477059863977883	759	validation	1
2	#00BFC4	-0.477087379027479	760	validation	1
2	#00BFC4	-0.477114805525411	761	validation	1
2	#00BFC4	-0.477142143816211	762	validation	1
2	#00BFC4	-0.477169394242794	763	validation	1
2	#00BFC4	-0.477196557146462	764	validation	1
2	#00BFC4	-0.477223632866916	765	validation	1
2	#00BFC4	-0.477250621742267	766	validation	1
2	#00BFC4	-0.477277524109039	767	validation	1
2	#00BFC4	-0.477304340302185	768	validation	1
2	#00BFC4	-0.477331070655091	769	validation	1
2	#00BFC4	-0.477357715499585	770	validation	1
2	#00BFC4	-0.477384275165948	771	validation	1
2	#00BFC4	-0.477410749982922	772	validation	1
2	#00BFC4	-0.477437140277717	773	validation	1
2	#00BFC4	-0.477463446376022	774	validation	1
2	#00BFC4	-0.47748966860201	775	validation	1
2	#00BFC4	-0.477515807278351	776	validation	1
2	#00BFC4	-0.477541862726217	777	validation	1
2	#00BFC4	-0.477567835265291	778	validation	1
2	#00BFC4	-0.477593725213776	779	validation	1
2	#00BFC4	-0.477619532888402	780	validation	1
2	#00BFC4	-0.477645258604436	781	validation	1
2	#00BFC4	-0.477670902675689	782	validation	1
2	#00BFC4	-0.477696465414523	783	validation	1
2	#00BFC4	-0.477721947131861	784	validation	1
2	#00BFC4	-0.477747348137194	785	validation	1
2	#00BFC4	-0.477772668738588	786	validation	1
2	#00BFC4	-0.477797909242695	787	validation	1
2	#00BFC4	-0.477823069954756	788	validation	1
2	#00BFC4	-0.477848151178614	789	validation	1
2	#00BFC4	-0.477873153216716	790	validation	1
2	#00BFC4	-0.477898076370126	791	validation	1
2	#00BFC4	-0.477922920938529	792	validation	1
2	#00BFC4	-0.477947687220241	793	validation	1
2	#00BFC4	-0.477972375512214	794	validation	1
2	#00BFC4	-0.477996986110046	795	validation	1
2	#00BFC4	-0.478021519307987	796	validation	1
2	#00BFC4	-0.478045975398945	797	validation	1
2	#00BFC4	-0.478070354674496	798	validation	1
2	#00BFC4	-0.478094657424891	799	validation	1
2	#00BFC4	-0.47811888393906	800	validation	1
2	#00BFC4	-0.478143034504623	801	validation	1
2	#00BFC4	-0.478167109407896	802	validation	1
2	#00BFC4	-0.478191108933897	803	validation	1
2	#00BFC4	-0.478215033366353	804	validation	1
2	#00BFC4	-0.478238882987709	805	validation	1
2	#00BFC4	-0.478262658079132	806	validation	1
2	#00BFC4	-0.478286358920521	807	validation	1
2	#00BFC4	-0.478309985790511	808	validation	1
2	#00BFC4	-0.478333538966482	809	validation	1
2	#00BFC4	-0.478357018724566	810	validation	1
2	#00BFC4	-0.478380425339651	811	validation	1
2	#00BFC4	-0.478403759085389	812	validation	1
2	#00BFC4	-0.478427020234203	813	validation	1
2	#00BFC4	-0.478450209057297	814	validation	1
2	#00BFC4	-0.478473325824654	815	validation	1
2	#00BFC4	-0.47849637080505	816	validation	1
2	#00BFC4	-0.478519344266059	817	validation	1
2	#00BFC4	-0.478542246474058	818	validation	1
2	#00BFC4	-0.478565077694231	819	validation	1
2	#00BFC4	-0.478587838190584	820	validation	1
2	#00BFC4	-0.478610528225939	821	validation	1
2	#00BFC4	-0.478633148061953	822	validation	1
2	#00BFC4	-0.478655697959113	823	validation	1
2	#00BFC4	-0.47867817817675	824	validation	1
2	#00BFC4	-0.478700588973041	825	validation	1
2	#00BFC4	-0.478722930605019	826	validation	1
2	#00BFC4	-0.478745203328574	827	validation	1
2	#00BFC4	-0.478767407398461	828	validation	1
2	#00BFC4	-0.47878954306831	829	validation	1
2	#00BFC4	-0.478811610590626	830	validation	1
2	#00BFC4	-0.478833610216797	831	validation	1
2	#00BFC4	-0.478855542197104	832	validation	1
2	#00BFC4	-0.478877406780718	833	validation	1
2	#00BFC4	-0.478899204215715	834	validation	1
2	#00BFC4	-0.478920934749077	835	validation	1
2	#00BFC4	-0.478942598626698	836	validation	1
2	#00BFC4	-0.47896419609339	837	validation	1
2	#00BFC4	-0.47898572739289	838	validation	1
2	#00BFC4	-0.479007192767864	839	validation	1
2	#00BFC4	-0.479028592459913	840	validation	1
2	#00BFC4	-0.479049926709578	841	validation	1
2	#00BFC4	-0.47907119575635	842	validation	1
2	#00BFC4	-0.479092399838666	843	validation	1
2	#00BFC4	-0.479113539193926	844	validation	1
2	#00BFC4	-0.479134614058488	845	validation	1
2	#00BFC4	-0.479155624667681	846	validation	1
2	#00BFC4	-0.479176571255807	847	validation	1
2	#00BFC4	-0.479197454056146	848	validation	1
2	#00BFC4	-0.479218273300962	849	validation	1
2	#00BFC4	-0.479239029221509	850	validation	1
2	#00BFC4	-0.479259722048036	851	validation	1
2	#00BFC4	-0.479280352009791	852	validation	1
2	#00BFC4	-0.479300919335027	853	validation	1
2	#00BFC4	-0.479321424251007	854	validation	1
2	#00BFC4	-0.479341866984011	855	validation	1
2	#00BFC4	-0.479362247759336	856	validation	1
2	#00BFC4	-0.479382566801306	857	validation	1
2	#00BFC4	-0.479402824333278	858	validation	1
2	#00BFC4	-0.479423020577639	859	validation	1
2	#00BFC4	-0.479443155755821	860	validation	1
2	#00BFC4	-0.479463230088299	861	validation	1
2	#00BFC4	-0.479483243794598	862	validation	1
2	#00BFC4	-0.4795031970933	863	validation	1
2	#00BFC4	-0.479523090202043	864	validation	1
2	#00BFC4	-0.479542923337534	865	validation	1
2	#00BFC4	-0.479562696715546	866	validation	1
2	#00BFC4	-0.479582410550929	867	validation	1
2	#00BFC4	-0.479602065057609	868	validation	1
2	#00BFC4	-0.479621660448598	869	validation	1
2	#00BFC4	-0.479641196935995	870	validation	1
2	#00BFC4	-0.479660674730993	871	validation	1
2	#00BFC4	-0.47968009404388	872	validation	1
2	#00BFC4	-0.47969945508405	873	validation	1
2	#00BFC4	-0.479718758059999	874	validation	1
2	#00BFC4	-0.479738003179338	875	validation	1
2	#00BFC4	-0.479757190648793	876	validation	1
2	#00BFC4	-0.479776320674208	877	validation	1
2	#00BFC4	-0.479795393460553	878	validation	1
2	#00BFC4	-0.479814409211927	879	validation	1
2	#00BFC4	-0.479833368131563	880	validation	1
2	#00BFC4	-0.479852270421832	881	validation	1
2	#00BFC4	-0.479871116284244	882	validation	1
2	#00BFC4	-0.479889905919459	883	validation	1
2	#00BFC4	-0.479908639527287	884	validation	1
2	#00BFC4	-0.479927317306691	885	validation	1
2	#00BFC4	-0.479945939455796	886	validation	1
2	#00BFC4	-0.479964506171888	887	validation	1
2	#00BFC4	-0.479983017651422	888	validation	1
2	#00BFC4	-0.480001474090026	889	validation	1
2	#00BFC4	-0.4800198756825	890	validation	1
2	#00BFC4	-0.480038222622828	891	validation	1
2	#00BFC4	-0.480056515104177	892	validation	1
2	#00BFC4	-0.480074753318901	893	validation	1
2	#00BFC4	-0.480092937458548	894	validation	1
2	#00BFC4	-0.480111067713861	895	validation	1
2	#00BFC4	-0.480129144274784	896	validation	1
2	#00BFC4	-0.480147167330465	897	validation	1
2	#00BFC4	-0.480165137069261	898	validation	1
2	#00BFC4	-0.480183053678739	899	validation	1
2	#00BFC4	-0.480200917345684	900	validation	1
2	#00BFC4	-0.480218728256101	901	validation	1
2	#00BFC4	-0.480236486595218	902	validation	1
2	#00BFC4	-0.480254192547491	903	validation	1
2	#00BFC4	-0.480271846296607	904	validation	1
2	#00BFC4	-0.480289448025489	905	validation	1
2	#00BFC4	-0.480306997916298	906	validation	1
2	#00BFC4	-0.480324496150438	907	validation	1
2	#00BFC4	-0.480341942908561	908	validation	1
2	#00BFC4	-0.480359338370568	909	validation	1
2	#00BFC4	-0.480376682715613	910	validation	1
2	#00BFC4	-0.480393976122108	911	validation	1
2	#00BFC4	-0.480411218767729	912	validation	1
2	#00BFC4	-0.480428410829413	913	validation	1
2	#00BFC4	-0.480445552483367	914	validation	1
2	#00BFC4	-0.48046264390507	915	validation	1
2	#00BFC4	-0.480479685269276	916	validation	1
2	#00BFC4	-0.480496676750019	917	validation	1
2	#00BFC4	-0.480513618520616	918	validation	1
2	#00BFC4	-0.480530510753668	919	validation	1
2	#00BFC4	-0.480547353621068	920	validation	1
2	#00BFC4	-0.480564147294	921	validation	1
2	#00BFC4	-0.480580891942947	922	validation	1
2	#00BFC4	-0.480597587737688	923	validation	1
2	#00BFC4	-0.480614234847309	924	validation	1
2	#00BFC4	-0.480630833440202	925	validation	1
2	#00BFC4	-0.480647383684067	926	validation	1
2	#00BFC4	-0.48066388574592	927	validation	1
2	#00BFC4	-0.480680339792092	928	validation	1
2	#00BFC4	-0.480696745988235	929	validation	1
2	#00BFC4	-0.480713104499323	930	validation	1
2	#00BFC4	-0.480729415489658	931	validation	1
2	#00BFC4	-0.480745679122872	932	validation	1
2	#00BFC4	-0.480761895561928	933	validation	1
2	#00BFC4	-0.480778064969127	934	validation	1
2	#00BFC4	-0.480794187506109	935	validation	1
2	#00BFC4	-0.480810263333858	936	validation	1
2	#00BFC4	-0.480826292612701	937	validation	1
2	#00BFC4	-0.480842275502315	938	validation	1
2	#00BFC4	-0.480858212161732	939	validation	1
2	#00BFC4	-0.480874102749334	940	validation	1
2	#00BFC4	-0.480889947422865	941	validation	1
2	#00BFC4	-0.48090574633943	942	validation	1
2	#00BFC4	-0.480921499655496	943	validation	1
2	#00BFC4	-0.4809372075269	944	validation	1
2	#00BFC4	-0.480952870108849	945	validation	1
2	#00BFC4	-0.480968487555922	946	validation	1
2	#00BFC4	-0.480984060022075	947	validation	1
2	#00BFC4	-0.480999587660644	948	validation	1
2	#00BFC4	-0.481015070624348	949	validation	1
2	#00BFC4	-0.481030509065288	950	validation	1
2	#00BFC4	-0.481045903134958	951	validation	1
2	#00BFC4	-0.48106125298424	952	validation	1
2	#00BFC4	-0.481076558763409	953	validation	1
2	#00BFC4	-0.48109182062214	954	validation	1
2	#00BFC4	-0.481107038709506	955	validation	1
2	#00BFC4	-0.481122213173982	956	validation	1
2	#00BFC4	-0.48113734416345	957	validation	1
2	#00BFC4	-0.481152431825198	958	validation	1
2	#00BFC4	-0.481167476305927	959	validation	1
2	#00BFC4	-0.48118247775175	960	validation	1
2	#00BFC4	-0.481197436308199	961	validation	1
2	#00BFC4	-0.481212352120223	962	validation	1
2	#00BFC4	-0.481227225332193	963	validation	1
2	#00BFC4	-0.481242056087906	964	validation	1
2	#00BFC4	-0.481256844530586	965	validation	1
2	#00BFC4	-0.481271590802887	966	validation	1
2	#00BFC4	-0.481286295046895	967	validation	1
2	#00BFC4	-0.481300957404132	968	validation	1
2	#00BFC4	-0.481315578015559	969	validation	1
2	#00BFC4	-0.481330157021576	970	validation	1
2	#00BFC4	-0.481344694562027	971	validation	1
2	#00BFC4	-0.481359190776203	972	validation	1
2	#00BFC4	-0.481373645802842	973	validation	1
2	#00BFC4	-0.481388059780133	974	validation	1
2	#00BFC4	-0.48140243284572	975	validation	1
2	#00BFC4	-0.481416765136703	976	validation	1
2	#00BFC4	-0.481431056789638	977	validation	1
2	#00BFC4	-0.481445307940545	978	validation	1
2	#00BFC4	-0.481459518724908	979	validation	1
2	#00BFC4	-0.481473689277675	980	validation	1
2	#00BFC4	-0.481487819733264	981	validation	1
2	#00BFC4	-0.481501910225564	982	validation	1
2	#00BFC4	-0.481515960887938	983	validation	1
2	#00BFC4	-0.481529971853223	984	validation	1
2	#00BFC4	-0.481543943253738	985	validation	1
2	#00BFC4	-0.481557875221279	986	validation	1
2	#00BFC4	-0.481571767887128	987	validation	1
2	#00BFC4	-0.481585621382051	988	validation	1
2	#00BFC4	-0.481599435836303	989	validation	1
2	#00BFC4	-0.481613211379629	990	validation	1
2	#00BFC4	-0.481626948141267	991	validation	1
2	#00BFC4	-0.481640646249948	992	validation	1
2	#00BFC4	-0.481654305833904	993	validation	1
2	#00BFC4	-0.481667927020864	994	validation	1
2	#00BFC4	-0.481681509938059	995	validation	1
2	#00BFC4	-0.481695054712226	996	validation	1
2	#00BFC4	-0.481708561469605	997	validation	1
2	#00BFC4	-0.48172203033595	998	validation	1
2	#00BFC4	-0.481735461436521	999	validation	1
2	#00BFC4	-0.481748854896094	1000	validation	1
2	#00BFC4	0.12468835010453	1	validation	2
2	#00BFC4	-0.0016028485982464	2	validation	2
2	#00BFC4	0.0414952851276906	3	validation	2
2	#00BFC4	-0.000193339998819096	4	validation	2
2	#00BFC4	0.0167456104567498	5	validation	2
2	#00BFC4	0.0307115040568014	6	validation	2
2	#00BFC4	-0.159023262633605	7	validation	2
2	#00BFC4	-0.143708635002805	8	validation	2
2	#00BFC4	-0.104574324620511	9	validation	2
2	#00BFC4	-0.0855656822637499	10	validation	2
2	#00BFC4	-0.235682223906767	11	validation	2
2	#00BFC4	-0.238900031928262	12	validation	2
2	#00BFC4	-0.22132120964382	13	validation	2
2	#00BFC4	-0.250885048062	14	validation	2
2	#00BFC4	-0.263352100007675	15	validation	2
2	#00BFC4	-0.319183184685446	16	validation	2
2	#00BFC4	-0.299031310436628	17	validation	2
2	#00BFC4	-0.370201714445696	18	validation	2
2	#00BFC4	-0.337800587174848	19	validation	2
2	#00BFC4	-0.424254408423417	20	validation	2
2	#00BFC4	-0.377091834393092	21	validation	2
2	#00BFC4	-0.473307926750504	22	validation	2
2	#00BFC4	-0.416756206531909	23	validation	2
2	#00BFC4	-0.513954481679188	24	validation	2
2	#00BFC4	-0.451074819889632	25	validation	2
2	#00BFC4	-0.545428071633017	26	validation	2
2	#00BFC4	-0.478481341929321	27	validation	2
2	#00BFC4	-0.567439313552337	28	validation	2
2	#00BFC4	-0.500236256331491	29	validation	2
2	#00BFC4	-0.585269858286016	30	validation	2
2	#00BFC4	-0.520170039549901	31	validation	2
2	#00BFC4	-0.599312626201775	32	validation	2
2	#00BFC4	-0.540074536717138	33	validation	2
2	#00BFC4	-0.610823502173232	34	validation	2
2	#00BFC4	-0.557949588795919	35	validation	2
2	#00BFC4	-0.620190158105109	36	validation	2
2	#00BFC4	-0.574121942370053	37	validation	2
2	#00BFC4	-0.628225970859687	38	validation	2
2	#00BFC4	-0.588550845525301	39	validation	2
2	#00BFC4	-0.634585960237424	40	validation	2
2	#00BFC4	-0.600362709002547	41	validation	2
2	#00BFC4	-0.639473054424848	42	validation	2
2	#00BFC4	-0.611462818639348	43	validation	2
2	#00BFC4	-0.643252010944664	44	validation	2
2	#00BFC4	-0.621269360553462	45	validation	2
2	#00BFC4	-0.646190121473956	46	validation	2
2	#00BFC4	-0.629007454986228	47	validation	2
2	#00BFC4	-0.6490032431052	48	validation	2
2	#00BFC4	-0.635589252774928	49	validation	2
2	#00BFC4	-0.651097147855955	50	validation	2
2	#00BFC4	-0.641311220135158	51	validation	2
2	#00BFC4	-0.653226957091244	52	validation	2
2	#00BFC4	-0.645876207278489	53	validation	2
2	#00BFC4	-0.655055748588495	54	validation	2
2	#00BFC4	-0.650093915177621	55	validation	2
2	#00BFC4	-0.657082437606361	56	validation	2
2	#00BFC4	-0.653614430652656	57	validation	2
2	#00BFC4	-0.659187120253402	58	validation	2
2	#00BFC4	-0.657238606183479	59	validation	2
2	#00BFC4	-0.661309986381214	60	validation	2
2	#00BFC4	-0.661048854267633	61	validation	2
2	#00BFC4	-0.663939018873855	62	validation	2
2	#00BFC4	-0.663885150387149	63	validation	2
2	#00BFC4	-0.666157328400464	64	validation	2
2	#00BFC4	-0.666397668848918	65	validation	2
2	#00BFC4	-0.668225706790842	66	validation	2
2	#00BFC4	-0.666988752743693	67	validation	2
2	#00BFC4	-0.670626986276613	68	validation	2
2	#00BFC4	-0.669935596198777	69	validation	2
2	#00BFC4	-0.671003542768842	70	validation	2
2	#00BFC4	-0.672650779637014	71	validation	2
2	#00BFC4	-0.671839970648964	72	validation	2
2	#00BFC4	-0.675137158262076	73	validation	2
2	#00BFC4	-0.673330867225467	74	validation	2
2	#00BFC4	-0.677340057677282	75	validation	2
2	#00BFC4	-0.675210104553512	76	validation	2
2	#00BFC4	-0.679464420194646	77	validation	2
2	#00BFC4	-0.677095405556484	78	validation	2
2	#00BFC4	-0.68154517178424	79	validation	2
2	#00BFC4	-0.679104718049521	80	validation	2
2	#00BFC4	-0.683671619200685	81	validation	2
2	#00BFC4	-0.681340736211096	82	validation	2
2	#00BFC4	-0.685642505368464	83	validation	2
2	#00BFC4	-0.683396887613415	84	validation	2
2	#00BFC4	-0.687757123346705	85	validation	2
2	#00BFC4	-0.685536269633476	86	validation	2
2	#00BFC4	-0.689804704026144	87	validation	2
2	#00BFC4	-0.687586577630741	88	validation	2
2	#00BFC4	-0.691772789273807	89	validation	2
2	#00BFC4	-0.689906343848626	90	validation	2
2	#00BFC4	-0.693911751190728	91	validation	2
2	#00BFC4	-0.691940553587741	92	validation	2
2	#00BFC4	-0.695941298598697	93	validation	2
2	#00BFC4	-0.69416062102013	94	validation	2
2	#00BFC4	-0.698013203380461	95	validation	2
2	#00BFC4	-0.696094854238318	96	validation	2
2	#00BFC4	-0.700091110716299	97	validation	2
2	#00BFC4	-0.69826132934185	98	validation	2
2	#00BFC4	-0.702143555346184	99	validation	2
2	#00BFC4	-0.700218987492009	100	validation	2
2	#00BFC4	-0.704094608805436	101	validation	2
2	#00BFC4	-0.702259392346646	102	validation	2
2	#00BFC4	-0.706051609292634	103	validation	2
2	#00BFC4	-0.704096821139538	104	validation	2
2	#00BFC4	-0.707917647016307	105	validation	2
2	#00BFC4	-0.706159512781521	106	validation	2
2	#00BFC4	-0.709879030085502	107	validation	2
2	#00BFC4	-0.708019846227382	108	validation	2
2	#00BFC4	-0.7117451177517	109	validation	2
2	#00BFC4	-0.709786003424329	110	validation	2
2	#00BFC4	-0.713495811303037	111	validation	2
2	#00BFC4	-0.711650572830981	112	validation	2
2	#00BFC4	-0.715358089892761	113	validation	2
2	#00BFC4	-0.713316328398248	114	validation	2
2	#00BFC4	-0.717084138372215	115	validation	2
2	#00BFC4	-0.715176596133507	116	validation	2
2	#00BFC4	-0.718939646554014	117	validation	2
2	#00BFC4	-0.716959557885349	118	validation	2
2	#00BFC4	-0.720555878228458	119	validation	2
2	#00BFC4	-0.71878876522008	120	validation	2
2	#00BFC4	-0.722398865691859	121	validation	2
2	#00BFC4	-0.72033361155509	122	validation	2
2	#00BFC4	-0.724343050186978	123	validation	2
2	#00BFC4	-0.722354581325843	124	validation	2
2	#00BFC4	-0.726103786345601	125	validation	2
2	#00BFC4	-0.724240736695212	126	validation	2
2	#00BFC4	-0.727848759597633	127	validation	2
2	#00BFC4	-0.725983988733987	128	validation	2
2	#00BFC4	-0.729582525569845	129	validation	2
2	#00BFC4	-0.727707958671746	130	validation	2
2	#00BFC4	-0.731291050722026	131	validation	2
2	#00BFC4	-0.729360182910401	132	validation	2
2	#00BFC4	-0.732991810690113	133	validation	2
2	#00BFC4	-0.731003586693395	134	validation	2
2	#00BFC4	-0.734601608949228	135	validation	2
2	#00BFC4	-0.732652574070583	136	validation	2
2	#00BFC4	-0.736191521855581	137	validation	2
2	#00BFC4	-0.734348280596301	138	validation	2
2	#00BFC4	-0.737754551062935	139	validation	2
2	#00BFC4	-0.735541903209234	140	validation	2
2	#00BFC4	-0.739611675073552	141	validation	2
2	#00BFC4	-0.737126183560363	142	validation	2
2	#00BFC4	-0.741017695269756	143	validation	2
2	#00BFC4	-0.738876441043091	144	validation	2
2	#00BFC4	-0.742442107490549	145	validation	2
2	#00BFC4	-0.740165995737366	146	validation	2
2	#00BFC4	-0.74419956693974	147	validation	2
2	#00BFC4	-0.741890623095298	148	validation	2
2	#00BFC4	-0.745525451852966	149	validation	2
2	#00BFC4	-0.743502453948557	150	validation	2
2	#00BFC4	-0.747013938130008	151	validation	2
2	#00BFC4	-0.744895843390872	152	validation	2
2	#00BFC4	-0.748432509839851	153	validation	2
2	#00BFC4	-0.746506875222387	154	validation	2
2	#00BFC4	-0.749824158435984	155	validation	2
2	#00BFC4	-0.747800455516952	156	validation	2
2	#00BFC4	-0.751297023806401	157	validation	2
2	#00BFC4	-0.749312477892148	158	validation	2
2	#00BFC4	-0.752649012277725	159	validation	2
2	#00BFC4	-0.750597110376794	160	validation	2
2	#00BFC4	-0.754056969087548	161	validation	2
2	#00BFC4	-0.752055399079644	162	validation	2
2	#00BFC4	-0.755383815239659	163	validation	2
2	#00BFC4	-0.75329260733814	164	validation	2
2	#00BFC4	-0.756745293214456	165	validation	2
2	#00BFC4	-0.754635976274463	166	validation	2
2	#00BFC4	-0.758055216560708	167	validation	2
2	#00BFC4	-0.755959454106872	168	validation	2
2	#00BFC4	-0.759376240133715	169	validation	2
2	#00BFC4	-0.757296798767041	170	validation	2
2	#00BFC4	-0.760630163882581	171	validation	2
2	#00BFC4	-0.758427142002355	172	validation	2
2	#00BFC4	-0.761965396430595	173	validation	2
2	#00BFC4	-0.759774548633253	174	validation	2
2	#00BFC4	-0.763432551114649	175	validation	2
2	#00BFC4	-0.761005949599278	176	validation	2
2	#00BFC4	-0.764594177049916	177	validation	2
2	#00BFC4	-0.762287670713087	178	validation	2
2	#00BFC4	-0.765757186382704	179	validation	2
2	#00BFC4	-0.763391522080669	180	validation	2
2	#00BFC4	-0.76685534515379	181	validation	2
2	#00BFC4	-0.764599363486952	182	validation	2
2	#00BFC4	-0.768032874565198	183	validation	2
2	#00BFC4	-0.765784429850459	184	validation	2
2	#00BFC4	-0.769210299139516	185	validation	2
2	#00BFC4	-0.76693779129449	186	validation	2
2	#00BFC4	-0.770323259030083	187	validation	2
2	#00BFC4	-0.767999440599339	188	validation	2
2	#00BFC4	-0.771743694192829	189	validation	2
2	#00BFC4	-0.769219076287224	190	validation	2
2	#00BFC4	-0.772756742235162	191	validation	2
2	#00BFC4	-0.769944829800835	192	validation	2
2	#00BFC4	-0.772330460900404	193	validation	2
2	#00BFC4	-0.769679059228177	194	validation	2
2	#00BFC4	-0.770141044337756	195	validation	2
2	#00BFC4	-0.771938932423991	196	validation	2
2	#00BFC4	-0.770218335934585	197	validation	2
2	#00BFC4	-0.770762686224732	198	validation	2
2	#00BFC4	-0.77294019354725	199	validation	2
2	#00BFC4	-0.771236875210149	200	validation	2
2	#00BFC4	-0.771892425286375	201	validation	2
2	#00BFC4	-0.774259417917921	202	validation	2
2	#00BFC4	-0.77376031087312	203	validation	2
2	#00BFC4	-0.77345866346154	204	validation	2
2	#00BFC4	-0.775997688381178	205	validation	2
2	#00BFC4	-0.774326825316906	206	validation	2
2	#00BFC4	-0.77630218988643	207	validation	2
2	#00BFC4	-0.777521653789687	208	validation	2
2	#00BFC4	-0.776093983723988	209	validation	2
2	#00BFC4	-0.77997996427815	210	validation	2
2	#00BFC4	-0.777016407944644	211	validation	2
2	#00BFC4	-0.777824056223902	212	validation	2
2	#00BFC4	-0.77991601908302	213	validation	2
2	#00BFC4	-0.779320522210912	214	validation	2
2	#00BFC4	-0.778825865356602	215	validation	2
2	#00BFC4	-0.781459536302964	216	validation	2
2	#00BFC4	-0.78060376234045	217	validation	2
2	#00BFC4	-0.782827776428566	218	validation	2
2	#00BFC4	-0.780916845850939	219	validation	2
2	#00BFC4	-0.782360085332942	220	validation	2
2	#00BFC4	-0.783732546455127	221	validation	2
2	#00BFC4	-0.782212258112872	222	validation	2
2	#00BFC4	-0.783530133190387	223	validation	2
2	#00BFC4	-0.784960073244171	224	validation	2
2	#00BFC4	-0.783003547468326	225	validation	2
2	#00BFC4	-0.787412713830381	226	validation	2
2	#00BFC4	-0.784304418806208	227	validation	2
2	#00BFC4	-0.786060426840942	228	validation	2
2	#00BFC4	-0.787397497354297	229	validation	2
2	#00BFC4	-0.785728156337203	230	validation	2
2	#00BFC4	-0.787173385090382	231	validation	2
2	#00BFC4	-0.788563831296767	232	validation	2
2	#00BFC4	-0.786595448949852	233	validation	2
2	#00BFC4	-0.790742685912859	234	validation	2
2	#00BFC4	-0.787717801515712	235	validation	2
2	#00BFC4	-0.788253883577895	236	validation	2
2	#00BFC4	-0.79037408515959	237	validation	2
2	#00BFC4	-0.789715220046117	238	validation	2
2	#00BFC4	-0.789082427847777	239	validation	2
2	#00BFC4	-0.791658485731717	240	validation	2
2	#00BFC4	-0.790831495985152	241	validation	2
2	#00BFC4	-0.790282012876411	242	validation	2
2	#00BFC4	-0.792780418281677	243	validation	2
2	#00BFC4	-0.79183691264006	244	validation	2
2	#00BFC4	-0.791580487517855	245	validation	2
2	#00BFC4	-0.793741562809707	246	validation	2
2	#00BFC4	-0.791557909964502	247	validation	2
2	#00BFC4	-0.796229627280375	248	validation	2
2	#00BFC4	-0.793036711426379	249	validation	2
2	#00BFC4	-0.7947505825554	250	validation	2
2	#00BFC4	-0.793334689271081	251	validation	2
2	#00BFC4	-0.795907712936415	252	validation	2
2	#00BFC4	-0.793653850992191	253	validation	2
2	#00BFC4	-0.798124020834139	254	validation	2
2	#00BFC4	-0.795106088342695	255	validation	2
2	#00BFC4	-0.796601952802906	256	validation	2
2	#00BFC4	-0.798123499181243	257	validation	2
2	#00BFC4	-0.796310110685459	258	validation	2
2	#00BFC4	-0.79738523808048	259	validation	2
2	#00BFC4	-0.799103642117463	260	validation	2
2	#00BFC4	-0.79708218518841	261	validation	2
2	#00BFC4	-0.797316584168389	262	validation	2
2	#00BFC4	-0.800664832847464	263	validation	2
2	#00BFC4	-0.798058710591824	264	validation	2
2	#00BFC4	-0.800970058166046	265	validation	2
2	#00BFC4	-0.800017660008814	266	validation	2
2	#00BFC4	-0.799428821471328	267	validation	2
2	#00BFC4	-0.801700255991498	268	validation	2
2	#00BFC4	-0.800945399758558	269	validation	2
2	#00BFC4	-0.800116179558935	270	validation	2
2	#00BFC4	-0.80251208101171	271	validation	2
2	#00BFC4	-0.800701575075667	272	validation	2
2	#00BFC4	-0.80177592263187	273	validation	2
2	#00BFC4	-0.800642793516925	274	validation	2
2	#00BFC4	-0.803372492548354	275	validation	2
2	#00BFC4	-0.802493141777437	276	validation	2
2	#00BFC4	-0.802319274453171	277	validation	2
2	#00BFC4	-0.804404623466352	278	validation	2
2	#00BFC4	-0.802626744474677	279	validation	2
2	#00BFC4	-0.803738463203528	280	validation	2
2	#00BFC4	-0.805295302238298	281	validation	2
2	#00BFC4	-0.803767758099205	282	validation	2
2	#00BFC4	-0.804954974808698	283	validation	2
2	#00BFC4	-0.806378001043652	284	validation	2
2	#00BFC4	-0.804679568518911	285	validation	2
2	#00BFC4	-0.80554786850924	286	validation	2
2	#00BFC4	-0.807371067603415	287	validation	2
2	#00BFC4	-0.805579684095339	288	validation	2
2	#00BFC4	-0.806677121613083	289	validation	2
2	#00BFC4	-0.808357729245947	290	validation	2
2	#00BFC4	-0.806757436995752	291	validation	2
2	#00BFC4	-0.807742196483795	292	validation	2
2	#00BFC4	-0.809483315920287	293	validation	2
2	#00BFC4	-0.808169274509553	294	validation	2
2	#00BFC4	-0.808711852862832	295	validation	2
2	#00BFC4	-0.810401434274852	296	validation	2
2	#00BFC4	-0.808714373575954	297	validation	2
2	#00BFC4	-0.809868857636913	298	validation	2
2	#00BFC4	-0.808629249047239	299	validation	2
2	#00BFC4	-0.811140423665067	300	validation	2
2	#00BFC4	-0.809289125759869	301	validation	2
2	#00BFC4	-0.810639940649212	302	validation	2
2	#00BFC4	-0.812088426749016	303	validation	2
2	#00BFC4	-0.810440725925135	304	validation	2
2	#00BFC4	-0.81149622022098	305	validation	2
2	#00BFC4	-0.813014521386082	306	validation	2
2	#00BFC4	-0.811632602030125	307	validation	2
2	#00BFC4	-0.811102880076147	308	validation	2
2	#00BFC4	-0.81450289419601	309	validation	2
2	#00BFC4	-0.812208347447845	310	validation	2
2	#00BFC4	-0.812321637046963	311	validation	2
2	#00BFC4	-0.81158731931237	312	validation	2
2	#00BFC4	-0.815107741999342	313	validation	2
2	#00BFC4	-0.812893581652681	314	validation	2
2	#00BFC4	-0.812914715961277	315	validation	2
2	#00BFC4	-0.816161353526073	316	validation	2
2	#00BFC4	-0.813816284516749	317	validation	2
2	#00BFC4	-0.813584889789532	318	validation	2
2	#00BFC4	-0.812939324687396	319	validation	2
2	#00BFC4	-0.816601921904634	320	validation	2
2	#00BFC4	-0.814577741790877	321	validation	2
2	#00BFC4	-0.814570223011028	322	validation	2
2	#00BFC4	-0.816647954766692	323	validation	2
2	#00BFC4	-0.816123548029035	324	validation	2
2	#00BFC4	-0.81537659654562	325	validation	2
2	#00BFC4	-0.814790891723996	326	validation	2
2	#00BFC4	-0.816992626389166	327	validation	2
2	#00BFC4	-0.816528821448051	328	validation	2
2	#00BFC4	-0.815658602777517	329	validation	2
2	#00BFC4	-0.817515563281202	330	validation	2
2	#00BFC4	-0.815945937757754	331	validation	2
2	#00BFC4	-0.816344425392899	332	validation	2
2	#00BFC4	-0.815462269921795	333	validation	2
2	#00BFC4	-0.818217323034064	334	validation	2
2	#00BFC4	-0.816411387584634	335	validation	2
2	#00BFC4	-0.817339038338809	336	validation	2
2	#00BFC4	-0.816853760989618	337	validation	2
2	#00BFC4	-0.81900297912671	338	validation	2
2	#00BFC4	-0.818414718342594	339	validation	2
2	#00BFC4	-0.818061515018121	340	validation	2
2	#00BFC4	-0.820004369273408	341	validation	2
2	#00BFC4	-0.81841681008139	342	validation	2
2	#00BFC4	-0.819477472741876	343	validation	2
2	#00BFC4	-0.818331181980523	344	validation	2
2	#00BFC4	-0.820819541325127	345	validation	2
2	#00BFC4	-0.819036405501723	346	validation	2
2	#00BFC4	-0.82011912239098	347	validation	2
2	#00BFC4	-0.819417929290719	348	validation	2
2	#00BFC4	-0.821504887175042	349	validation	2
2	#00BFC4	-0.819954539411187	350	validation	2
2	#00BFC4	-0.820851428827502	351	validation	2
2	#00BFC4	-0.819810052619122	352	validation	2
2	#00BFC4	-0.822545649984279	353	validation	2
2	#00BFC4	-0.820822025183087	354	validation	2
2	#00BFC4	-0.821758496230647	355	validation	2
2	#00BFC4	-0.820884026176558	356	validation	2
2	#00BFC4	-0.823379257287001	357	validation	2
2	#00BFC4	-0.821770873586366	358	validation	2
2	#00BFC4	-0.822605425692232	359	validation	2
2	#00BFC4	-0.821561327709746	360	validation	2
2	#00BFC4	-0.824067743637473	361	validation	2
2	#00BFC4	-0.822628638712381	362	validation	2
2	#00BFC4	-0.823292780059136	363	validation	2
2	#00BFC4	-0.822489285641136	364	validation	2
2	#00BFC4	-0.824899259105789	365	validation	2
2	#00BFC4	-0.823257443471989	366	validation	2
2	#00BFC4	-0.823308779067907	367	validation	2
2	#00BFC4	-0.823906041079911	368	validation	2
2	#00BFC4	-0.823364590054395	369	validation	2
2	#00BFC4	-0.825580944535307	370	validation	2
2	#00BFC4	-0.82406087619555	371	validation	2
2	#00BFC4	-0.824125010336062	372	validation	2
2	#00BFC4	-0.824758710465004	373	validation	2
2	#00BFC4	-0.824260306167064	374	validation	2
2	#00BFC4	-0.826598651239769	375	validation	2
2	#00BFC4	-0.825169175201457	376	validation	2
2	#00BFC4	-0.824912089292809	377	validation	2
2	#00BFC4	-0.825945028562187	378	validation	2
2	#00BFC4	-0.825214258420853	379	validation	2
2	#00BFC4	-0.827723523963429	380	validation	2
2	#00BFC4	-0.826184041459848	381	validation	2
2	#00BFC4	-0.826015040080243	382	validation	2
2	#00BFC4	-0.825731651781917	383	validation	2
2	#00BFC4	-0.826442450265678	384	validation	2
2	#00BFC4	-0.82873403920419	385	validation	2
2	#00BFC4	-0.827208899890404	386	validation	2
2	#00BFC4	-0.826963831988081	387	validation	2
2	#00BFC4	-0.826597961772747	388	validation	2
2	#00BFC4	-0.827539523123587	389	validation	2
2	#00BFC4	-0.829750119864169	390	validation	2
2	#00BFC4	-0.828305404652836	391	validation	2
2	#00BFC4	-0.827971801967668	392	validation	2
2	#00BFC4	-0.827720495323539	393	validation	2
2	#00BFC4	-0.827319792412251	394	validation	2
2	#00BFC4	-0.831279556218203	395	validation	2
2	#00BFC4	-0.829836731927968	396	validation	2
2	#00BFC4	-0.829463111478057	397	validation	2
2	#00BFC4	-0.828729426309769	398	validation	2
2	#00BFC4	-0.828437552494582	399	validation	2
2	#00BFC4	-0.829159785865356	400	validation	2
2	#00BFC4	-0.831492519383203	401	validation	2
2	#00BFC4	-0.830068043537651	402	validation	2
2	#00BFC4	-0.829755648836223	403	validation	2
2	#00BFC4	-0.82944920541672	404	validation	2
2	#00BFC4	-0.828827900540066	405	validation	2
2	#00BFC4	-0.832996239973642	406	validation	2
2	#00BFC4	-0.831258206569878	407	validation	2
2	#00BFC4	-0.830973974459337	408	validation	2
2	#00BFC4	-0.830565519863413	409	validation	2
2	#00BFC4	-0.830179375756894	410	validation	2
2	#00BFC4	-0.832705698002241	411	validation	2
2	#00BFC4	-0.833100682557365	412	validation	2
2	#00BFC4	-0.832396216410844	413	validation	2
2	#00BFC4	-0.831949827622137	414	validation	2
2	#00BFC4	-0.831735578873	415	validation	2
2	#00BFC4	-0.831245542809727	416	validation	2
2	#00BFC4	-0.833944911651238	417	validation	2
2	#00BFC4	-0.834165462765945	418	validation	2
2	#00BFC4	-0.833501506083859	419	validation	2
2	#00BFC4	-0.833152488466265	420	validation	2
2	#00BFC4	-0.832516616554896	421	validation	2
2	#00BFC4	-0.835279757699832	422	validation	2
2	#00BFC4	-0.834418726285321	423	validation	2
2	#00BFC4	-0.835254448575095	424	validation	2
2	#00BFC4	-0.83432420266001	425	validation	2
2	#00BFC4	-0.834002813891344	426	validation	2
2	#00BFC4	-0.833579383574049	427	validation	2
2	#00BFC4	-0.836449514405618	428	validation	2
2	#00BFC4	-0.835370142602325	429	validation	2
2	#00BFC4	-0.836250751471505	430	validation	2
2	#00BFC4	-0.835719880068842	431	validation	2
2	#00BFC4	-0.835248341339921	432	validation	2
2	#00BFC4	-0.834880359350845	433	validation	2
2	#00BFC4	-0.837738930498532	434	validation	2
2	#00BFC4	-0.836773721398209	435	validation	2
2	#00BFC4	-0.837726833029024	436	validation	2
2	#00BFC4	-0.837374804708361	437	validation	2
2	#00BFC4	-0.836945887692068	438	validation	2
2	#00BFC4	-0.839909898502937	439	validation	2
2	#00BFC4	-0.838600420881646	440	validation	2
2	#00BFC4	-0.839495525433795	441	validation	2
2	#00BFC4	-0.839229757172588	442	validation	2
2	#00BFC4	-0.838792669956476	443	validation	2
2	#00BFC4	-0.838311144213643	444	validation	2
2	#00BFC4	-0.841163878375975	445	validation	2
2	#00BFC4	-0.840222594298708	446	validation	2
2	#00BFC4	-0.841020167896827	447	validation	2
2	#00BFC4	-0.840525579399839	448	validation	2
2	#00BFC4	-0.839844378518772	449	validation	2
2	#00BFC4	-0.84269158841207	450	validation	2
2	#00BFC4	-0.841611115858358	451	validation	2
2	#00BFC4	-0.842229414352593	452	validation	2
2	#00BFC4	-0.841783870364793	453	validation	2
2	#00BFC4	-0.841184331366127	454	validation	2
2	#00BFC4	-0.843759567073812	455	validation	2
2	#00BFC4	-0.842926426715765	456	validation	2
2	#00BFC4	-0.843444219431614	457	validation	2
2	#00BFC4	-0.842788424870936	458	validation	2
2	#00BFC4	-0.842746212977906	459	validation	2
2	#00BFC4	-0.842075931591877	460	validation	2
2	#00BFC4	-0.844653699683357	461	validation	2
2	#00BFC4	-0.843882114636583	462	validation	2
2	#00BFC4	-0.844381239598106	463	validation	2
2	#00BFC4	-0.843689527519623	464	validation	2
2	#00BFC4	-0.843323074295621	465	validation	2
2	#00BFC4	-0.845781813682255	466	validation	2
2	#00BFC4	-0.844700041597205	467	validation	2
2	#00BFC4	-0.845441090410286	468	validation	2
2	#00BFC4	-0.844645831097195	469	validation	2
2	#00BFC4	-0.843994665249316	470	validation	2
2	#00BFC4	-0.846736311704524	471	validation	2
2	#00BFC4	-0.845570828285312	472	validation	2
2	#00BFC4	-0.846088103535293	473	validation	2
2	#00BFC4	-0.845557644249774	474	validation	2
2	#00BFC4	-0.844830671954868	475	validation	2
2	#00BFC4	-0.847329793749411	476	validation	2
2	#00BFC4	-0.846541387943174	477	validation	2
2	#00BFC4	-0.845763698205496	478	validation	2
2	#00BFC4	-0.846395396444613	479	validation	2
2	#00BFC4	-0.845953551444665	480	validation	2
2	#00BFC4	-0.845347316122547	481	validation	2
2	#00BFC4	-0.847825026081692	482	validation	2
2	#00BFC4	-0.847097763644965	483	validation	2
2	#00BFC4	-0.846346508406364	484	validation	2
2	#00BFC4	-0.846979984211075	485	validation	2
2	#00BFC4	-0.846225775117841	486	validation	2
2	#00BFC4	-0.848851938770832	487	validation	2
2	#00BFC4	-0.847823045570464	488	validation	2
2	#00BFC4	-0.847276864483471	489	validation	2
2	#00BFC4	-0.847490305486339	490	validation	2
2	#00BFC4	-0.846283295053676	491	validation	2
2	#00BFC4	-0.848860203599504	492	validation	2
2	#00BFC4	-0.847959200814954	493	validation	2
2	#00BFC4	-0.847021489452466	494	validation	2
2	#00BFC4	-0.847581087578016	495	validation	2
2	#00BFC4	-0.847058440415117	496	validation	2
2	#00BFC4	-0.846416926490908	497	validation	2
2	#00BFC4	-0.848855123248194	498	validation	2
2	#00BFC4	-0.848085574077216	499	validation	2
2	#00BFC4	-0.847280123484059	500	validation	2
2	#00BFC4	-0.847898996950057	501	validation	2
2	#00BFC4	-0.847156669946094	502	validation	2
2	#00BFC4	-0.849740839084473	503	validation	2
2	#00BFC4	-0.848756927604794	504	validation	2
2	#00BFC4	-0.848232014910801	505	validation	2
2	#00BFC4	-0.847487689025556	506	validation	2
2	#00BFC4	-0.848212044384284	507	validation	2
2	#00BFC4	-0.84749442953224	508	validation	2
2	#00BFC4	-0.850059368559818	509	validation	2
2	#00BFC4	-0.849084495990608	510	validation	2
2	#00BFC4	-0.848571141269459	511	validation	2
2	#00BFC4	-0.8479252481534	512	validation	2
2	#00BFC4	-0.848523125477346	513	validation	2
2	#00BFC4	-0.847716360083175	514	validation	2
2	#00BFC4	-0.850406817733132	515	validation	2
2	#00BFC4	-0.849588642090493	516	validation	2
2	#00BFC4	-0.848876553446416	517	validation	2
2	#00BFC4	-0.848501771720883	518	validation	2
2	#00BFC4	-0.849120158703268	519	validation	2
2	#00BFC4	-0.848317079880162	520	validation	2
2	#00BFC4	-0.851046859743292	521	validation	2
2	#00BFC4	-0.85003342907658	522	validation	2
2	#00BFC4	-0.849381190436588	523	validation	2
2	#00BFC4	-0.848798626461175	524	validation	2
2	#00BFC4	-0.848472420927925	525	validation	2
2	#00BFC4	-0.849103272930189	526	validation	2
2	#00BFC4	-0.848310105749599	527	validation	2
2	#00BFC4	-0.850879530233729	528	validation	2
2	#00BFC4	-0.850168223662119	529	validation	2
2	#00BFC4	-0.849532277741923	530	validation	2
2	#00BFC4	-0.848830584887443	531	validation	2
2	#00BFC4	-0.849475634566531	532	validation	2
2	#00BFC4	-0.848719609283991	533	validation	2
2	#00BFC4	-0.85144483307371	534	validation	2
2	#00BFC4	-0.85043053295075	535	validation	2
2	#00BFC4	-0.849771950786788	536	validation	2
2	#00BFC4	-0.84927386197926	537	validation	2
2	#00BFC4	-0.848937394544766	538	validation	2
2	#00BFC4	-0.849559215709537	539	validation	2
2	#00BFC4	-0.848830157839337	540	validation	2
2	#00BFC4	-0.851376352757882	541	validation	2
2	#00BFC4	-0.850683259922279	542	validation	2
2	#00BFC4	-0.850048451470889	543	validation	2
2	#00BFC4	-0.849408724729616	544	validation	2
2	#00BFC4	-0.848882314314286	545	validation	2
2	#00BFC4	-0.849659016389449	546	validation	2
2	#00BFC4	-0.849226755755321	547	validation	2
2	#00BFC4	-0.851665476180657	548	validation	2
2	#00BFC4	-0.850728679153819	549	validation	2
2	#00BFC4	-0.850224541816816	550	validation	2
2	#00BFC4	-0.84985778128817	551	validation	2
2	#00BFC4	-0.849280371164244	552	validation	2
2	#00BFC4	-0.849945231209275	553	validation	2
2	#00BFC4	-0.849333643456634	554	validation	2
2	#00BFC4	-0.852077949060549	555	validation	2
2	#00BFC4	-0.851145727731861	556	validation	2
2	#00BFC4	-0.850514761852192	557	validation	2
2	#00BFC4	-0.849953193864032	558	validation	2
2	#00BFC4	-0.849668294924429	559	validation	2
2	#00BFC4	-0.849167502015551	560	validation	2
2	#00BFC4	-0.849664042676389	561	validation	2
2	#00BFC4	-0.852318108042992	562	validation	2
2	#00BFC4	-0.851630889933367	563	validation	2
2	#00BFC4	-0.850997631532654	564	validation	2
2	#00BFC4	-0.850321896505753	565	validation	2
2	#00BFC4	-0.849795664444384	566	validation	2
2	#00BFC4	-0.849385123449585	567	validation	2
2	#00BFC4	-0.850362940426457	568	validation	2
2	#00BFC4	-0.849707709351376	569	validation	2
2	#00BFC4	-0.852163764769428	570	validation	2
2	#00BFC4	-0.851394475578582	571	validation	2
2	#00BFC4	-0.851055703410411	572	validation	2
2	#00BFC4	-0.850425054507475	573	validation	2
2	#00BFC4	-0.849868704866386	574	validation	2
2	#00BFC4	-0.8494386250821	575	validation	2
2	#00BFC4	-0.85020867018808	576	validation	2
2	#00BFC4	-0.852754486513945	577	validation	2
2	#00BFC4	-0.851829525482742	578	validation	2
2	#00BFC4	-0.851153507945642	579	validation	2
2	#00BFC4	-0.850924711135364	580	validation	2
2	#00BFC4	-0.850343075383073	581	validation	2
2	#00BFC4	-0.849824541008539	582	validation	2
2	#00BFC4	-0.849432958786124	583	validation	2
2	#00BFC4	-0.850237689405859	584	validation	2
2	#00BFC4	-0.852791092759304	585	validation	2
2	#00BFC4	-0.851893896174702	586	validation	2
2	#00BFC4	-0.851229504158864	587	validation	2
2	#00BFC4	-0.851008869985236	588	validation	2
2	#00BFC4	-0.85043464855426	589	validation	2
2	#00BFC4	-0.849919335169241	590	validation	2
2	#00BFC4	-0.849528564723637	591	validation	2
2	#00BFC4	-0.850336179115068	592	validation	2
2	#00BFC4	-0.852895483976587	593	validation	2
2	#00BFC4	-0.852012870606382	594	validation	2
2	#00BFC4	-0.851269383923327	595	validation	2
2	#00BFC4	-0.850897602213229	596	validation	2
2	#00BFC4	-0.850589634456739	597	validation	2
2	#00BFC4	-0.850047257526939	598	validation	2
2	#00BFC4	-0.850740052360998	599	validation	2
2	#00BFC4	-0.85011573503816	600	validation	2
2	#00BFC4	-0.852714335084052	601	validation	2
2	#00BFC4	-0.852137608211682	602	validation	2
2	#00BFC4	-0.851379750223942	603	validation	2
2	#00BFC4	-0.850903825594825	604	validation	2
2	#00BFC4	-0.850381436099903	605	validation	2
2	#00BFC4	-0.850008479866219	606	validation	2
2	#00BFC4	-0.84982442537296	607	validation	2
2	#00BFC4	-0.850371594206793	608	validation	2
2	#00BFC4	-0.852932731591437	609	validation	2
2	#00BFC4	-0.852117805279571	610	validation	2
2	#00BFC4	-0.851460063774786	611	validation	2
2	#00BFC4	-0.851232002295651	612	validation	2
2	#00BFC4	-0.850657009720984	613	validation	2
2	#00BFC4	-0.850149270282466	614	validation	2
2	#00BFC4	-0.849712371321664	615	validation	2
2	#00BFC4	-0.850343792288574	616	validation	2
2	#00BFC4	-0.853208125931475	617	validation	2
2	#00BFC4	-0.852364768576626	618	validation	2
2	#00BFC4	-0.851582857632067	619	validation	2
2	#00BFC4	-0.850978785910756	620	validation	2
2	#00BFC4	-0.850590548963406	621	validation	2
2	#00BFC4	-0.850201221833558	622	validation	2
2	#00BFC4	-0.849985235914939	623	validation	2
2	#00BFC4	-0.850500821255336	624	validation	2
2	#00BFC4	-0.853074481857263	625	validation	2
2	#00BFC4	-0.852362643567381	626	validation	2
2	#00BFC4	-0.851843494752098	627	validation	2
2	#00BFC4	-0.851201911719818	628	validation	2
2	#00BFC4	-0.850760778207642	629	validation	2
2	#00BFC4	-0.850236406084805	630	validation	2
2	#00BFC4	-0.849861398650641	631	validation	2
2	#00BFC4	-0.850846666353516	632	validation	2
2	#00BFC4	-0.850252568072672	633	validation	2
2	#00BFC4	-0.852716434730933	634	validation	2
2	#00BFC4	-0.851976560052415	635	validation	2
2	#00BFC4	-0.851357732366153	636	validation	2
2	#00BFC4	-0.851002759629938	637	validation	2
2	#00BFC4	-0.850580871224333	638	validation	2
2	#00BFC4	-0.850058261352953	639	validation	2
2	#00BFC4	-0.849599723281071	640	validation	2
2	#00BFC4	-0.850169569505697	641	validation	2
2	#00BFC4	-0.852952818650771	642	validation	2
2	#00BFC4	-0.852398920451599	643	validation	2
2	#00BFC4	-0.851602397051195	644	validation	2
2	#00BFC4	-0.850937628047061	645	validation	2
2	#00BFC4	-0.850526761564014	646	validation	2
2	#00BFC4	-0.850111813768331	647	validation	2
2	#00BFC4	-0.849869083157873	648	validation	2
2	#00BFC4	-0.850584407578604	649	validation	2
2	#00BFC4	-0.849991748831844	650	validation	2
2	#00BFC4	-0.852535981269703	651	validation	2
2	#00BFC4	-0.851898694598184	652	validation	2
2	#00BFC4	-0.851402265114252	653	validation	2
2	#00BFC4	-0.850767560134212	654	validation	2
2	#00BFC4	-0.850324653533726	655	validation	2
2	#00BFC4	-0.849793523758686	656	validation	2
2	#00BFC4	-0.849412485881215	657	validation	2
2	#00BFC4	-0.850216088840088	658	validation	2
2	#00BFC4	-0.852870236681969	659	validation	2
2	#00BFC4	-0.852079083623216	660	validation	2
2	#00BFC4	-0.851312936293282	661	validation	2
2	#00BFC4	-0.850674217698882	662	validation	2
2	#00BFC4	-0.850353119468232	663	validation	2
2	#00BFC4	-0.850075771039282	664	validation	2
2	#00BFC4	-0.849555338870529	665	validation	2
2	#00BFC4	-0.850258052362071	666	validation	2
2	#00BFC4	-0.849700689690244	667	validation	2
2	#00BFC4	-0.852342382248446	668	validation	2
2	#00BFC4	-0.851870173673205	669	validation	2
2	#00BFC4	-0.851112294140403	670	validation	2
2	#00BFC4	-0.850468224729731	671	validation	2
2	#00BFC4	-0.85007093430072	672	validation	2
2	#00BFC4	-0.849577115138094	673	validation	2
2	#00BFC4	-0.849190580078109	674	validation	2
2	#00BFC4	-0.850182466462835	675	validation	2
2	#00BFC4	-0.849633961653758	676	validation	2
2	#00BFC4	-0.852124018751285	677	validation	2
2	#00BFC4	-0.851434442564009	678	validation	2
2	#00BFC4	-0.850708275074853	679	validation	2
2	#00BFC4	-0.850194194893227	680	validation	2
2	#00BFC4	-0.850034021795179	681	validation	2
2	#00BFC4	-0.849514494479852	682	validation	2
2	#00BFC4	-0.849006754229127	683	validation	2
2	#00BFC4	-0.849749034231678	684	validation	2
2	#00BFC4	-0.849232858516083	685	validation	2
2	#00BFC4	-0.851863801916693	686	validation	2
2	#00BFC4	-0.851418928339165	687	validation	2
2	#00BFC4	-0.850668893276176	688	validation	2
2	#00BFC4	-0.850027573061397	689	validation	2
2	#00BFC4	-0.849479172311532	690	validation	2
2	#00BFC4	-0.849146814422446	691	validation	2
2	#00BFC4	-0.848763872206015	692	validation	2
2	#00BFC4	-0.849747706463029	693	validation	2
2	#00BFC4	-0.849218604965277	694	validation	2
2	#00BFC4	-0.851692152469742	695	validation	2
2	#00BFC4	-0.851027674051892	696	validation	2
2	#00BFC4	-0.850303531749555	697	validation	2
2	#00BFC4	-0.849789241936863	698	validation	2
2	#00BFC4	-0.849473497522474	699	validation	2
2	#00BFC4	-0.849112686828643	700	validation	2
2	#00BFC4	-0.848601090248229	701	validation	2
2	#00BFC4	-0.849330488056428	702	validation	2
2	#00BFC4	-0.848819750331632	703	validation	2
2	#00BFC4	-0.851430896675523	704	validation	2
2	#00BFC4	-0.851011141136627	705	validation	2
2	#00BFC4	-0.850265287546212	706	validation	2
2	#00BFC4	-0.849606152351783	707	validation	2
2	#00BFC4	-0.849024736101224	708	validation	2
2	#00BFC4	-0.848667509598035	709	validation	2
2	#00BFC4	-0.848316955738643	710	validation	2
2	#00BFC4	-0.848120000258404	711	validation	2
2	#00BFC4	-0.848706919655151	712	validation	2
2	#00BFC4	-0.851338197518968	713	validation	2
2	#00BFC4	-0.850679375305358	714	validation	2
2	#00BFC4	-0.850034013745696	715	validation	2
2	#00BFC4	-0.849636986253212	716	validation	2
2	#00BFC4	-0.849057013452215	717	validation	2
2	#00BFC4	-0.848645170834945	718	validation	2
2	#00BFC4	-0.848144073225447	719	validation	2
2	#00BFC4	-0.847695129770049	720	validation	2
2	#00BFC4	-0.848367462336116	721	validation	2
2	#00BFC4	-0.851295279337455	722	validation	2
2	#00BFC4	-0.850622905415929	723	validation	2
2	#00BFC4	-0.849845781984764	724	validation	2
2	#00BFC4	-0.849572129794762	725	validation	2
2	#00BFC4	-0.848861314414715	726	validation	2
2	#00BFC4	-0.848953913850655	727	validation	2
2	#00BFC4	-0.848582348434112	728	validation	2
2	#00BFC4	-0.848482064000046	729	validation	2
2	#00BFC4	-0.849035826138815	730	validation	2
2	#00BFC4	-0.848539780864975	731	validation	2
2	#00BFC4	-0.851433903715058	732	validation	2
2	#00BFC4	-0.850786978780814	733	validation	2
2	#00BFC4	-0.850301969187673	734	validation	2
2	#00BFC4	-0.849675831941809	735	validation	2
2	#00BFC4	-0.849465565561274	736	validation	2
2	#00BFC4	-0.848822077937275	737	validation	2
2	#00BFC4	-0.848880269078241	738	validation	2
2	#00BFC4	-0.848317318364761	739	validation	2
2	#00BFC4	-0.84837316716254	740	validation	2
2	#00BFC4	-0.849054823178489	741	validation	2
2	#00BFC4	-0.852088886086218	742	validation	2
2	#00BFC4	-0.851314626339656	743	validation	2
2	#00BFC4	-0.850579380835305	744	validation	2
2	#00BFC4	-0.849951127549794	745	validation	2
2	#00BFC4	-0.849850197560016	746	validation	2
2	#00BFC4	-0.849436095453817	747	validation	2
2	#00BFC4	-0.849445067265343	748	validation	2
2	#00BFC4	-0.848843465167918	749	validation	2
2	#00BFC4	-0.848793596267856	750	validation	2
2	#00BFC4	-0.848260797524017	751	validation	2
2	#00BFC4	-0.84948169687213	752	validation	2
2	#00BFC4	-0.849139184104943	753	validation	2
2	#00BFC4	-0.851986942687271	754	validation	2
2	#00BFC4	-0.851261531374966	755	validation	2
2	#00BFC4	-0.850562808437453	756	validation	2
2	#00BFC4	-0.84996131095519	757	validation	2
2	#00BFC4	-0.849879780100685	758	validation	2
2	#00BFC4	-0.849482540848065	759	validation	2
2	#00BFC4	-0.849499685486487	760	validation	2
2	#00BFC4	-0.848908517772075	761	validation	2
2	#00BFC4	-0.848840010541654	762	validation	2
2	#00BFC4	-0.849795889383728	763	validation	2
2	#00BFC4	-0.849278299835513	764	validation	2
2	#00BFC4	-0.852374610420739	765	validation	2
2	#00BFC4	-0.851670630433639	766	validation	2
2	#00BFC4	-0.850937934518182	767	validation	2
2	#00BFC4	-0.850326606485838	768	validation	2
2	#00BFC4	-0.85012319858924	769	validation	2
2	#00BFC4	-0.849593792622313	770	validation	2
2	#00BFC4	-0.84970601038868	771	validation	2
2	#00BFC4	-0.849270290771009	772	validation	2
2	#00BFC4	-0.849187729802707	773	validation	2
2	#00BFC4	-0.848999742598907	774	validation	2
2	#00BFC4	-0.849597106712997	775	validation	2
2	#00BFC4	-0.849600117497999	776	validation	2
2	#00BFC4	-0.852206143001461	777	validation	2
2	#00BFC4	-0.851650492384399	778	validation	2
2	#00BFC4	-0.850928873740331	779	validation	2
2	#00BFC4	-0.850660538819252	780	validation	2
2	#00BFC4	-0.849975142146901	781	validation	2
2	#00BFC4	-0.849921754054321	782	validation	2
2	#00BFC4	-0.849894134492878	783	validation	2
2	#00BFC4	-0.849452564618818	784	validation	2
2	#00BFC4	-0.849363547557091	785	validation	2
2	#00BFC4	-0.849170218787941	786	validation	2
2	#00BFC4	-0.849872372744977	787	validation	2
2	#00BFC4	-0.850009416656144	788	validation	2
2	#00BFC4	-0.852356426230163	789	validation	2
2	#00BFC4	-0.851803269068957	790	validation	2
2	#00BFC4	-0.851107158957443	791	validation	2
2	#00BFC4	-0.850825812685411	792	validation	2
2	#00BFC4	-0.85024492559063	793	validation	2
2	#00BFC4	-0.850306649039211	794	validation	2
2	#00BFC4	-0.850035505854181	795	validation	2
2	#00BFC4	-0.849565171374493	796	validation	2
2	#00BFC4	-0.849493743846818	797	validation	2
2	#00BFC4	-0.84928704795303	798	validation	2
2	#00BFC4	-0.849985583622581	799	validation	2
2	#00BFC4	-0.850112528926333	800	validation	2
2	#00BFC4	-0.852455365923127	801	validation	2
2	#00BFC4	-0.851914426670599	802	validation	2
2	#00BFC4	-0.851217329710973	803	validation	2
2	#00BFC4	-0.850927328475586	804	validation	2
2	#00BFC4	-0.850678032908203	805	validation	2
2	#00BFC4	-0.85026140974124	806	validation	2
2	#00BFC4	-0.850109825923793	807	validation	2
2	#00BFC4	-0.849843369993746	808	validation	2
2	#00BFC4	-0.849433675730341	809	validation	2
2	#00BFC4	-0.849373090816919	810	validation	2
2	#00BFC4	-0.849299582725552	811	validation	2
2	#00BFC4	-0.850462085366825	812	validation	2
2	#00BFC4	-0.84991359041098	813	validation	2
2	#00BFC4	-0.852339281338237	814	validation	2
2	#00BFC4	-0.85185214577671	815	validation	2
2	#00BFC4	-0.851597621217459	816	validation	2
2	#00BFC4	-0.85108760060117	817	validation	2
2	#00BFC4	-0.850841426588625	818	validation	2
2	#00BFC4	-0.850505627788342	819	validation	2
2	#00BFC4	-0.849900918657536	820	validation	2
2	#00BFC4	-0.84977515144983	821	validation	2
2	#00BFC4	-0.84981128732752	822	validation	2
2	#00BFC4	-0.849523874965727	823	validation	2
2	#00BFC4	-0.84945282520056	824	validation	2
2	#00BFC4	-0.850209901239597	825	validation	2
2	#00BFC4	-0.852725841593695	826	validation	2
2	#00BFC4	-0.852341281183696	827	validation	2
2	#00BFC4	-0.851856935889027	828	validation	2
2	#00BFC4	-0.851530271981859	829	validation	2
2	#00BFC4	-0.851120106024096	830	validation	2
2	#00BFC4	-0.850457124239865	831	validation	2
2	#00BFC4	-0.850281357426122	832	validation	2
2	#00BFC4	-0.85002092587186	833	validation	2
2	#00BFC4	-0.849702058677142	834	validation	2
2	#00BFC4	-0.849850066089214	835	validation	2
2	#00BFC4	-0.849642206352979	836	validation	2
2	#00BFC4	-0.850512079626322	837	validation	2
2	#00BFC4	-0.849959632723417	838	validation	2
2	#00BFC4	-0.852833752885822	839	validation	2
2	#00BFC4	-0.852479382390331	840	validation	2
2	#00BFC4	-0.851779137869692	841	validation	2
2	#00BFC4	-0.851132613781023	842	validation	2
2	#00BFC4	-0.850881157194839	843	validation	2
2	#00BFC4	-0.850552801357855	844	validation	2
2	#00BFC4	-0.850365490150327	845	validation	2
2	#00BFC4	-0.85001487782251	846	validation	2
2	#00BFC4	-0.850037118610338	847	validation	2
2	#00BFC4	-0.849811301437292	848	validation	2
2	#00BFC4	-0.849597604886164	849	validation	2
2	#00BFC4	-0.850484984743011	850	validation	2
2	#00BFC4	-0.850053616720505	851	validation	2
2	#00BFC4	-0.85303873704331	852	validation	2
2	#00BFC4	-0.852468029259791	853	validation	2
2	#00BFC4	-0.851751364770764	854	validation	2
2	#00BFC4	-0.851124098593028	855	validation	2
2	#00BFC4	-0.850862458002195	856	validation	2
2	#00BFC4	-0.850643337522605	857	validation	2
2	#00BFC4	-0.850574204311695	858	validation	2
2	#00BFC4	-0.849984603973551	859	validation	2
2	#00BFC4	-0.84997544607144	860	validation	2
2	#00BFC4	-0.84976650667334	861	validation	2
2	#00BFC4	-0.84954662784522	862	validation	2
2	#00BFC4	-0.850542690158878	863	validation	2
2	#00BFC4	-0.85024748494822	864	validation	2
2	#00BFC4	-0.852972688011422	865	validation	2
2	#00BFC4	-0.85239893658833	866	validation	2
2	#00BFC4	-0.85170271507151	867	validation	2
2	#00BFC4	-0.851373318020874	868	validation	2
2	#00BFC4	-0.850803897483116	869	validation	2
2	#00BFC4	-0.850802765387058	870	validation	2
2	#00BFC4	-0.850503811558036	871	validation	2
2	#00BFC4	-0.850199596337565	872	validation	2
2	#00BFC4	-0.84964740864732	873	validation	2
2	#00BFC4	-0.849670988971934	874	validation	2
2	#00BFC4	-0.84958447644879	875	validation	2
2	#00BFC4	-0.85068875420313	876	validation	2
2	#00BFC4	-0.850173481900432	877	validation	2
2	#00BFC4	-0.852851120898558	878	validation	2
2	#00BFC4	-0.852307645920339	879	validation	2
2	#00BFC4	-0.851729326993516	880	validation	2
2	#00BFC4	-0.851626535551383	881	validation	2
2	#00BFC4	-0.851238504393574	882	validation	2
2	#00BFC4	-0.850566930440277	883	validation	2
2	#00BFC4	-0.850367214884004	884	validation	2
2	#00BFC4	-0.850094578309782	885	validation	2
2	#00BFC4	-0.849946786994338	886	validation	2
2	#00BFC4	-0.850082406084624	887	validation	2
2	#00BFC4	-0.849867029068175	888	validation	2
2	#00BFC4	-0.850402828815969	889	validation	2
2	#00BFC4	-0.850295411294891	890	validation	2
2	#00BFC4	-0.852886384705787	891	validation	2
2	#00BFC4	-0.852470610972116	892	validation	2
2	#00BFC4	-0.851996230847756	893	validation	2
2	#00BFC4	-0.851655986744719	894	validation	2
2	#00BFC4	-0.85094874490602	895	validation	2
2	#00BFC4	-0.850698132545687	896	validation	2
2	#00BFC4	-0.850384012596931	897	validation	2
2	#00BFC4	-0.850210811625681	898	validation	2
2	#00BFC4	-0.850176298988078	899	validation	2
2	#00BFC4	-0.850069897507677	900	validation	2
2	#00BFC4	-0.849528073128872	901	validation	2
2	#00BFC4	-0.850490124445131	902	validation	2
2	#00BFC4	-0.85027899807028	903	validation	2
2	#00BFC4	-0.852675004500752	904	validation	2
2	#00BFC4	-0.852482183934947	905	validation	2
2	#00BFC4	-0.85208931931757	906	validation	2
2	#00BFC4	-0.851330725655604	907	validation	2
2	#00BFC4	-0.851025326604068	908	validation	2
2	#00BFC4	-0.850666652839561	909	validation	2
2	#00BFC4	-0.850456820287699	910	validation	2
2	#00BFC4	-0.850393996463439	911	validation	2
2	#00BFC4	-0.850126103396508	912	validation	2
2	#00BFC4	-0.849991156438674	913	validation	2
2	#00BFC4	-0.849479452067546	914	validation	2
2	#00BFC4	-0.849368070968302	915	validation	2
2	#00BFC4	-0.850349809458309	916	validation	2
2	#00BFC4	-0.850395366394733	917	validation	2
2	#00BFC4	-0.852659944551675	918	validation	2
2	#00BFC4	-0.85224724380541	919	validation	2
2	#00BFC4	-0.851852065737621	920	validation	2
2	#00BFC4	-0.851233730075541	921	validation	2
2	#00BFC4	-0.851160138576145	922	validation	2
2	#00BFC4	-0.850811618848043	923	validation	2
2	#00BFC4	-0.850465038174766	924	validation	2
2	#00BFC4	-0.850166584332783	925	validation	2
2	#00BFC4	-0.849887549812109	926	validation	2
2	#00BFC4	-0.849760483552259	927	validation	2
2	#00BFC4	-0.849644859109602	928	validation	2
2	#00BFC4	-0.850704753299909	929	validation	2
2	#00BFC4	-0.850216905035235	930	validation	2
2	#00BFC4	-0.852836983060078	931	validation	2
2	#00BFC4	-0.852352512094565	932	validation	2
2	#00BFC4	-0.851750116167971	933	validation	2
2	#00BFC4	-0.851648474719543	934	validation	2
2	#00BFC4	-0.851249307923607	935	validation	2
2	#00BFC4	-0.850855499265098	936	validation	2
2	#00BFC4	-0.85051483064369	937	validation	2
2	#00BFC4	-0.849928313168484	938	validation	2
2	#00BFC4	-0.849749125644155	939	validation	2
2	#00BFC4	-0.849601526989474	940	validation	2
2	#00BFC4	-0.84965001311129	941	validation	2
2	#00BFC4	-0.84944265415839	942	validation	2
2	#00BFC4	-0.850269596599955	943	validation	2
2	#00BFC4	-0.850199602496288	944	validation	2
2	#00BFC4	-0.852681882374053	945	validation	2
2	#00BFC4	-0.852323314647328	946	validation	2
2	#00BFC4	-0.851878534416018	947	validation	2
2	#00BFC4	-0.851179077624545	948	validation	2
2	#00BFC4	-0.850859133676777	949	validation	2
2	#00BFC4	-0.85060808075831	950	validation	2
2	#00BFC4	-0.850498429925554	951	validation	2
2	#00BFC4	-0.850199948196382	952	validation	2
2	#00BFC4	-0.849900357730294	953	validation	2
2	#00BFC4	-0.849644298406726	954	validation	2
2	#00BFC4	-0.849526594152315	955	validation	2
2	#00BFC4	-0.849426293789422	956	validation	2
2	#00BFC4	-0.850478601043175	957	validation	2
2	#00BFC4	-0.850039028039354	958	validation	2
2	#00BFC4	-0.852627352153412	959	validation	2
2	#00BFC4	-0.852178815462253	960	validation	2
2	#00BFC4	-0.851731633152362	961	validation	2
2	#00BFC4	-0.851136194682656	962	validation	2
2	#00BFC4	-0.850974191855792	963	validation	2
2	#00BFC4	-0.850614706742094	964	validation	2
2	#00BFC4	-0.85027750060343	965	validation	2
2	#00BFC4	-0.849966679739406	966	validation	2
2	#00BFC4	-0.849784343536215	967	validation	2
2	#00BFC4	-0.849686182704445	968	validation	2
2	#00BFC4	-0.849578119347966	969	validation	2
2	#00BFC4	-0.849368034072923	970	validation	2
2	#00BFC4	-0.850159495073429	971	validation	2
2	#00BFC4	-0.8500534224473	972	validation	2
2	#00BFC4	-0.852691118853826	973	validation	2
2	#00BFC4	-0.852264128727572	974	validation	2
2	#00BFC4	-0.851640511361776	975	validation	2
2	#00BFC4	-0.851446532635946	976	validation	2
2	#00BFC4	-0.851050549106208	977	validation	2
2	#00BFC4	-0.850736221399115	978	validation	2
2	#00BFC4	-0.850539031519278	979	validation	2
2	#00BFC4	-0.85022186556697	980	validation	2
2	#00BFC4	-0.849997634906724	981	validation	2
2	#00BFC4	-0.849875172266391	982	validation	2
2	#00BFC4	-0.849750184343598	983	validation	2
2	#00BFC4	-0.849588813263938	984	validation	2
2	#00BFC4	-0.850519750107784	985	validation	2
2	#00BFC4	-0.850025005930533	986	validation	2
2	#00BFC4	-0.852682673017641	987	validation	2
2	#00BFC4	-0.852392224410123	988	validation	2
2	#00BFC4	-0.851660173159902	989	validation	2
2	#00BFC4	-0.851390307412603	990	validation	2
2	#00BFC4	-0.851089902248756	991	validation	2
2	#00BFC4	-0.850664967559694	992	validation	2
2	#00BFC4	-0.850390867246763	993	validation	2
2	#00BFC4	-0.850186981490051	994	validation	2
2	#00BFC4	-0.849985142373995	995	validation	2
2	#00BFC4	-0.849853360436251	996	validation	2
2	#00BFC4	-0.849698553471166	997	validation	2
2	#00BFC4	-0.849547503728447	998	validation	2
2	#00BFC4	-0.850474146928178	999	validation	2
2	#00BFC4	-0.850268815858331	1000	validation	2
2	#00BFC4	1.85733249643127	1	validation	3
2	#00BFC4	1.81954393554187	2	validation	3
2	#00BFC4	1.7481880270062	3	validation	3
2	#00BFC4	1.57978359661681	4	validation	3
2	#00BFC4	1.41497334797082	5	validation	3
2	#00BFC4	1.34242268082221	6	validation	3
2	#00BFC4	1.14612803567824	7	validation	3
2	#00BFC4	0.903089986991944	8	validation	3
2	#00BFC4	1.07918124604762	9	validation	3
2	#00BFC4	1.20411998265592	10	validation	3
2	#00BFC4	1.25527250510331	11	validation	3
2	#00BFC4	1.30102999566398	12	validation	3
2	#00BFC4	1.30102999566398	13	validation	3
2	#00BFC4	1.34242268082221	14	validation	3
2	#00BFC4	1.34242268082221	15	validation	3
2	#00BFC4	1.34242268082221	16	validation	3
2	#00BFC4	1.38021124171161	17	validation	3
2	#00BFC4	1.38021124171161	18	validation	3
2	#00BFC4	1.38021124171161	19	validation	3
2	#00BFC4	1.38021124171161	20	validation	3
2	#00BFC4	1.34242268082221	21	validation	3
2	#00BFC4	1.34242268082221	22	validation	3
2	#00BFC4	1.34242268082221	23	validation	3
2	#00BFC4	1.34242268082221	24	validation	3
2	#00BFC4	1.34242268082221	25	validation	3
2	#00BFC4	1.34242268082221	26	validation	3
2	#00BFC4	1.34242268082221	27	validation	3
2	#00BFC4	1.34242268082221	28	validation	3
2	#00BFC4	1.34242268082221	29	validation	3
2	#00BFC4	1.34242268082221	30	validation	3
2	#00BFC4	1.34242268082221	31	validation	3
2	#00BFC4	1.34242268082221	32	validation	3
2	#00BFC4	1.34242268082221	33	validation	3
2	#00BFC4	1.30102999566398	34	validation	3
2	#00BFC4	1.30102999566398	35	validation	3
2	#00BFC4	1.30102999566398	36	validation	3
2	#00BFC4	1.30102999566398	37	validation	3
2	#00BFC4	1.30102999566398	38	validation	3
2	#00BFC4	1.25527250510331	39	validation	3
2	#00BFC4	1.25527250510331	40	validation	3
2	#00BFC4	1.25527250510331	41	validation	3
2	#00BFC4	1.25527250510331	42	validation	3
2	#00BFC4	1.25527250510331	43	validation	3
2	#00BFC4	1.25527250510331	44	validation	3
2	#00BFC4	1.20411998265592	45	validation	3
2	#00BFC4	1.20411998265592	46	validation	3
2	#00BFC4	1.20411998265592	47	validation	3
2	#00BFC4	1.20411998265592	48	validation	3
2	#00BFC4	1.20411998265592	49	validation	3
2	#00BFC4	1.20411998265592	50	validation	3
2	#00BFC4	1.20411998265592	51	validation	3
2	#00BFC4	1.14612803567824	52	validation	3
2	#00BFC4	1.14612803567824	53	validation	3
2	#00BFC4	1.14612803567824	54	validation	3
2	#00BFC4	1.14612803567824	55	validation	3
2	#00BFC4	1.14612803567824	56	validation	3
2	#00BFC4	1.14612803567824	57	validation	3
2	#00BFC4	1.14612803567824	58	validation	3
2	#00BFC4	1.14612803567824	59	validation	3
2	#00BFC4	1.14612803567824	60	validation	3
2	#00BFC4	1.14612803567824	61	validation	3
2	#00BFC4	1.14612803567824	62	validation	3
2	#00BFC4	1.14612803567824	63	validation	3
2	#00BFC4	1.14612803567824	64	validation	3
2	#00BFC4	1.14612803567824	65	validation	3
2	#00BFC4	1.14612803567824	66	validation	3
2	#00BFC4	1.14612803567824	67	validation	3
2	#00BFC4	1.14612803567824	68	validation	3
2	#00BFC4	1.14612803567824	69	validation	3
2	#00BFC4	1.14612803567824	70	validation	3
2	#00BFC4	1.14612803567824	71	validation	3
2	#00BFC4	1.14612803567824	72	validation	3
2	#00BFC4	1.14612803567824	73	validation	3
2	#00BFC4	1.14612803567824	74	validation	3
2	#00BFC4	1.14612803567824	75	validation	3
2	#00BFC4	1.14612803567824	76	validation	3
2	#00BFC4	1.20411998265592	77	validation	3
2	#00BFC4	1.20411998265592	78	validation	3
2	#00BFC4	1.20411998265592	79	validation	3
2	#00BFC4	1.20411998265592	80	validation	3
2	#00BFC4	1.25527250510331	81	validation	3
2	#00BFC4	1.25527250510331	82	validation	3
2	#00BFC4	1.25527250510331	83	validation	3
2	#00BFC4	1.25527250510331	84	validation	3
2	#00BFC4	1.20411998265592	85	validation	3
2	#00BFC4	1.20411998265592	86	validation	3
2	#00BFC4	1.20411998265592	87	validation	3
2	#00BFC4	1.20411998265592	88	validation	3
2	#00BFC4	1.20411998265592	89	validation	3
2	#00BFC4	1.20411998265592	90	validation	3
2	#00BFC4	1.20411998265592	91	validation	3
2	#00BFC4	1.20411998265592	92	validation	3
2	#00BFC4	1.20411998265592	93	validation	3
2	#00BFC4	1.20411998265592	94	validation	3
2	#00BFC4	1.20411998265592	95	validation	3
2	#00BFC4	1.20411998265592	96	validation	3
2	#00BFC4	1.20411998265592	97	validation	3
2	#00BFC4	1.20411998265592	98	validation	3
2	#00BFC4	1.25527250510331	99	validation	3
2	#00BFC4	1.25527250510331	100	validation	3
2	#00BFC4	1.25527250510331	101	validation	3
2	#00BFC4	1.25527250510331	102	validation	3
2	#00BFC4	1.25527250510331	103	validation	3
2	#00BFC4	1.25527250510331	104	validation	3
2	#00BFC4	1.25527250510331	105	validation	3
2	#00BFC4	1.25527250510331	106	validation	3
2	#00BFC4	1.25527250510331	107	validation	3
2	#00BFC4	1.25527250510331	108	validation	3
2	#00BFC4	1.25527250510331	109	validation	3
2	#00BFC4	1.25527250510331	110	validation	3
2	#00BFC4	1.25527250510331	111	validation	3
2	#00BFC4	1.25527250510331	112	validation	3
2	#00BFC4	1.25527250510331	113	validation	3
2	#00BFC4	1.25527250510331	114	validation	3
2	#00BFC4	1.25527250510331	115	validation	3
2	#00BFC4	1.25527250510331	116	validation	3
2	#00BFC4	1.25527250510331	117	validation	3
2	#00BFC4	1.25527250510331	118	validation	3
2	#00BFC4	1.25527250510331	119	validation	3
2	#00BFC4	1.25527250510331	120	validation	3
2	#00BFC4	1.25527250510331	121	validation	3
2	#00BFC4	1.25527250510331	122	validation	3
2	#00BFC4	1.25527250510331	123	validation	3
2	#00BFC4	1.25527250510331	124	validation	3
2	#00BFC4	1.20411998265592	125	validation	3
2	#00BFC4	1.20411998265592	126	validation	3
2	#00BFC4	1.20411998265592	127	validation	3
2	#00BFC4	1.20411998265592	128	validation	3
2	#00BFC4	1.20411998265592	129	validation	3
2	#00BFC4	1.20411998265592	130	validation	3
2	#00BFC4	1.20411998265592	131	validation	3
2	#00BFC4	1.20411998265592	132	validation	3
2	#00BFC4	1.20411998265592	133	validation	3
2	#00BFC4	1.20411998265592	134	validation	3
2	#00BFC4	1.20411998265592	135	validation	3
2	#00BFC4	1.20411998265592	136	validation	3
2	#00BFC4	1.20411998265592	137	validation	3
2	#00BFC4	1.20411998265592	138	validation	3
2	#00BFC4	1.20411998265592	139	validation	3
2	#00BFC4	1.20411998265592	140	validation	3
2	#00BFC4	1.20411998265592	141	validation	3
2	#00BFC4	1.20411998265592	142	validation	3
2	#00BFC4	1.20411998265592	143	validation	3
2	#00BFC4	1.20411998265592	144	validation	3
2	#00BFC4	1.20411998265592	145	validation	3
2	#00BFC4	1.20411998265592	146	validation	3
2	#00BFC4	1.20411998265592	147	validation	3
2	#00BFC4	1.20411998265592	148	validation	3
2	#00BFC4	1.20411998265592	149	validation	3
2	#00BFC4	1.20411998265592	150	validation	3
2	#00BFC4	1.20411998265592	151	validation	3
2	#00BFC4	1.20411998265592	152	validation	3
2	#00BFC4	1.20411998265592	153	validation	3
2	#00BFC4	1.20411998265592	154	validation	3
2	#00BFC4	1.20411998265592	155	validation	3
2	#00BFC4	1.20411998265592	156	validation	3
2	#00BFC4	1.20411998265592	157	validation	3
2	#00BFC4	1.20411998265592	158	validation	3
2	#00BFC4	1.20411998265592	159	validation	3
2	#00BFC4	1.20411998265592	160	validation	3
2	#00BFC4	1.20411998265592	161	validation	3
2	#00BFC4	1.20411998265592	162	validation	3
2	#00BFC4	1.20411998265592	163	validation	3
2	#00BFC4	1.20411998265592	164	validation	3
2	#00BFC4	1.20411998265592	165	validation	3
2	#00BFC4	1.20411998265592	166	validation	3
2	#00BFC4	1.20411998265592	167	validation	3
2	#00BFC4	1.20411998265592	168	validation	3
2	#00BFC4	1.20411998265592	169	validation	3
2	#00BFC4	1.20411998265592	170	validation	3
2	#00BFC4	1.20411998265592	171	validation	3
2	#00BFC4	1.20411998265592	172	validation	3
2	#00BFC4	1.20411998265592	173	validation	3
2	#00BFC4	1.20411998265592	174	validation	3
2	#00BFC4	1.20411998265592	175	validation	3
2	#00BFC4	1.20411998265592	176	validation	3
2	#00BFC4	1.20411998265592	177	validation	3
2	#00BFC4	1.20411998265592	178	validation	3
2	#00BFC4	1.20411998265592	179	validation	3
2	#00BFC4	1.20411998265592	180	validation	3
2	#00BFC4	1.20411998265592	181	validation	3
2	#00BFC4	1.20411998265592	182	validation	3
2	#00BFC4	1.20411998265592	183	validation	3
2	#00BFC4	1.20411998265592	184	validation	3
2	#00BFC4	1.20411998265592	185	validation	3
2	#00BFC4	1.20411998265592	186	validation	3
2	#00BFC4	1.20411998265592	187	validation	3
2	#00BFC4	1.20411998265592	188	validation	3
2	#00BFC4	1.20411998265592	189	validation	3
2	#00BFC4	1.20411998265592	190	validation	3
2	#00BFC4	1.20411998265592	191	validation	3
2	#00BFC4	1.20411998265592	192	validation	3
2	#00BFC4	1.20411998265592	193	validation	3
2	#00BFC4	1.20411998265592	194	validation	3
2	#00BFC4	1.20411998265592	195	validation	3
2	#00BFC4	1.20411998265592	196	validation	3
2	#00BFC4	1.20411998265592	197	validation	3
2	#00BFC4	1.20411998265592	198	validation	3
2	#00BFC4	1.20411998265592	199	validation	3
2	#00BFC4	1.20411998265592	200	validation	3
2	#00BFC4	1.20411998265592	201	validation	3
2	#00BFC4	1.20411998265592	202	validation	3
2	#00BFC4	1.20411998265592	203	validation	3
2	#00BFC4	1.20411998265592	204	validation	3
2	#00BFC4	1.20411998265592	205	validation	3
2	#00BFC4	1.20411998265592	206	validation	3
2	#00BFC4	1.20411998265592	207	validation	3
2	#00BFC4	1.20411998265592	208	validation	3
2	#00BFC4	1.20411998265592	209	validation	3
2	#00BFC4	1.20411998265592	210	validation	3
2	#00BFC4	1.20411998265592	211	validation	3
2	#00BFC4	1.20411998265592	212	validation	3
2	#00BFC4	1.20411998265592	213	validation	3
2	#00BFC4	1.20411998265592	214	validation	3
2	#00BFC4	1.20411998265592	215	validation	3
2	#00BFC4	1.20411998265592	216	validation	3
2	#00BFC4	1.20411998265592	217	validation	3
2	#00BFC4	1.20411998265592	218	validation	3
2	#00BFC4	1.20411998265592	219	validation	3
2	#00BFC4	1.20411998265592	220	validation	3
2	#00BFC4	1.20411998265592	221	validation	3
2	#00BFC4	1.20411998265592	222	validation	3
2	#00BFC4	1.20411998265592	223	validation	3
2	#00BFC4	1.20411998265592	224	validation	3
2	#00BFC4	1.20411998265592	225	validation	3
2	#00BFC4	1.20411998265592	226	validation	3
2	#00BFC4	1.20411998265592	227	validation	3
2	#00BFC4	1.20411998265592	228	validation	3
2	#00BFC4	1.20411998265592	229	validation	3
2	#00BFC4	1.20411998265592	230	validation	3
2	#00BFC4	1.20411998265592	231	validation	3
2	#00BFC4	1.20411998265592	232	validation	3
2	#00BFC4	1.20411998265592	233	validation	3
2	#00BFC4	1.20411998265592	234	validation	3
2	#00BFC4	1.20411998265592	235	validation	3
2	#00BFC4	1.20411998265592	236	validation	3
2	#00BFC4	1.20411998265592	237	validation	3
2	#00BFC4	1.20411998265592	238	validation	3
2	#00BFC4	1.20411998265592	239	validation	3
2	#00BFC4	1.20411998265592	240	validation	3
2	#00BFC4	1.20411998265592	241	validation	3
2	#00BFC4	1.20411998265592	242	validation	3
2	#00BFC4	1.20411998265592	243	validation	3
2	#00BFC4	1.20411998265592	244	validation	3
2	#00BFC4	1.20411998265592	245	validation	3
2	#00BFC4	1.20411998265592	246	validation	3
2	#00BFC4	1.20411998265592	247	validation	3
2	#00BFC4	1.20411998265592	248	validation	3
2	#00BFC4	1.20411998265592	249	validation	3
2	#00BFC4	1.20411998265592	250	validation	3
2	#00BFC4	1.20411998265592	251	validation	3
2	#00BFC4	1.20411998265592	252	validation	3
2	#00BFC4	1.20411998265592	253	validation	3
2	#00BFC4	1.20411998265592	254	validation	3
2	#00BFC4	1.20411998265592	255	validation	3
2	#00BFC4	1.20411998265592	256	validation	3
2	#00BFC4	1.20411998265592	257	validation	3
2	#00BFC4	1.20411998265592	258	validation	3
2	#00BFC4	1.20411998265592	259	validation	3
2	#00BFC4	1.20411998265592	260	validation	3
2	#00BFC4	1.20411998265592	261	validation	3
2	#00BFC4	1.20411998265592	262	validation	3
2	#00BFC4	1.20411998265592	263	validation	3
2	#00BFC4	1.20411998265592	264	validation	3
2	#00BFC4	1.20411998265592	265	validation	3
2	#00BFC4	1.20411998265592	266	validation	3
2	#00BFC4	1.20411998265592	267	validation	3
2	#00BFC4	1.20411998265592	268	validation	3
2	#00BFC4	1.20411998265592	269	validation	3
2	#00BFC4	1.20411998265592	270	validation	3
2	#00BFC4	1.20411998265592	271	validation	3
2	#00BFC4	1.20411998265592	272	validation	3
2	#00BFC4	1.20411998265592	273	validation	3
2	#00BFC4	1.20411998265592	274	validation	3
2	#00BFC4	1.20411998265592	275	validation	3
2	#00BFC4	1.20411998265592	276	validation	3
2	#00BFC4	1.20411998265592	277	validation	3
2	#00BFC4	1.20411998265592	278	validation	3
2	#00BFC4	1.20411998265592	279	validation	3
2	#00BFC4	1.20411998265592	280	validation	3
2	#00BFC4	1.20411998265592	281	validation	3
2	#00BFC4	1.20411998265592	282	validation	3
2	#00BFC4	1.20411998265592	283	validation	3
2	#00BFC4	1.20411998265592	284	validation	3
2	#00BFC4	1.20411998265592	285	validation	3
2	#00BFC4	1.20411998265592	286	validation	3
2	#00BFC4	1.20411998265592	287	validation	3
2	#00BFC4	1.20411998265592	288	validation	3
2	#00BFC4	1.20411998265592	289	validation	3
2	#00BFC4	1.20411998265592	290	validation	3
2	#00BFC4	1.20411998265592	291	validation	3
2	#00BFC4	1.20411998265592	292	validation	3
2	#00BFC4	1.20411998265592	293	validation	3
2	#00BFC4	1.20411998265592	294	validation	3
2	#00BFC4	1.20411998265592	295	validation	3
2	#00BFC4	1.20411998265592	296	validation	3
2	#00BFC4	1.20411998265592	297	validation	3
2	#00BFC4	1.20411998265592	298	validation	3
2	#00BFC4	1.20411998265592	299	validation	3
2	#00BFC4	1.20411998265592	300	validation	3
2	#00BFC4	1.20411998265592	301	validation	3
2	#00BFC4	1.20411998265592	302	validation	3
2	#00BFC4	1.20411998265592	303	validation	3
2	#00BFC4	1.20411998265592	304	validation	3
2	#00BFC4	1.20411998265592	305	validation	3
2	#00BFC4	1.20411998265592	306	validation	3
2	#00BFC4	1.20411998265592	307	validation	3
2	#00BFC4	1.20411998265592	308	validation	3
2	#00BFC4	1.20411998265592	309	validation	3
2	#00BFC4	1.20411998265592	310	validation	3
2	#00BFC4	1.20411998265592	311	validation	3
2	#00BFC4	1.20411998265592	312	validation	3
2	#00BFC4	1.20411998265592	313	validation	3
2	#00BFC4	1.20411998265592	314	validation	3
2	#00BFC4	1.20411998265592	315	validation	3
2	#00BFC4	1.20411998265592	316	validation	3
2	#00BFC4	1.20411998265592	317	validation	3
2	#00BFC4	1.20411998265592	318	validation	3
2	#00BFC4	1.20411998265592	319	validation	3
2	#00BFC4	1.20411998265592	320	validation	3
2	#00BFC4	1.20411998265592	321	validation	3
2	#00BFC4	1.20411998265592	322	validation	3
2	#00BFC4	1.20411998265592	323	validation	3
2	#00BFC4	1.20411998265592	324	validation	3
2	#00BFC4	1.20411998265592	325	validation	3
2	#00BFC4	1.20411998265592	326	validation	3
2	#00BFC4	1.20411998265592	327	validation	3
2	#00BFC4	1.20411998265592	328	validation	3
2	#00BFC4	1.20411998265592	329	validation	3
2	#00BFC4	1.20411998265592	330	validation	3
2	#00BFC4	1.14612803567824	331	validation	3
2	#00BFC4	1.14612803567824	332	validation	3
2	#00BFC4	1.14612803567824	333	validation	3
2	#00BFC4	1.14612803567824	334	validation	3
2	#00BFC4	1.14612803567824	335	validation	3
2	#00BFC4	1.14612803567824	336	validation	3
2	#00BFC4	1.14612803567824	337	validation	3
2	#00BFC4	1.14612803567824	338	validation	3
2	#00BFC4	1.14612803567824	339	validation	3
2	#00BFC4	1.14612803567824	340	validation	3
2	#00BFC4	1.14612803567824	341	validation	3
2	#00BFC4	1.14612803567824	342	validation	3
2	#00BFC4	1.14612803567824	343	validation	3
2	#00BFC4	1.14612803567824	344	validation	3
2	#00BFC4	1.14612803567824	345	validation	3
2	#00BFC4	1.14612803567824	346	validation	3
2	#00BFC4	1.14612803567824	347	validation	3
2	#00BFC4	1.14612803567824	348	validation	3
2	#00BFC4	1.14612803567824	349	validation	3
2	#00BFC4	1.14612803567824	350	validation	3
2	#00BFC4	1.14612803567824	351	validation	3
2	#00BFC4	1.14612803567824	352	validation	3
2	#00BFC4	1.14612803567824	353	validation	3
2	#00BFC4	1.14612803567824	354	validation	3
2	#00BFC4	1.14612803567824	355	validation	3
2	#00BFC4	1.14612803567824	356	validation	3
2	#00BFC4	1.14612803567824	357	validation	3
2	#00BFC4	1.14612803567824	358	validation	3
2	#00BFC4	1.14612803567824	359	validation	3
2	#00BFC4	1.14612803567824	360	validation	3
2	#00BFC4	1.14612803567824	361	validation	3
2	#00BFC4	1.14612803567824	362	validation	3
2	#00BFC4	1.14612803567824	363	validation	3
2	#00BFC4	1.14612803567824	364	validation	3
2	#00BFC4	1.14612803567824	365	validation	3
2	#00BFC4	1.14612803567824	366	validation	3
2	#00BFC4	1.14612803567824	367	validation	3
2	#00BFC4	1.14612803567824	368	validation	3
2	#00BFC4	1.14612803567824	369	validation	3
2	#00BFC4	1.14612803567824	370	validation	3
2	#00BFC4	1.14612803567824	371	validation	3
2	#00BFC4	1.14612803567824	372	validation	3
2	#00BFC4	1.14612803567824	373	validation	3
2	#00BFC4	1.14612803567824	374	validation	3
2	#00BFC4	1.14612803567824	375	validation	3
2	#00BFC4	1.14612803567824	376	validation	3
2	#00BFC4	1.14612803567824	377	validation	3
2	#00BFC4	1.14612803567824	378	validation	3
2	#00BFC4	1.14612803567824	379	validation	3
2	#00BFC4	1.14612803567824	380	validation	3
2	#00BFC4	1.14612803567824	381	validation	3
2	#00BFC4	1.14612803567824	382	validation	3
2	#00BFC4	1.14612803567824	383	validation	3
2	#00BFC4	1.14612803567824	384	validation	3
2	#00BFC4	1.14612803567824	385	validation	3
2	#00BFC4	1.14612803567824	386	validation	3
2	#00BFC4	1.14612803567824	387	validation	3
2	#00BFC4	1.14612803567824	388	validation	3
2	#00BFC4	1.14612803567824	389	validation	3
2	#00BFC4	1.14612803567824	390	validation	3
2	#00BFC4	1.14612803567824	391	validation	3
2	#00BFC4	1.14612803567824	392	validation	3
2	#00BFC4	1.14612803567824	393	validation	3
2	#00BFC4	1.14612803567824	394	validation	3
2	#00BFC4	1.14612803567824	395	validation	3
2	#00BFC4	1.14612803567824	396	validation	3
2	#00BFC4	1.14612803567824	397	validation	3
2	#00BFC4	1.14612803567824	398	validation	3
2	#00BFC4	1.14612803567824	399	validation	3
2	#00BFC4	1.14612803567824	400	validation	3
2	#00BFC4	1.14612803567824	401	validation	3
2	#00BFC4	1.14612803567824	402	validation	3
2	#00BFC4	1.14612803567824	403	validation	3
2	#00BFC4	1.14612803567824	404	validation	3
2	#00BFC4	1.14612803567824	405	validation	3
2	#00BFC4	1.14612803567824	406	validation	3
2	#00BFC4	1.14612803567824	407	validation	3
2	#00BFC4	1.14612803567824	408	validation	3
2	#00BFC4	1.14612803567824	409	validation	3
2	#00BFC4	1.14612803567824	410	validation	3
2	#00BFC4	1.14612803567824	411	validation	3
2	#00BFC4	1.14612803567824	412	validation	3
2	#00BFC4	1.14612803567824	413	validation	3
2	#00BFC4	1.14612803567824	414	validation	3
2	#00BFC4	1.14612803567824	415	validation	3
2	#00BFC4	1.14612803567824	416	validation	3
2	#00BFC4	1.14612803567824	417	validation	3
2	#00BFC4	1.14612803567824	418	validation	3
2	#00BFC4	1.14612803567824	419	validation	3
2	#00BFC4	1.14612803567824	420	validation	3
2	#00BFC4	1.14612803567824	421	validation	3
2	#00BFC4	1.14612803567824	422	validation	3
2	#00BFC4	1.14612803567824	423	validation	3
2	#00BFC4	1.14612803567824	424	validation	3
2	#00BFC4	1.14612803567824	425	validation	3
2	#00BFC4	1.14612803567824	426	validation	3
2	#00BFC4	1.14612803567824	427	validation	3
2	#00BFC4	1.14612803567824	428	validation	3
2	#00BFC4	1.14612803567824	429	validation	3
2	#00BFC4	1.14612803567824	430	validation	3
2	#00BFC4	1.14612803567824	431	validation	3
2	#00BFC4	1.14612803567824	432	validation	3
2	#00BFC4	1.14612803567824	433	validation	3
2	#00BFC4	1.14612803567824	434	validation	3
2	#00BFC4	1.14612803567824	435	validation	3
2	#00BFC4	1.14612803567824	436	validation	3
2	#00BFC4	1.14612803567824	437	validation	3
2	#00BFC4	1.14612803567824	438	validation	3
2	#00BFC4	1.14612803567824	439	validation	3
2	#00BFC4	1.14612803567824	440	validation	3
2	#00BFC4	1.14612803567824	441	validation	3
2	#00BFC4	1.14612803567824	442	validation	3
2	#00BFC4	1.14612803567824	443	validation	3
2	#00BFC4	1.20411998265592	444	validation	3
2	#00BFC4	1.20411998265592	445	validation	3
2	#00BFC4	1.20411998265592	446	validation	3
2	#00BFC4	1.20411998265592	447	validation	3
2	#00BFC4	1.20411998265592	448	validation	3
2	#00BFC4	1.20411998265592	449	validation	3
2	#00BFC4	1.20411998265592	450	validation	3
2	#00BFC4	1.20411998265592	451	validation	3
2	#00BFC4	1.20411998265592	452	validation	3
2	#00BFC4	1.20411998265592	453	validation	3
2	#00BFC4	1.20411998265592	454	validation	3
2	#00BFC4	1.20411998265592	455	validation	3
2	#00BFC4	1.20411998265592	456	validation	3
2	#00BFC4	1.20411998265592	457	validation	3
2	#00BFC4	1.20411998265592	458	validation	3
2	#00BFC4	1.20411998265592	459	validation	3
2	#00BFC4	1.20411998265592	460	validation	3
2	#00BFC4	1.20411998265592	461	validation	3
2	#00BFC4	1.20411998265592	462	validation	3
2	#00BFC4	1.20411998265592	463	validation	3
2	#00BFC4	1.20411998265592	464	validation	3
2	#00BFC4	1.20411998265592	465	validation	3
2	#00BFC4	1.20411998265592	466	validation	3
2	#00BFC4	1.20411998265592	467	validation	3
2	#00BFC4	1.20411998265592	468	validation	3
2	#00BFC4	1.20411998265592	469	validation	3
2	#00BFC4	1.20411998265592	470	validation	3
2	#00BFC4	1.20411998265592	471	validation	3
2	#00BFC4	1.20411998265592	472	validation	3
2	#00BFC4	1.20411998265592	473	validation	3
2	#00BFC4	1.20411998265592	474	validation	3
2	#00BFC4	1.20411998265592	475	validation	3
2	#00BFC4	1.20411998265592	476	validation	3
2	#00BFC4	1.20411998265592	477	validation	3
2	#00BFC4	1.20411998265592	478	validation	3
2	#00BFC4	1.20411998265592	479	validation	3
2	#00BFC4	1.20411998265592	480	validation	3
2	#00BFC4	1.20411998265592	481	validation	3
2	#00BFC4	1.20411998265592	482	validation	3
2	#00BFC4	1.20411998265592	483	validation	3
2	#00BFC4	1.20411998265592	484	validation	3
2	#00BFC4	1.20411998265592	485	validation	3
2	#00BFC4	1.20411998265592	486	validation	3
2	#00BFC4	1.20411998265592	487	validation	3
2	#00BFC4	1.20411998265592	488	validation	3
2	#00BFC4	1.20411998265592	489	validation	3
2	#00BFC4	1.20411998265592	490	validation	3
2	#00BFC4	1.20411998265592	491	validation	3
2	#00BFC4	1.20411998265592	492	validation	3
2	#00BFC4	1.20411998265592	493	validation	3
2	#00BFC4	1.20411998265592	494	validation	3
2	#00BFC4	1.20411998265592	495	validation	3
2	#00BFC4	1.20411998265592	496	validation	3
2	#00BFC4	1.20411998265592	497	validation	3
2	#00BFC4	1.20411998265592	498	validation	3
2	#00BFC4	1.20411998265592	499	validation	3
2	#00BFC4	1.20411998265592	500	validation	3
2	#00BFC4	1.20411998265592	501	validation	3
2	#00BFC4	1.20411998265592	502	validation	3
2	#00BFC4	1.20411998265592	503	validation	3
2	#00BFC4	1.20411998265592	504	validation	3
2	#00BFC4	1.20411998265592	505	validation	3
2	#00BFC4	1.20411998265592	506	validation	3
2	#00BFC4	1.20411998265592	507	validation	3
2	#00BFC4	1.20411998265592	508	validation	3
2	#00BFC4	1.20411998265592	509	validation	3
2	#00BFC4	1.20411998265592	510	validation	3
2	#00BFC4	1.20411998265592	511	validation	3
2	#00BFC4	1.20411998265592	512	validation	3
2	#00BFC4	1.20411998265592	513	validation	3
2	#00BFC4	1.20411998265592	514	validation	3
2	#00BFC4	1.20411998265592	515	validation	3
2	#00BFC4	1.20411998265592	516	validation	3
2	#00BFC4	1.20411998265592	517	validation	3
2	#00BFC4	1.20411998265592	518	validation	3
2	#00BFC4	1.20411998265592	519	validation	3
2	#00BFC4	1.20411998265592	520	validation	3
2	#00BFC4	1.20411998265592	521	validation	3
2	#00BFC4	1.20411998265592	522	validation	3
2	#00BFC4	1.20411998265592	523	validation	3
2	#00BFC4	1.20411998265592	524	validation	3
2	#00BFC4	1.20411998265592	525	validation	3
2	#00BFC4	1.20411998265592	526	validation	3
2	#00BFC4	1.20411998265592	527	validation	3
2	#00BFC4	1.20411998265592	528	validation	3
2	#00BFC4	1.20411998265592	529	validation	3
2	#00BFC4	1.20411998265592	530	validation	3
2	#00BFC4	1.20411998265592	531	validation	3
2	#00BFC4	1.20411998265592	532	validation	3
2	#00BFC4	1.20411998265592	533	validation	3
2	#00BFC4	1.20411998265592	534	validation	3
2	#00BFC4	1.20411998265592	535	validation	3
2	#00BFC4	1.20411998265592	536	validation	3
2	#00BFC4	1.20411998265592	537	validation	3
2	#00BFC4	1.20411998265592	538	validation	3
2	#00BFC4	1.20411998265592	539	validation	3
2	#00BFC4	1.20411998265592	540	validation	3
2	#00BFC4	1.20411998265592	541	validation	3
2	#00BFC4	1.20411998265592	542	validation	3
2	#00BFC4	1.20411998265592	543	validation	3
2	#00BFC4	1.20411998265592	544	validation	3
2	#00BFC4	1.20411998265592	545	validation	3
2	#00BFC4	1.20411998265592	546	validation	3
2	#00BFC4	1.20411998265592	547	validation	3
2	#00BFC4	1.20411998265592	548	validation	3
2	#00BFC4	1.20411998265592	549	validation	3
2	#00BFC4	1.20411998265592	550	validation	3
2	#00BFC4	1.20411998265592	551	validation	3
2	#00BFC4	1.20411998265592	552	validation	3
2	#00BFC4	1.20411998265592	553	validation	3
2	#00BFC4	1.20411998265592	554	validation	3
2	#00BFC4	1.20411998265592	555	validation	3
2	#00BFC4	1.20411998265592	556	validation	3
2	#00BFC4	1.20411998265592	557	validation	3
2	#00BFC4	1.20411998265592	558	validation	3
2	#00BFC4	1.20411998265592	559	validation	3
2	#00BFC4	1.20411998265592	560	validation	3
2	#00BFC4	1.20411998265592	561	validation	3
2	#00BFC4	1.20411998265592	562	validation	3
2	#00BFC4	1.20411998265592	563	validation	3
2	#00BFC4	1.20411998265592	564	validation	3
2	#00BFC4	1.20411998265592	565	validation	3
2	#00BFC4	1.20411998265592	566	validation	3
2	#00BFC4	1.20411998265592	567	validation	3
2	#00BFC4	1.20411998265592	568	validation	3
2	#00BFC4	1.20411998265592	569	validation	3
2	#00BFC4	1.20411998265592	570	validation	3
2	#00BFC4	1.20411998265592	571	validation	3
2	#00BFC4	1.20411998265592	572	validation	3
2	#00BFC4	1.20411998265592	573	validation	3
2	#00BFC4	1.20411998265592	574	validation	3
2	#00BFC4	1.20411998265592	575	validation	3
2	#00BFC4	1.20411998265592	576	validation	3
2	#00BFC4	1.20411998265592	577	validation	3
2	#00BFC4	1.20411998265592	578	validation	3
2	#00BFC4	1.20411998265592	579	validation	3
2	#00BFC4	1.20411998265592	580	validation	3
2	#00BFC4	1.20411998265592	581	validation	3
2	#00BFC4	1.20411998265592	582	validation	3
2	#00BFC4	1.20411998265592	583	validation	3
2	#00BFC4	1.20411998265592	584	validation	3
2	#00BFC4	1.20411998265592	585	validation	3
2	#00BFC4	1.20411998265592	586	validation	3
2	#00BFC4	1.20411998265592	587	validation	3
2	#00BFC4	1.20411998265592	588	validation	3
2	#00BFC4	1.20411998265592	589	validation	3
2	#00BFC4	1.20411998265592	590	validation	3
2	#00BFC4	1.20411998265592	591	validation	3
2	#00BFC4	1.20411998265592	592	validation	3
2	#00BFC4	1.20411998265592	593	validation	3
2	#00BFC4	1.20411998265592	594	validation	3
2	#00BFC4	1.20411998265592	595	validation	3
2	#00BFC4	1.20411998265592	596	validation	3
2	#00BFC4	1.20411998265592	597	validation	3
2	#00BFC4	1.20411998265592	598	validation	3
2	#00BFC4	1.20411998265592	599	validation	3
2	#00BFC4	1.20411998265592	600	validation	3
2	#00BFC4	1.20411998265592	601	validation	3
2	#00BFC4	1.20411998265592	602	validation	3
2	#00BFC4	1.20411998265592	603	validation	3
2	#00BFC4	1.20411998265592	604	validation	3
2	#00BFC4	1.20411998265592	605	validation	3
2	#00BFC4	1.20411998265592	606	validation	3
2	#00BFC4	1.20411998265592	607	validation	3
2	#00BFC4	1.20411998265592	608	validation	3
2	#00BFC4	1.20411998265592	609	validation	3
2	#00BFC4	1.20411998265592	610	validation	3
2	#00BFC4	1.20411998265592	611	validation	3
2	#00BFC4	1.20411998265592	612	validation	3
2	#00BFC4	1.20411998265592	613	validation	3
2	#00BFC4	1.20411998265592	614	validation	3
2	#00BFC4	1.20411998265592	615	validation	3
2	#00BFC4	1.20411998265592	616	validation	3
2	#00BFC4	1.20411998265592	617	validation	3
2	#00BFC4	1.20411998265592	618	validation	3
2	#00BFC4	1.20411998265592	619	validation	3
2	#00BFC4	1.20411998265592	620	validation	3
2	#00BFC4	1.20411998265592	621	validation	3
2	#00BFC4	1.20411998265592	622	validation	3
2	#00BFC4	1.20411998265592	623	validation	3
2	#00BFC4	1.20411998265592	624	validation	3
2	#00BFC4	1.20411998265592	625	validation	3
2	#00BFC4	1.20411998265592	626	validation	3
2	#00BFC4	1.20411998265592	627	validation	3
2	#00BFC4	1.20411998265592	628	validation	3
2	#00BFC4	1.20411998265592	629	validation	3
2	#00BFC4	1.20411998265592	630	validation	3
2	#00BFC4	1.20411998265592	631	validation	3
2	#00BFC4	1.20411998265592	632	validation	3
2	#00BFC4	1.20411998265592	633	validation	3
2	#00BFC4	1.20411998265592	634	validation	3
2	#00BFC4	1.20411998265592	635	validation	3
2	#00BFC4	1.20411998265592	636	validation	3
2	#00BFC4	1.20411998265592	637	validation	3
2	#00BFC4	1.20411998265592	638	validation	3
2	#00BFC4	1.20411998265592	639	validation	3
2	#00BFC4	1.20411998265592	640	validation	3
2	#00BFC4	1.20411998265592	641	validation	3
2	#00BFC4	1.20411998265592	642	validation	3
2	#00BFC4	1.20411998265592	643	validation	3
2	#00BFC4	1.20411998265592	644	validation	3
2	#00BFC4	1.20411998265592	645	validation	3
2	#00BFC4	1.20411998265592	646	validation	3
2	#00BFC4	1.20411998265592	647	validation	3
2	#00BFC4	1.20411998265592	648	validation	3
2	#00BFC4	1.20411998265592	649	validation	3
2	#00BFC4	1.20411998265592	650	validation	3
2	#00BFC4	1.20411998265592	651	validation	3
2	#00BFC4	1.20411998265592	652	validation	3
2	#00BFC4	1.20411998265592	653	validation	3
2	#00BFC4	1.20411998265592	654	validation	3
2	#00BFC4	1.20411998265592	655	validation	3
2	#00BFC4	1.20411998265592	656	validation	3
2	#00BFC4	1.20411998265592	657	validation	3
2	#00BFC4	1.20411998265592	658	validation	3
2	#00BFC4	1.20411998265592	659	validation	3
2	#00BFC4	1.20411998265592	660	validation	3
2	#00BFC4	1.20411998265592	661	validation	3
2	#00BFC4	1.20411998265592	662	validation	3
2	#00BFC4	1.20411998265592	663	validation	3
2	#00BFC4	1.20411998265592	664	validation	3
2	#00BFC4	1.20411998265592	665	validation	3
2	#00BFC4	1.20411998265592	666	validation	3
2	#00BFC4	1.20411998265592	667	validation	3
2	#00BFC4	1.20411998265592	668	validation	3
2	#00BFC4	1.20411998265592	669	validation	3
2	#00BFC4	1.20411998265592	670	validation	3
2	#00BFC4	1.20411998265592	671	validation	3
2	#00BFC4	1.20411998265592	672	validation	3
2	#00BFC4	1.20411998265592	673	validation	3
2	#00BFC4	1.20411998265592	674	validation	3
2	#00BFC4	1.20411998265592	675	validation	3
2	#00BFC4	1.20411998265592	676	validation	3
2	#00BFC4	1.20411998265592	677	validation	3
2	#00BFC4	1.20411998265592	678	validation	3
2	#00BFC4	1.20411998265592	679	validation	3
2	#00BFC4	1.20411998265592	680	validation	3
2	#00BFC4	1.20411998265592	681	validation	3
2	#00BFC4	1.20411998265592	682	validation	3
2	#00BFC4	1.20411998265592	683	validation	3
2	#00BFC4	1.20411998265592	684	validation	3
2	#00BFC4	1.20411998265592	685	validation	3
2	#00BFC4	1.20411998265592	686	validation	3
2	#00BFC4	1.20411998265592	687	validation	3
2	#00BFC4	1.20411998265592	688	validation	3
2	#00BFC4	1.20411998265592	689	validation	3
2	#00BFC4	1.20411998265592	690	validation	3
2	#00BFC4	1.20411998265592	691	validation	3
2	#00BFC4	1.20411998265592	692	validation	3
2	#00BFC4	1.20411998265592	693	validation	3
2	#00BFC4	1.20411998265592	694	validation	3
2	#00BFC4	1.20411998265592	695	validation	3
2	#00BFC4	1.20411998265592	696	validation	3
2	#00BFC4	1.20411998265592	697	validation	3
2	#00BFC4	1.20411998265592	698	validation	3
2	#00BFC4	1.20411998265592	699	validation	3
2	#00BFC4	1.20411998265592	700	validation	3
2	#00BFC4	1.20411998265592	701	validation	3
2	#00BFC4	1.20411998265592	702	validation	3
2	#00BFC4	1.20411998265592	703	validation	3
2	#00BFC4	1.20411998265592	704	validation	3
2	#00BFC4	1.20411998265592	705	validation	3
2	#00BFC4	1.20411998265592	706	validation	3
2	#00BFC4	1.20411998265592	707	validation	3
2	#00BFC4	1.20411998265592	708	validation	3
2	#00BFC4	1.20411998265592	709	validation	3
2	#00BFC4	1.20411998265592	710	validation	3
2	#00BFC4	1.20411998265592	711	validation	3
2	#00BFC4	1.20411998265592	712	validation	3
2	#00BFC4	1.20411998265592	713	validation	3
2	#00BFC4	1.20411998265592	714	validation	3
2	#00BFC4	1.20411998265592	715	validation	3
2	#00BFC4	1.20411998265592	716	validation	3
2	#00BFC4	1.20411998265592	717	validation	3
2	#00BFC4	1.20411998265592	718	validation	3
2	#00BFC4	1.20411998265592	719	validation	3
2	#00BFC4	1.20411998265592	720	validation	3
2	#00BFC4	1.20411998265592	721	validation	3
2	#00BFC4	1.20411998265592	722	validation	3
2	#00BFC4	1.20411998265592	723	validation	3
2	#00BFC4	1.20411998265592	724	validation	3
2	#00BFC4	1.20411998265592	725	validation	3
2	#00BFC4	1.20411998265592	726	validation	3
2	#00BFC4	1.20411998265592	727	validation	3
2	#00BFC4	1.20411998265592	728	validation	3
2	#00BFC4	1.20411998265592	729	validation	3
2	#00BFC4	1.20411998265592	730	validation	3
2	#00BFC4	1.20411998265592	731	validation	3
2	#00BFC4	1.20411998265592	732	validation	3
2	#00BFC4	1.20411998265592	733	validation	3
2	#00BFC4	1.20411998265592	734	validation	3
2	#00BFC4	1.20411998265592	735	validation	3
2	#00BFC4	1.20411998265592	736	validation	3
2	#00BFC4	1.20411998265592	737	validation	3
2	#00BFC4	1.20411998265592	738	validation	3
2	#00BFC4	1.20411998265592	739	validation	3
2	#00BFC4	1.20411998265592	740	validation	3
2	#00BFC4	1.20411998265592	741	validation	3
2	#00BFC4	1.20411998265592	742	validation	3
2	#00BFC4	1.20411998265592	743	validation	3
2	#00BFC4	1.20411998265592	744	validation	3
2	#00BFC4	1.20411998265592	745	validation	3
2	#00BFC4	1.20411998265592	746	validation	3
2	#00BFC4	1.20411998265592	747	validation	3
2	#00BFC4	1.20411998265592	748	validation	3
2	#00BFC4	1.20411998265592	749	validation	3
2	#00BFC4	1.20411998265592	750	validation	3
2	#00BFC4	1.20411998265592	751	validation	3
2	#00BFC4	1.20411998265592	752	validation	3
2	#00BFC4	1.20411998265592	753	validation	3
2	#00BFC4	1.20411998265592	754	validation	3
2	#00BFC4	1.20411998265592	755	validation	3
2	#00BFC4	1.20411998265592	756	validation	3
2	#00BFC4	1.20411998265592	757	validation	3
2	#00BFC4	1.20411998265592	758	validation	3
2	#00BFC4	1.20411998265592	759	validation	3
2	#00BFC4	1.20411998265592	760	validation	3
2	#00BFC4	1.20411998265592	761	validation	3
2	#00BFC4	1.20411998265592	762	validation	3
2	#00BFC4	1.20411998265592	763	validation	3
2	#00BFC4	1.20411998265592	764	validation	3
2	#00BFC4	1.20411998265592	765	validation	3
2	#00BFC4	1.20411998265592	766	validation	3
2	#00BFC4	1.20411998265592	767	validation	3
2	#00BFC4	1.20411998265592	768	validation	3
2	#00BFC4	1.20411998265592	769	validation	3
2	#00BFC4	1.20411998265592	770	validation	3
2	#00BFC4	1.20411998265592	771	validation	3
2	#00BFC4	1.20411998265592	772	validation	3
2	#00BFC4	1.20411998265592	773	validation	3
2	#00BFC4	1.20411998265592	774	validation	3
2	#00BFC4	1.20411998265592	775	validation	3
2	#00BFC4	1.20411998265592	776	validation	3
2	#00BFC4	1.20411998265592	777	validation	3
2	#00BFC4	1.20411998265592	778	validation	3
2	#00BFC4	1.20411998265592	779	validation	3
2	#00BFC4	1.20411998265592	780	validation	3
2	#00BFC4	1.20411998265592	781	validation	3
2	#00BFC4	1.20411998265592	782	validation	3
2	#00BFC4	1.20411998265592	783	validation	3
2	#00BFC4	1.20411998265592	784	validation	3
2	#00BFC4	1.20411998265592	785	validation	3
2	#00BFC4	1.20411998265592	786	validation	3
2	#00BFC4	1.20411998265592	787	validation	3
2	#00BFC4	1.20411998265592	788	validation	3
2	#00BFC4	1.20411998265592	789	validation	3
2	#00BFC4	1.20411998265592	790	validation	3
2	#00BFC4	1.20411998265592	791	validation	3
2	#00BFC4	1.20411998265592	792	validation	3
2	#00BFC4	1.20411998265592	793	validation	3
2	#00BFC4	1.20411998265592	794	validation	3
2	#00BFC4	1.20411998265592	795	validation	3
2	#00BFC4	1.20411998265592	796	validation	3
2	#00BFC4	1.20411998265592	797	validation	3
2	#00BFC4	1.20411998265592	798	validation	3
2	#00BFC4	1.20411998265592	799	validation	3
2	#00BFC4	1.20411998265592	800	validation	3
2	#00BFC4	1.20411998265592	801	validation	3
2	#00BFC4	1.20411998265592	802	validation	3
2	#00BFC4	1.20411998265592	803	validation	3
2	#00BFC4	1.20411998265592	804	validation	3
2	#00BFC4	1.20411998265592	805	validation	3
2	#00BFC4	1.20411998265592	806	validation	3
2	#00BFC4	1.20411998265592	807	validation	3
2	#00BFC4	1.20411998265592	808	validation	3
2	#00BFC4	1.20411998265592	809	validation	3
2	#00BFC4	1.20411998265592	810	validation	3
2	#00BFC4	1.20411998265592	811	validation	3
2	#00BFC4	1.20411998265592	812	validation	3
2	#00BFC4	1.20411998265592	813	validation	3
2	#00BFC4	1.20411998265592	814	validation	3
2	#00BFC4	1.20411998265592	815	validation	3
2	#00BFC4	1.20411998265592	816	validation	3
2	#00BFC4	1.20411998265592	817	validation	3
2	#00BFC4	1.20411998265592	818	validation	3
2	#00BFC4	1.20411998265592	819	validation	3
2	#00BFC4	1.20411998265592	820	validation	3
2	#00BFC4	1.20411998265592	821	validation	3
2	#00BFC4	1.20411998265592	822	validation	3
2	#00BFC4	1.20411998265592	823	validation	3
2	#00BFC4	1.20411998265592	824	validation	3
2	#00BFC4	1.20411998265592	825	validation	3
2	#00BFC4	1.20411998265592	826	validation	3
2	#00BFC4	1.20411998265592	827	validation	3
2	#00BFC4	1.20411998265592	828	validation	3
2	#00BFC4	1.20411998265592	829	validation	3
2	#00BFC4	1.20411998265592	830	validation	3
2	#00BFC4	1.20411998265592	831	validation	3
2	#00BFC4	1.20411998265592	832	validation	3
2	#00BFC4	1.20411998265592	833	validation	3
2	#00BFC4	1.20411998265592	834	validation	3
2	#00BFC4	1.20411998265592	835	validation	3
2	#00BFC4	1.20411998265592	836	validation	3
2	#00BFC4	1.20411998265592	837	validation	3
2	#00BFC4	1.20411998265592	838	validation	3
2	#00BFC4	1.20411998265592	839	validation	3
2	#00BFC4	1.20411998265592	840	validation	3
2	#00BFC4	1.20411998265592	841	validation	3
2	#00BFC4	1.20411998265592	842	validation	3
2	#00BFC4	1.20411998265592	843	validation	3
2	#00BFC4	1.20411998265592	844	validation	3
2	#00BFC4	1.20411998265592	845	validation	3
2	#00BFC4	1.20411998265592	846	validation	3
2	#00BFC4	1.20411998265592	847	validation	3
2	#00BFC4	1.20411998265592	848	validation	3
2	#00BFC4	1.20411998265592	849	validation	3
2	#00BFC4	1.20411998265592	850	validation	3
2	#00BFC4	1.20411998265592	851	validation	3
2	#00BFC4	1.20411998265592	852	validation	3
2	#00BFC4	1.20411998265592	853	validation	3
2	#00BFC4	1.20411998265592	854	validation	3
2	#00BFC4	1.20411998265592	855	validation	3
2	#00BFC4	1.20411998265592	856	validation	3
2	#00BFC4	1.20411998265592	857	validation	3
2	#00BFC4	1.20411998265592	858	validation	3
2	#00BFC4	1.20411998265592	859	validation	3
2	#00BFC4	1.20411998265592	860	validation	3
2	#00BFC4	1.20411998265592	861	validation	3
2	#00BFC4	1.20411998265592	862	validation	3
2	#00BFC4	1.20411998265592	863	validation	3
2	#00BFC4	1.20411998265592	864	validation	3
2	#00BFC4	1.20411998265592	865	validation	3
2	#00BFC4	1.20411998265592	866	validation	3
2	#00BFC4	1.20411998265592	867	validation	3
2	#00BFC4	1.20411998265592	868	validation	3
2	#00BFC4	1.20411998265592	869	validation	3
2	#00BFC4	1.20411998265592	870	validation	3
2	#00BFC4	1.20411998265592	871	validation	3
2	#00BFC4	1.20411998265592	872	validation	3
2	#00BFC4	1.20411998265592	873	validation	3
2	#00BFC4	1.20411998265592	874	validation	3
2	#00BFC4	1.20411998265592	875	validation	3
2	#00BFC4	1.20411998265592	876	validation	3
2	#00BFC4	1.20411998265592	877	validation	3
2	#00BFC4	1.20411998265592	878	validation	3
2	#00BFC4	1.20411998265592	879	validation	3
2	#00BFC4	1.20411998265592	880	validation	3
2	#00BFC4	1.20411998265592	881	validation	3
2	#00BFC4	1.20411998265592	882	validation	3
2	#00BFC4	1.20411998265592	883	validation	3
2	#00BFC4	1.20411998265592	884	validation	3
2	#00BFC4	1.20411998265592	885	validation	3
2	#00BFC4	1.20411998265592	886	validation	3
2	#00BFC4	1.20411998265592	887	validation	3
2	#00BFC4	1.20411998265592	888	validation	3
2	#00BFC4	1.20411998265592	889	validation	3
2	#00BFC4	1.20411998265592	890	validation	3
2	#00BFC4	1.20411998265592	891	validation	3
2	#00BFC4	1.20411998265592	892	validation	3
2	#00BFC4	1.20411998265592	893	validation	3
2	#00BFC4	1.20411998265592	894	validation	3
2	#00BFC4	1.20411998265592	895	validation	3
2	#00BFC4	1.20411998265592	896	validation	3
2	#00BFC4	1.20411998265592	897	validation	3
2	#00BFC4	1.20411998265592	898	validation	3
2	#00BFC4	1.20411998265592	899	validation	3
2	#00BFC4	1.20411998265592	900	validation	3
2	#00BFC4	1.20411998265592	901	validation	3
2	#00BFC4	1.20411998265592	902	validation	3
2	#00BFC4	1.20411998265592	903	validation	3
2	#00BFC4	1.20411998265592	904	validation	3
2	#00BFC4	1.20411998265592	905	validation	3
2	#00BFC4	1.20411998265592	906	validation	3
2	#00BFC4	1.20411998265592	907	validation	3
2	#00BFC4	1.20411998265592	908	validation	3
2	#00BFC4	1.20411998265592	909	validation	3
2	#00BFC4	1.20411998265592	910	validation	3
2	#00BFC4	1.20411998265592	911	validation	3
2	#00BFC4	1.20411998265592	912	validation	3
2	#00BFC4	1.20411998265592	913	validation	3
2	#00BFC4	1.20411998265592	914	validation	3
2	#00BFC4	1.20411998265592	915	validation	3
2	#00BFC4	1.20411998265592	916	validation	3
2	#00BFC4	1.20411998265592	917	validation	3
2	#00BFC4	1.20411998265592	918	validation	3
2	#00BFC4	1.20411998265592	919	validation	3
2	#00BFC4	1.20411998265592	920	validation	3
2	#00BFC4	1.20411998265592	921	validation	3
2	#00BFC4	1.20411998265592	922	validation	3
2	#00BFC4	1.20411998265592	923	validation	3
2	#00BFC4	1.20411998265592	924	validation	3
2	#00BFC4	1.20411998265592	925	validation	3
2	#00BFC4	1.20411998265592	926	validation	3
2	#00BFC4	1.20411998265592	927	validation	3
2	#00BFC4	1.20411998265592	928	validation	3
2	#00BFC4	1.20411998265592	929	validation	3
2	#00BFC4	1.20411998265592	930	validation	3
2	#00BFC4	1.20411998265592	931	validation	3
2	#00BFC4	1.20411998265592	932	validation	3
2	#00BFC4	1.20411998265592	933	validation	3
2	#00BFC4	1.20411998265592	934	validation	3
2	#00BFC4	1.20411998265592	935	validation	3
2	#00BFC4	1.20411998265592	936	validation	3
2	#00BFC4	1.20411998265592	937	validation	3
2	#00BFC4	1.20411998265592	938	validation	3
2	#00BFC4	1.20411998265592	939	validation	3
2	#00BFC4	1.20411998265592	940	validation	3
2	#00BFC4	1.20411998265592	941	validation	3
2	#00BFC4	1.20411998265592	942	validation	3
2	#00BFC4	1.20411998265592	943	validation	3
2	#00BFC4	1.20411998265592	944	validation	3
2	#00BFC4	1.20411998265592	945	validation	3
2	#00BFC4	1.20411998265592	946	validation	3
2	#00BFC4	1.20411998265592	947	validation	3
2	#00BFC4	1.20411998265592	948	validation	3
2	#00BFC4	1.20411998265592	949	validation	3
2	#00BFC4	1.20411998265592	950	validation	3
2	#00BFC4	1.20411998265592	951	validation	3
2	#00BFC4	1.20411998265592	952	validation	3
2	#00BFC4	1.20411998265592	953	validation	3
2	#00BFC4	1.20411998265592	954	validation	3
2	#00BFC4	1.20411998265592	955	validation	3
2	#00BFC4	1.20411998265592	956	validation	3
2	#00BFC4	1.20411998265592	957	validation	3
2	#00BFC4	1.20411998265592	958	validation	3
2	#00BFC4	1.20411998265592	959	validation	3
2	#00BFC4	1.20411998265592	960	validation	3
2	#00BFC4	1.20411998265592	961	validation	3
2	#00BFC4	1.20411998265592	962	validation	3
2	#00BFC4	1.20411998265592	963	validation	3
2	#00BFC4	1.20411998265592	964	validation	3
2	#00BFC4	1.20411998265592	965	validation	3
2	#00BFC4	1.20411998265592	966	validation	3
2	#00BFC4	1.20411998265592	967	validation	3
2	#00BFC4	1.20411998265592	968	validation	3
2	#00BFC4	1.20411998265592	969	validation	3
2	#00BFC4	1.20411998265592	970	validation	3
2	#00BFC4	1.20411998265592	971	validation	3
2	#00BFC4	1.20411998265592	972	validation	3
2	#00BFC4	1.20411998265592	973	validation	3
2	#00BFC4	1.20411998265592	974	validation	3
2	#00BFC4	1.20411998265592	975	validation	3
2	#00BFC4	1.20411998265592	976	validation	3
2	#00BFC4	1.20411998265592	977	validation	3
2	#00BFC4	1.20411998265592	978	validation	3
2	#00BFC4	1.20411998265592	979	validation	3
2	#00BFC4	1.20411998265592	980	validation	3
2	#00BFC4	1.20411998265592	981	validation	3
2	#00BFC4	1.20411998265592	982	validation	3
2	#00BFC4	1.20411998265592	983	validation	3
2	#00BFC4	1.20411998265592	984	validation	3
2	#00BFC4	1.20411998265592	985	validation	3
2	#00BFC4	1.20411998265592	986	validation	3
2	#00BFC4	1.20411998265592	987	validation	3
2	#00BFC4	1.20411998265592	988	validation	3
2	#00BFC4	1.20411998265592	989	validation	3
2	#00BFC4	1.20411998265592	990	validation	3
2	#00BFC4	1.20411998265592	991	validation	3
2	#00BFC4	1.20411998265592	992	validation	3
2	#00BFC4	1.20411998265592	993	validation	3
2	#00BFC4	1.20411998265592	994	validation	3
2	#00BFC4	1.20411998265592	995	validation	3
2	#00BFC4	1.20411998265592	996	validation	3
2	#00BFC4	1.20411998265592	997	validation	3
2	#00BFC4	1.20411998265592	998	validation	3
2	#00BFC4	1.20411998265592	999	validation	3
2	#00BFC4	1.20411998265592	1000	validation	3
2	#00BFC4	1.80617997398389	1	validation	4
2	#00BFC4	1.50514997831991	2	validation	4
2	#00BFC4	1.85733249643127	3	validation	4
2	#00BFC4	1.44715803134222	4	validation	4
2	#00BFC4	1.89209460269048	5	validation	4
2	#00BFC4	1.44715803134222	6	validation	4
2	#00BFC4	1.64345267648619	7	validation	4
2	#00BFC4	1.44715803134222	8	validation	4
2	#00BFC4	1.7481880270062	9	validation	4
2	#00BFC4	1.44715803134222	10	validation	4
2	#00BFC4	1.47712125471966	11	validation	4
2	#00BFC4	1.44715803134222	12	validation	4
2	#00BFC4	1.50514997831991	13	validation	4
2	#00BFC4	1.44715803134222	14	validation	4
2	#00BFC4	1.47712125471966	15	validation	4
2	#00BFC4	1.44715803134222	16	validation	4
2	#00BFC4	1.41497334797082	17	validation	4
2	#00BFC4	1.44715803134222	18	validation	4
2	#00BFC4	1.34242268082221	19	validation	4
2	#00BFC4	1.41497334797082	20	validation	4
2	#00BFC4	1.30102999566398	21	validation	4
2	#00BFC4	1.30102999566398	22	validation	4
2	#00BFC4	1.25527250510331	23	validation	4
2	#00BFC4	1.25527250510331	24	validation	4
2	#00BFC4	1.25527250510331	25	validation	4
2	#00BFC4	1.07918124604762	26	validation	4
2	#00BFC4	1.25527250510331	27	validation	4
2	#00BFC4	1.07918124604762	28	validation	4
2	#00BFC4	1.20411998265592	29	validation	4
2	#00BFC4	0.903089986991944	30	validation	4
2	#00BFC4	1.20411998265592	31	validation	4
2	#00BFC4	0.903089986991944	32	validation	4
2	#00BFC4	1.07918124604762	33	validation	4
2	#00BFC4	0.778151250383644	34	validation	4
2	#00BFC4	1.07918124604762	35	validation	4
2	#00BFC4	0.778151250383644	36	validation	4
2	#00BFC4	1.07918124604762	37	validation	4
2	#00BFC4	1	38	validation	4
2	#00BFC4	1.07918124604762	39	validation	4
2	#00BFC4	1	40	validation	4
2	#00BFC4	1.07918124604762	41	validation	4
2	#00BFC4	1	42	validation	4
2	#00BFC4	1.07918124604762	43	validation	4
2	#00BFC4	0.903089986991944	44	validation	4
2	#00BFC4	1.07918124604762	45	validation	4
2	#00BFC4	0.903089986991944	46	validation	4
2	#00BFC4	1.07918124604762	47	validation	4
2	#00BFC4	1	48	validation	4
2	#00BFC4	1.07918124604762	49	validation	4
2	#00BFC4	1	50	validation	4
2	#00BFC4	1.07918124604762	51	validation	4
2	#00BFC4	1	52	validation	4
2	#00BFC4	1.07918124604762	53	validation	4
2	#00BFC4	1	54	validation	4
2	#00BFC4	1	55	validation	4
2	#00BFC4	1	56	validation	4
2	#00BFC4	1	57	validation	4
2	#00BFC4	1	58	validation	4
2	#00BFC4	1	59	validation	4
2	#00BFC4	1	60	validation	4
2	#00BFC4	1	61	validation	4
2	#00BFC4	1	62	validation	4
2	#00BFC4	1	63	validation	4
2	#00BFC4	1	64	validation	4
2	#00BFC4	1	65	validation	4
2	#00BFC4	1	66	validation	4
2	#00BFC4	1	67	validation	4
2	#00BFC4	1	68	validation	4
2	#00BFC4	1	69	validation	4
2	#00BFC4	1	70	validation	4
2	#00BFC4	1	71	validation	4
2	#00BFC4	1	72	validation	4
2	#00BFC4	1	73	validation	4
2	#00BFC4	1	74	validation	4
2	#00BFC4	1	75	validation	4
2	#00BFC4	1	76	validation	4
2	#00BFC4	1	77	validation	4
2	#00BFC4	1	78	validation	4
2	#00BFC4	1	79	validation	4
2	#00BFC4	1	80	validation	4
2	#00BFC4	1	81	validation	4
2	#00BFC4	1	82	validation	4
2	#00BFC4	1	83	validation	4
2	#00BFC4	1	84	validation	4
2	#00BFC4	1	85	validation	4
2	#00BFC4	1	86	validation	4
2	#00BFC4	1	87	validation	4
2	#00BFC4	1	88	validation	4
2	#00BFC4	1	89	validation	4
2	#00BFC4	1	90	validation	4
2	#00BFC4	1	91	validation	4
2	#00BFC4	1	92	validation	4
2	#00BFC4	1	93	validation	4
2	#00BFC4	1	94	validation	4
2	#00BFC4	1	95	validation	4
2	#00BFC4	1	96	validation	4
2	#00BFC4	1	97	validation	4
2	#00BFC4	1	98	validation	4
2	#00BFC4	1	99	validation	4
2	#00BFC4	1	100	validation	4
2	#00BFC4	1	101	validation	4
2	#00BFC4	1	102	validation	4
2	#00BFC4	1	103	validation	4
2	#00BFC4	1	104	validation	4
2	#00BFC4	1	105	validation	4
2	#00BFC4	1	106	validation	4
2	#00BFC4	1	107	validation	4
2	#00BFC4	1	108	validation	4
2	#00BFC4	1	109	validation	4
2	#00BFC4	1	110	validation	4
2	#00BFC4	1	111	validation	4
2	#00BFC4	1	112	validation	4
2	#00BFC4	1	113	validation	4
2	#00BFC4	1	114	validation	4
2	#00BFC4	1	115	validation	4
2	#00BFC4	1	116	validation	4
2	#00BFC4	1	117	validation	4
2	#00BFC4	1	118	validation	4
2	#00BFC4	1	119	validation	4
2	#00BFC4	1	120	validation	4
2	#00BFC4	1	121	validation	4
2	#00BFC4	1	122	validation	4
2	#00BFC4	1	123	validation	4
2	#00BFC4	1	124	validation	4
2	#00BFC4	1	125	validation	4
2	#00BFC4	1	126	validation	4
2	#00BFC4	1	127	validation	4
2	#00BFC4	1	128	validation	4
2	#00BFC4	1	129	validation	4
2	#00BFC4	1	130	validation	4
2	#00BFC4	1.07918124604762	131	validation	4
2	#00BFC4	1	132	validation	4
2	#00BFC4	1.07918124604762	133	validation	4
2	#00BFC4	1	134	validation	4
2	#00BFC4	1.07918124604762	135	validation	4
2	#00BFC4	1	136	validation	4
2	#00BFC4	1.07918124604762	137	validation	4
2	#00BFC4	1	138	validation	4
2	#00BFC4	1.07918124604762	139	validation	4
2	#00BFC4	1	140	validation	4
2	#00BFC4	1.07918124604762	141	validation	4
2	#00BFC4	1	142	validation	4
2	#00BFC4	1.07918124604762	143	validation	4
2	#00BFC4	1.07918124604762	144	validation	4
2	#00BFC4	1.07918124604762	145	validation	4
2	#00BFC4	1.07918124604762	146	validation	4
2	#00BFC4	1.07918124604762	147	validation	4
2	#00BFC4	1.07918124604762	148	validation	4
2	#00BFC4	1.07918124604762	149	validation	4
2	#00BFC4	1.07918124604762	150	validation	4
2	#00BFC4	1.07918124604762	151	validation	4
2	#00BFC4	1.07918124604762	152	validation	4
2	#00BFC4	1.07918124604762	153	validation	4
2	#00BFC4	1.07918124604762	154	validation	4
2	#00BFC4	1.07918124604762	155	validation	4
2	#00BFC4	1.07918124604762	156	validation	4
2	#00BFC4	1.07918124604762	157	validation	4
2	#00BFC4	1.07918124604762	158	validation	4
2	#00BFC4	1.07918124604762	159	validation	4
2	#00BFC4	1.07918124604762	160	validation	4
2	#00BFC4	1.07918124604762	161	validation	4
2	#00BFC4	1.07918124604762	162	validation	4
2	#00BFC4	1.07918124604762	163	validation	4
2	#00BFC4	1.07918124604762	164	validation	4
2	#00BFC4	1.07918124604762	165	validation	4
2	#00BFC4	1.07918124604762	166	validation	4
2	#00BFC4	1.07918124604762	167	validation	4
2	#00BFC4	1.07918124604762	168	validation	4
2	#00BFC4	1.07918124604762	169	validation	4
2	#00BFC4	1.07918124604762	170	validation	4
2	#00BFC4	1.07918124604762	171	validation	4
2	#00BFC4	1.07918124604762	172	validation	4
2	#00BFC4	1.07918124604762	173	validation	4
2	#00BFC4	1.07918124604762	174	validation	4
2	#00BFC4	1.07918124604762	175	validation	4
2	#00BFC4	1.07918124604762	176	validation	4
2	#00BFC4	1.07918124604762	177	validation	4
2	#00BFC4	1.07918124604762	178	validation	4
2	#00BFC4	1.07918124604762	179	validation	4
2	#00BFC4	1.07918124604762	180	validation	4
2	#00BFC4	1.07918124604762	181	validation	4
2	#00BFC4	1.07918124604762	182	validation	4
2	#00BFC4	1.07918124604762	183	validation	4
2	#00BFC4	1.07918124604762	184	validation	4
2	#00BFC4	1.07918124604762	185	validation	4
2	#00BFC4	1.07918124604762	186	validation	4
2	#00BFC4	1.07918124604762	187	validation	4
2	#00BFC4	1.07918124604762	188	validation	4
2	#00BFC4	1.07918124604762	189	validation	4
2	#00BFC4	1.07918124604762	190	validation	4
2	#00BFC4	1.07918124604762	191	validation	4
2	#00BFC4	1.07918124604762	192	validation	4
2	#00BFC4	1.07918124604762	193	validation	4
2	#00BFC4	1.07918124604762	194	validation	4
2	#00BFC4	1.07918124604762	195	validation	4
2	#00BFC4	1.07918124604762	196	validation	4
2	#00BFC4	1.07918124604762	197	validation	4
2	#00BFC4	1.07918124604762	198	validation	4
2	#00BFC4	1.07918124604762	199	validation	4
2	#00BFC4	1.07918124604762	200	validation	4
2	#00BFC4	1.07918124604762	201	validation	4
2	#00BFC4	1.07918124604762	202	validation	4
2	#00BFC4	1.07918124604762	203	validation	4
2	#00BFC4	1.07918124604762	204	validation	4
2	#00BFC4	1.07918124604762	205	validation	4
2	#00BFC4	1.07918124604762	206	validation	4
2	#00BFC4	1.07918124604762	207	validation	4
2	#00BFC4	1.07918124604762	208	validation	4
2	#00BFC4	1.07918124604762	209	validation	4
2	#00BFC4	1.07918124604762	210	validation	4
2	#00BFC4	1.07918124604762	211	validation	4
2	#00BFC4	1.07918124604762	212	validation	4
2	#00BFC4	1.07918124604762	213	validation	4
2	#00BFC4	1.07918124604762	214	validation	4
2	#00BFC4	1.07918124604762	215	validation	4
2	#00BFC4	1.07918124604762	216	validation	4
2	#00BFC4	1.07918124604762	217	validation	4
2	#00BFC4	1.07918124604762	218	validation	4
2	#00BFC4	1.07918124604762	219	validation	4
2	#00BFC4	1.07918124604762	220	validation	4
2	#00BFC4	1.07918124604762	221	validation	4
2	#00BFC4	1.07918124604762	222	validation	4
2	#00BFC4	1.07918124604762	223	validation	4
2	#00BFC4	1.07918124604762	224	validation	4
2	#00BFC4	1.07918124604762	225	validation	4
2	#00BFC4	1.07918124604762	226	validation	4
2	#00BFC4	1.07918124604762	227	validation	4
2	#00BFC4	1.07918124604762	228	validation	4
2	#00BFC4	1.07918124604762	229	validation	4
2	#00BFC4	1.07918124604762	230	validation	4
2	#00BFC4	1.07918124604762	231	validation	4
2	#00BFC4	1.07918124604762	232	validation	4
2	#00BFC4	1.07918124604762	233	validation	4
2	#00BFC4	1.07918124604762	234	validation	4
2	#00BFC4	1.07918124604762	235	validation	4
2	#00BFC4	1.07918124604762	236	validation	4
2	#00BFC4	1.07918124604762	237	validation	4
2	#00BFC4	1.07918124604762	238	validation	4
2	#00BFC4	1.07918124604762	239	validation	4
2	#00BFC4	1.07918124604762	240	validation	4
2	#00BFC4	1.07918124604762	241	validation	4
2	#00BFC4	1.07918124604762	242	validation	4
2	#00BFC4	1.07918124604762	243	validation	4
2	#00BFC4	1.07918124604762	244	validation	4
2	#00BFC4	1.07918124604762	245	validation	4
2	#00BFC4	1.07918124604762	246	validation	4
2	#00BFC4	1.07918124604762	247	validation	4
2	#00BFC4	1.07918124604762	248	validation	4
2	#00BFC4	1.07918124604762	249	validation	4
2	#00BFC4	1.07918124604762	250	validation	4
2	#00BFC4	1.07918124604762	251	validation	4
2	#00BFC4	1.07918124604762	252	validation	4
2	#00BFC4	1.07918124604762	253	validation	4
2	#00BFC4	1.07918124604762	254	validation	4
2	#00BFC4	1.07918124604762	255	validation	4
2	#00BFC4	1.07918124604762	256	validation	4
2	#00BFC4	1.07918124604762	257	validation	4
2	#00BFC4	1.07918124604762	258	validation	4
2	#00BFC4	1.07918124604762	259	validation	4
2	#00BFC4	1.07918124604762	260	validation	4
2	#00BFC4	1.07918124604762	261	validation	4
2	#00BFC4	1.07918124604762	262	validation	4
2	#00BFC4	1.07918124604762	263	validation	4
2	#00BFC4	1.07918124604762	264	validation	4
2	#00BFC4	1.07918124604762	265	validation	4
2	#00BFC4	1.07918124604762	266	validation	4
2	#00BFC4	1.07918124604762	267	validation	4
2	#00BFC4	1.07918124604762	268	validation	4
2	#00BFC4	1.07918124604762	269	validation	4
2	#00BFC4	1.07918124604762	270	validation	4
2	#00BFC4	1.07918124604762	271	validation	4
2	#00BFC4	1.07918124604762	272	validation	4
2	#00BFC4	1.07918124604762	273	validation	4
2	#00BFC4	1.07918124604762	274	validation	4
2	#00BFC4	1.07918124604762	275	validation	4
2	#00BFC4	1.07918124604762	276	validation	4
2	#00BFC4	1.07918124604762	277	validation	4
2	#00BFC4	1.07918124604762	278	validation	4
2	#00BFC4	1.07918124604762	279	validation	4
2	#00BFC4	1.07918124604762	280	validation	4
2	#00BFC4	1.07918124604762	281	validation	4
2	#00BFC4	1.07918124604762	282	validation	4
2	#00BFC4	1.07918124604762	283	validation	4
2	#00BFC4	1.07918124604762	284	validation	4
2	#00BFC4	1.07918124604762	285	validation	4
2	#00BFC4	1.07918124604762	286	validation	4
2	#00BFC4	1.07918124604762	287	validation	4
2	#00BFC4	1.07918124604762	288	validation	4
2	#00BFC4	1.07918124604762	289	validation	4
2	#00BFC4	1.07918124604762	290	validation	4
2	#00BFC4	1.07918124604762	291	validation	4
2	#00BFC4	1.07918124604762	292	validation	4
2	#00BFC4	1.07918124604762	293	validation	4
2	#00BFC4	1.07918124604762	294	validation	4
2	#00BFC4	1.07918124604762	295	validation	4
2	#00BFC4	1.07918124604762	296	validation	4
2	#00BFC4	1.07918124604762	297	validation	4
2	#00BFC4	1.07918124604762	298	validation	4
2	#00BFC4	1.07918124604762	299	validation	4
2	#00BFC4	1.07918124604762	300	validation	4
2	#00BFC4	1.07918124604762	301	validation	4
2	#00BFC4	1.07918124604762	302	validation	4
2	#00BFC4	1.07918124604762	303	validation	4
2	#00BFC4	1.07918124604762	304	validation	4
2	#00BFC4	1.07918124604762	305	validation	4
2	#00BFC4	1.07918124604762	306	validation	4
2	#00BFC4	1.07918124604762	307	validation	4
2	#00BFC4	1.07918124604762	308	validation	4
2	#00BFC4	1.07918124604762	309	validation	4
2	#00BFC4	1.07918124604762	310	validation	4
2	#00BFC4	1.07918124604762	311	validation	4
2	#00BFC4	1.07918124604762	312	validation	4
2	#00BFC4	1.07918124604762	313	validation	4
2	#00BFC4	1.07918124604762	314	validation	4
2	#00BFC4	1.07918124604762	315	validation	4
2	#00BFC4	1.07918124604762	316	validation	4
2	#00BFC4	1.07918124604762	317	validation	4
2	#00BFC4	1.07918124604762	318	validation	4
2	#00BFC4	1.07918124604762	319	validation	4
2	#00BFC4	1.07918124604762	320	validation	4
2	#00BFC4	1.07918124604762	321	validation	4
2	#00BFC4	1.07918124604762	322	validation	4
2	#00BFC4	1.07918124604762	323	validation	4
2	#00BFC4	1.07918124604762	324	validation	4
2	#00BFC4	1.07918124604762	325	validation	4
2	#00BFC4	1.07918124604762	326	validation	4
2	#00BFC4	1.07918124604762	327	validation	4
2	#00BFC4	1.07918124604762	328	validation	4
2	#00BFC4	1.07918124604762	329	validation	4
2	#00BFC4	1.07918124604762	330	validation	4
2	#00BFC4	1.07918124604762	331	validation	4
2	#00BFC4	1.07918124604762	332	validation	4
2	#00BFC4	1.07918124604762	333	validation	4
2	#00BFC4	1.07918124604762	334	validation	4
2	#00BFC4	1.07918124604762	335	validation	4
2	#00BFC4	1.07918124604762	336	validation	4
2	#00BFC4	1.07918124604762	337	validation	4
2	#00BFC4	1.07918124604762	338	validation	4
2	#00BFC4	1.07918124604762	339	validation	4
2	#00BFC4	1.07918124604762	340	validation	4
2	#00BFC4	1.07918124604762	341	validation	4
2	#00BFC4	1.07918124604762	342	validation	4
2	#00BFC4	1.07918124604762	343	validation	4
2	#00BFC4	1.07918124604762	344	validation	4
2	#00BFC4	1.07918124604762	345	validation	4
2	#00BFC4	1.07918124604762	346	validation	4
2	#00BFC4	1.07918124604762	347	validation	4
2	#00BFC4	1.07918124604762	348	validation	4
2	#00BFC4	1.07918124604762	349	validation	4
2	#00BFC4	1.07918124604762	350	validation	4
2	#00BFC4	1.07918124604762	351	validation	4
2	#00BFC4	1.07918124604762	352	validation	4
2	#00BFC4	1.07918124604762	353	validation	4
2	#00BFC4	1.07918124604762	354	validation	4
2	#00BFC4	1.07918124604762	355	validation	4
2	#00BFC4	1.07918124604762	356	validation	4
2	#00BFC4	1.07918124604762	357	validation	4
2	#00BFC4	1.07918124604762	358	validation	4
2	#00BFC4	1.07918124604762	359	validation	4
2	#00BFC4	1.07918124604762	360	validation	4
2	#00BFC4	1.07918124604762	361	validation	4
2	#00BFC4	1.07918124604762	362	validation	4
2	#00BFC4	1.07918124604762	363	validation	4
2	#00BFC4	1.07918124604762	364	validation	4
2	#00BFC4	1.07918124604762	365	validation	4
2	#00BFC4	1.07918124604762	366	validation	4
2	#00BFC4	1.07918124604762	367	validation	4
2	#00BFC4	1.07918124604762	368	validation	4
2	#00BFC4	1.07918124604762	369	validation	4
2	#00BFC4	1.07918124604762	370	validation	4
2	#00BFC4	1.07918124604762	371	validation	4
2	#00BFC4	1.07918124604762	372	validation	4
2	#00BFC4	1.07918124604762	373	validation	4
2	#00BFC4	1.07918124604762	374	validation	4
2	#00BFC4	1.07918124604762	375	validation	4
2	#00BFC4	1.07918124604762	376	validation	4
2	#00BFC4	1.07918124604762	377	validation	4
2	#00BFC4	1.07918124604762	378	validation	4
2	#00BFC4	1.07918124604762	379	validation	4
2	#00BFC4	1.07918124604762	380	validation	4
2	#00BFC4	1.07918124604762	381	validation	4
2	#00BFC4	1.07918124604762	382	validation	4
2	#00BFC4	1.07918124604762	383	validation	4
2	#00BFC4	1.07918124604762	384	validation	4
2	#00BFC4	1.07918124604762	385	validation	4
2	#00BFC4	1.07918124604762	386	validation	4
2	#00BFC4	1.07918124604762	387	validation	4
2	#00BFC4	1.07918124604762	388	validation	4
2	#00BFC4	1.07918124604762	389	validation	4
2	#00BFC4	1.07918124604762	390	validation	4
2	#00BFC4	1.07918124604762	391	validation	4
2	#00BFC4	1.07918124604762	392	validation	4
2	#00BFC4	1.07918124604762	393	validation	4
2	#00BFC4	1.07918124604762	394	validation	4
2	#00BFC4	1.07918124604762	395	validation	4
2	#00BFC4	1.07918124604762	396	validation	4
2	#00BFC4	1.07918124604762	397	validation	4
2	#00BFC4	1.07918124604762	398	validation	4
2	#00BFC4	1.07918124604762	399	validation	4
2	#00BFC4	1.07918124604762	400	validation	4
2	#00BFC4	1.07918124604762	401	validation	4
2	#00BFC4	1.07918124604762	402	validation	4
2	#00BFC4	1.07918124604762	403	validation	4
2	#00BFC4	1.07918124604762	404	validation	4
2	#00BFC4	1.07918124604762	405	validation	4
2	#00BFC4	1.07918124604762	406	validation	4
2	#00BFC4	1.07918124604762	407	validation	4
2	#00BFC4	1.07918124604762	408	validation	4
2	#00BFC4	1.07918124604762	409	validation	4
2	#00BFC4	1.07918124604762	410	validation	4
2	#00BFC4	1.07918124604762	411	validation	4
2	#00BFC4	1.07918124604762	412	validation	4
2	#00BFC4	1.07918124604762	413	validation	4
2	#00BFC4	1.07918124604762	414	validation	4
2	#00BFC4	1.07918124604762	415	validation	4
2	#00BFC4	1.07918124604762	416	validation	4
2	#00BFC4	1.07918124604762	417	validation	4
2	#00BFC4	1.07918124604762	418	validation	4
2	#00BFC4	1.07918124604762	419	validation	4
2	#00BFC4	1.07918124604762	420	validation	4
2	#00BFC4	1.07918124604762	421	validation	4
2	#00BFC4	1.07918124604762	422	validation	4
2	#00BFC4	1.07918124604762	423	validation	4
2	#00BFC4	1.07918124604762	424	validation	4
2	#00BFC4	1.07918124604762	425	validation	4
2	#00BFC4	1.07918124604762	426	validation	4
2	#00BFC4	1.07918124604762	427	validation	4
2	#00BFC4	1.07918124604762	428	validation	4
2	#00BFC4	1.07918124604762	429	validation	4
2	#00BFC4	1.07918124604762	430	validation	4
2	#00BFC4	1.07918124604762	431	validation	4
2	#00BFC4	1.07918124604762	432	validation	4
2	#00BFC4	1.07918124604762	433	validation	4
2	#00BFC4	1.07918124604762	434	validation	4
2	#00BFC4	1.07918124604762	435	validation	4
2	#00BFC4	1.07918124604762	436	validation	4
2	#00BFC4	1.07918124604762	437	validation	4
2	#00BFC4	1.07918124604762	438	validation	4
2	#00BFC4	1.07918124604762	439	validation	4
2	#00BFC4	1.07918124604762	440	validation	4
2	#00BFC4	1.07918124604762	441	validation	4
2	#00BFC4	1.07918124604762	442	validation	4
2	#00BFC4	1.07918124604762	443	validation	4
2	#00BFC4	1.07918124604762	444	validation	4
2	#00BFC4	1.07918124604762	445	validation	4
2	#00BFC4	1.07918124604762	446	validation	4
2	#00BFC4	1.07918124604762	447	validation	4
2	#00BFC4	1.07918124604762	448	validation	4
2	#00BFC4	1.07918124604762	449	validation	4
2	#00BFC4	1.07918124604762	450	validation	4
2	#00BFC4	1.07918124604762	451	validation	4
2	#00BFC4	1.07918124604762	452	validation	4
2	#00BFC4	1.07918124604762	453	validation	4
2	#00BFC4	1.07918124604762	454	validation	4
2	#00BFC4	1.07918124604762	455	validation	4
2	#00BFC4	1.07918124604762	456	validation	4
2	#00BFC4	1.07918124604762	457	validation	4
2	#00BFC4	1.07918124604762	458	validation	4
2	#00BFC4	1.07918124604762	459	validation	4
2	#00BFC4	1.07918124604762	460	validation	4
2	#00BFC4	1.07918124604762	461	validation	4
2	#00BFC4	1.07918124604762	462	validation	4
2	#00BFC4	1.07918124604762	463	validation	4
2	#00BFC4	1.07918124604762	464	validation	4
2	#00BFC4	1.07918124604762	465	validation	4
2	#00BFC4	1.07918124604762	466	validation	4
2	#00BFC4	1.07918124604762	467	validation	4
2	#00BFC4	1.07918124604762	468	validation	4
2	#00BFC4	1.07918124604762	469	validation	4
2	#00BFC4	1.07918124604762	470	validation	4
2	#00BFC4	1.07918124604762	471	validation	4
2	#00BFC4	1.07918124604762	472	validation	4
2	#00BFC4	1.07918124604762	473	validation	4
2	#00BFC4	1.07918124604762	474	validation	4
2	#00BFC4	1.07918124604762	475	validation	4
2	#00BFC4	1.07918124604762	476	validation	4
2	#00BFC4	1.07918124604762	477	validation	4
2	#00BFC4	1.07918124604762	478	validation	4
2	#00BFC4	1.07918124604762	479	validation	4
2	#00BFC4	1.07918124604762	480	validation	4
2	#00BFC4	1.07918124604762	481	validation	4
2	#00BFC4	1.07918124604762	482	validation	4
2	#00BFC4	1.07918124604762	483	validation	4
2	#00BFC4	1.07918124604762	484	validation	4
2	#00BFC4	1.07918124604762	485	validation	4
2	#00BFC4	1.07918124604762	486	validation	4
2	#00BFC4	1.07918124604762	487	validation	4
2	#00BFC4	1.07918124604762	488	validation	4
2	#00BFC4	1.07918124604762	489	validation	4
2	#00BFC4	1.07918124604762	490	validation	4
2	#00BFC4	1.07918124604762	491	validation	4
2	#00BFC4	1.07918124604762	492	validation	4
2	#00BFC4	1.07918124604762	493	validation	4
2	#00BFC4	1.07918124604762	494	validation	4
2	#00BFC4	1.07918124604762	495	validation	4
2	#00BFC4	1.07918124604762	496	validation	4
2	#00BFC4	1.07918124604762	497	validation	4
2	#00BFC4	1.07918124604762	498	validation	4
2	#00BFC4	1.07918124604762	499	validation	4
2	#00BFC4	1.07918124604762	500	validation	4
2	#00BFC4	1.07918124604762	501	validation	4
2	#00BFC4	1.07918124604762	502	validation	4
2	#00BFC4	1.07918124604762	503	validation	4
2	#00BFC4	1.07918124604762	504	validation	4
2	#00BFC4	1.07918124604762	505	validation	4
2	#00BFC4	1.07918124604762	506	validation	4
2	#00BFC4	1.07918124604762	507	validation	4
2	#00BFC4	1.07918124604762	508	validation	4
2	#00BFC4	1.07918124604762	509	validation	4
2	#00BFC4	1.07918124604762	510	validation	4
2	#00BFC4	1.07918124604762	511	validation	4
2	#00BFC4	1.07918124604762	512	validation	4
2	#00BFC4	1.07918124604762	513	validation	4
2	#00BFC4	1.07918124604762	514	validation	4
2	#00BFC4	1.07918124604762	515	validation	4
2	#00BFC4	1.07918124604762	516	validation	4
2	#00BFC4	1.07918124604762	517	validation	4
2	#00BFC4	1.07918124604762	518	validation	4
2	#00BFC4	1.07918124604762	519	validation	4
2	#00BFC4	1.07918124604762	520	validation	4
2	#00BFC4	1.07918124604762	521	validation	4
2	#00BFC4	1.07918124604762	522	validation	4
2	#00BFC4	1.07918124604762	523	validation	4
2	#00BFC4	1.07918124604762	524	validation	4
2	#00BFC4	1.07918124604762	525	validation	4
2	#00BFC4	1.07918124604762	526	validation	4
2	#00BFC4	1.07918124604762	527	validation	4
2	#00BFC4	1.07918124604762	528	validation	4
2	#00BFC4	1.07918124604762	529	validation	4
2	#00BFC4	1.07918124604762	530	validation	4
2	#00BFC4	1.07918124604762	531	validation	4
2	#00BFC4	1.07918124604762	532	validation	4
2	#00BFC4	1.07918124604762	533	validation	4
2	#00BFC4	1.07918124604762	534	validation	4
2	#00BFC4	1.07918124604762	535	validation	4
2	#00BFC4	1.07918124604762	536	validation	4
2	#00BFC4	1.07918124604762	537	validation	4
2	#00BFC4	1	538	validation	4
2	#00BFC4	1.07918124604762	539	validation	4
2	#00BFC4	1.07918124604762	540	validation	4
2	#00BFC4	1.07918124604762	541	validation	4
2	#00BFC4	1.07918124604762	542	validation	4
2	#00BFC4	1.07918124604762	543	validation	4
2	#00BFC4	1	544	validation	4
2	#00BFC4	1	545	validation	4
2	#00BFC4	1	546	validation	4
2	#00BFC4	1	547	validation	4
2	#00BFC4	1.07918124604762	548	validation	4
2	#00BFC4	1	549	validation	4
2	#00BFC4	1	550	validation	4
2	#00BFC4	1	551	validation	4
2	#00BFC4	1	552	validation	4
2	#00BFC4	1	553	validation	4
2	#00BFC4	1	554	validation	4
2	#00BFC4	1	555	validation	4
2	#00BFC4	1	556	validation	4
2	#00BFC4	1	557	validation	4
2	#00BFC4	1	558	validation	4
2	#00BFC4	1	559	validation	4
2	#00BFC4	1	560	validation	4
2	#00BFC4	1	561	validation	4
2	#00BFC4	1	562	validation	4
2	#00BFC4	1	563	validation	4
2	#00BFC4	1	564	validation	4
2	#00BFC4	1	565	validation	4
2	#00BFC4	1	566	validation	4
2	#00BFC4	1	567	validation	4
2	#00BFC4	1	568	validation	4
2	#00BFC4	1	569	validation	4
2	#00BFC4	1	570	validation	4
2	#00BFC4	1	571	validation	4
2	#00BFC4	1	572	validation	4
2	#00BFC4	1	573	validation	4
2	#00BFC4	1	574	validation	4
2	#00BFC4	1	575	validation	4
2	#00BFC4	1	576	validation	4
2	#00BFC4	1	577	validation	4
2	#00BFC4	1	578	validation	4
2	#00BFC4	1	579	validation	4
2	#00BFC4	1	580	validation	4
2	#00BFC4	1	581	validation	4
2	#00BFC4	1	582	validation	4
2	#00BFC4	1	583	validation	4
2	#00BFC4	1	584	validation	4
2	#00BFC4	1	585	validation	4
2	#00BFC4	1	586	validation	4
2	#00BFC4	1	587	validation	4
2	#00BFC4	1	588	validation	4
2	#00BFC4	1	589	validation	4
2	#00BFC4	1	590	validation	4
2	#00BFC4	1	591	validation	4
2	#00BFC4	1	592	validation	4
2	#00BFC4	1	593	validation	4
2	#00BFC4	1	594	validation	4
2	#00BFC4	1	595	validation	4
2	#00BFC4	1	596	validation	4
2	#00BFC4	1	597	validation	4
2	#00BFC4	1	598	validation	4
2	#00BFC4	1	599	validation	4
2	#00BFC4	1	600	validation	4
2	#00BFC4	1	601	validation	4
2	#00BFC4	1	602	validation	4
2	#00BFC4	1	603	validation	4
2	#00BFC4	1	604	validation	4
2	#00BFC4	1	605	validation	4
2	#00BFC4	1	606	validation	4
2	#00BFC4	1	607	validation	4
2	#00BFC4	1	608	validation	4
2	#00BFC4	1	609	validation	4
2	#00BFC4	1	610	validation	4
2	#00BFC4	1	611	validation	4
2	#00BFC4	1	612	validation	4
2	#00BFC4	1	613	validation	4
2	#00BFC4	1	614	validation	4
2	#00BFC4	1	615	validation	4
2	#00BFC4	1	616	validation	4
2	#00BFC4	1	617	validation	4
2	#00BFC4	1	618	validation	4
2	#00BFC4	1	619	validation	4
2	#00BFC4	1	620	validation	4
2	#00BFC4	1	621	validation	4
2	#00BFC4	1	622	validation	4
2	#00BFC4	1	623	validation	4
2	#00BFC4	1	624	validation	4
2	#00BFC4	1	625	validation	4
2	#00BFC4	1	626	validation	4
2	#00BFC4	1	627	validation	4
2	#00BFC4	1	628	validation	4
2	#00BFC4	1	629	validation	4
2	#00BFC4	1	630	validation	4
2	#00BFC4	1	631	validation	4
2	#00BFC4	1	632	validation	4
2	#00BFC4	1	633	validation	4
2	#00BFC4	1	634	validation	4
2	#00BFC4	1	635	validation	4
2	#00BFC4	1	636	validation	4
2	#00BFC4	1	637	validation	4
2	#00BFC4	1	638	validation	4
2	#00BFC4	1	639	validation	4
2	#00BFC4	1	640	validation	4
2	#00BFC4	1	641	validation	4
2	#00BFC4	1	642	validation	4
2	#00BFC4	1	643	validation	4
2	#00BFC4	1	644	validation	4
2	#00BFC4	1	645	validation	4
2	#00BFC4	1	646	validation	4
2	#00BFC4	1	647	validation	4
2	#00BFC4	1	648	validation	4
2	#00BFC4	1	649	validation	4
2	#00BFC4	1	650	validation	4
2	#00BFC4	1	651	validation	4
2	#00BFC4	1	652	validation	4
2	#00BFC4	1	653	validation	4
2	#00BFC4	1	654	validation	4
2	#00BFC4	1	655	validation	4
2	#00BFC4	1	656	validation	4
2	#00BFC4	1	657	validation	4
2	#00BFC4	1	658	validation	4
2	#00BFC4	1	659	validation	4
2	#00BFC4	1	660	validation	4
2	#00BFC4	1	661	validation	4
2	#00BFC4	1	662	validation	4
2	#00BFC4	1	663	validation	4
2	#00BFC4	1	664	validation	4
2	#00BFC4	1	665	validation	4
2	#00BFC4	1	666	validation	4
2	#00BFC4	1	667	validation	4
2	#00BFC4	1	668	validation	4
2	#00BFC4	1	669	validation	4
2	#00BFC4	1	670	validation	4
2	#00BFC4	1	671	validation	4
2	#00BFC4	1	672	validation	4
2	#00BFC4	1	673	validation	4
2	#00BFC4	1	674	validation	4
2	#00BFC4	1	675	validation	4
2	#00BFC4	1	676	validation	4
2	#00BFC4	1	677	validation	4
2	#00BFC4	1	678	validation	4
2	#00BFC4	1	679	validation	4
2	#00BFC4	1	680	validation	4
2	#00BFC4	1	681	validation	4
2	#00BFC4	1	682	validation	4
2	#00BFC4	1	683	validation	4
2	#00BFC4	1	684	validation	4
2	#00BFC4	1	685	validation	4
2	#00BFC4	1	686	validation	4
2	#00BFC4	1	687	validation	4
2	#00BFC4	1	688	validation	4
2	#00BFC4	1	689	validation	4
2	#00BFC4	1	690	validation	4
2	#00BFC4	1	691	validation	4
2	#00BFC4	1	692	validation	4
2	#00BFC4	1	693	validation	4
2	#00BFC4	1	694	validation	4
2	#00BFC4	1	695	validation	4
2	#00BFC4	1	696	validation	4
2	#00BFC4	1	697	validation	4
2	#00BFC4	1	698	validation	4
2	#00BFC4	1	699	validation	4
2	#00BFC4	1	700	validation	4
2	#00BFC4	1	701	validation	4
2	#00BFC4	1	702	validation	4
2	#00BFC4	1	703	validation	4
2	#00BFC4	1	704	validation	4
2	#00BFC4	1	705	validation	4
2	#00BFC4	1	706	validation	4
2	#00BFC4	1	707	validation	4
2	#00BFC4	1	708	validation	4
2	#00BFC4	1	709	validation	4
2	#00BFC4	1	710	validation	4
2	#00BFC4	1	711	validation	4
2	#00BFC4	1	712	validation	4
2	#00BFC4	1	713	validation	4
2	#00BFC4	1	714	validation	4
2	#00BFC4	1	715	validation	4
2	#00BFC4	1	716	validation	4
2	#00BFC4	1	717	validation	4
2	#00BFC4	1	718	validation	4
2	#00BFC4	1	719	validation	4
2	#00BFC4	1	720	validation	4
2	#00BFC4	1	721	validation	4
2	#00BFC4	1	722	validation	4
2	#00BFC4	1	723	validation	4
2	#00BFC4	1	724	validation	4
2	#00BFC4	1	725	validation	4
2	#00BFC4	1	726	validation	4
2	#00BFC4	1	727	validation	4
2	#00BFC4	1	728	validation	4
2	#00BFC4	1	729	validation	4
2	#00BFC4	1	730	validation	4
2	#00BFC4	1	731	validation	4
2	#00BFC4	1	732	validation	4
2	#00BFC4	1	733	validation	4
2	#00BFC4	1	734	validation	4
2	#00BFC4	1	735	validation	4
2	#00BFC4	1	736	validation	4
2	#00BFC4	1	737	validation	4
2	#00BFC4	1	738	validation	4
2	#00BFC4	1	739	validation	4
2	#00BFC4	1	740	validation	4
2	#00BFC4	1	741	validation	4
2	#00BFC4	1	742	validation	4
2	#00BFC4	1	743	validation	4
2	#00BFC4	1	744	validation	4
2	#00BFC4	1	745	validation	4
2	#00BFC4	1	746	validation	4
2	#00BFC4	1	747	validation	4
2	#00BFC4	1	748	validation	4
2	#00BFC4	1	749	validation	4
2	#00BFC4	1	750	validation	4
2	#00BFC4	1	751	validation	4
2	#00BFC4	1	752	validation	4
2	#00BFC4	1	753	validation	4
2	#00BFC4	1	754	validation	4
2	#00BFC4	1	755	validation	4
2	#00BFC4	1	756	validation	4
2	#00BFC4	1	757	validation	4
2	#00BFC4	1	758	validation	4
2	#00BFC4	1	759	validation	4
2	#00BFC4	1	760	validation	4
2	#00BFC4	1	761	validation	4
2	#00BFC4	1	762	validation	4
2	#00BFC4	1	763	validation	4
2	#00BFC4	1	764	validation	4
2	#00BFC4	1	765	validation	4
2	#00BFC4	1	766	validation	4
2	#00BFC4	1	767	validation	4
2	#00BFC4	1	768	validation	4
2	#00BFC4	1	769	validation	4
2	#00BFC4	1	770	validation	4
2	#00BFC4	1	771	validation	4
2	#00BFC4	1	772	validation	4
2	#00BFC4	1	773	validation	4
2	#00BFC4	1	774	validation	4
2	#00BFC4	1	775	validation	4
2	#00BFC4	1	776	validation	4
2	#00BFC4	1	777	validation	4
2	#00BFC4	1	778	validation	4
2	#00BFC4	1	779	validation	4
2	#00BFC4	1	780	validation	4
2	#00BFC4	1	781	validation	4
2	#00BFC4	1	782	validation	4
2	#00BFC4	1	783	validation	4
2	#00BFC4	1	784	validation	4
2	#00BFC4	1	785	validation	4
2	#00BFC4	1	786	validation	4
2	#00BFC4	1	787	validation	4
2	#00BFC4	1	788	validation	4
2	#00BFC4	1	789	validation	4
2	#00BFC4	1	790	validation	4
2	#00BFC4	1	791	validation	4
2	#00BFC4	1	792	validation	4
2	#00BFC4	1	793	validation	4
2	#00BFC4	1	794	validation	4
2	#00BFC4	1	795	validation	4
2	#00BFC4	1	796	validation	4
2	#00BFC4	1	797	validation	4
2	#00BFC4	1	798	validation	4
2	#00BFC4	1	799	validation	4
2	#00BFC4	1	800	validation	4
2	#00BFC4	1	801	validation	4
2	#00BFC4	1	802	validation	4
2	#00BFC4	1	803	validation	4
2	#00BFC4	1	804	validation	4
2	#00BFC4	1	805	validation	4
2	#00BFC4	1	806	validation	4
2	#00BFC4	1	807	validation	4
2	#00BFC4	1	808	validation	4
2	#00BFC4	1	809	validation	4
2	#00BFC4	1	810	validation	4
2	#00BFC4	1	811	validation	4
2	#00BFC4	1	812	validation	4
2	#00BFC4	1	813	validation	4
2	#00BFC4	1	814	validation	4
2	#00BFC4	1	815	validation	4
2	#00BFC4	1	816	validation	4
2	#00BFC4	1	817	validation	4
2	#00BFC4	1	818	validation	4
2	#00BFC4	1	819	validation	4
2	#00BFC4	1	820	validation	4
2	#00BFC4	1	821	validation	4
2	#00BFC4	1	822	validation	4
2	#00BFC4	1	823	validation	4
2	#00BFC4	1	824	validation	4
2	#00BFC4	1	825	validation	4
2	#00BFC4	1	826	validation	4
2	#00BFC4	1	827	validation	4
2	#00BFC4	1	828	validation	4
2	#00BFC4	1	829	validation	4
2	#00BFC4	1	830	validation	4
2	#00BFC4	1	831	validation	4
2	#00BFC4	1	832	validation	4
2	#00BFC4	1	833	validation	4
2	#00BFC4	1	834	validation	4
2	#00BFC4	1	835	validation	4
2	#00BFC4	1	836	validation	4
2	#00BFC4	1	837	validation	4
2	#00BFC4	1	838	validation	4
2	#00BFC4	1	839	validation	4
2	#00BFC4	1	840	validation	4
2	#00BFC4	1	841	validation	4
2	#00BFC4	1	842	validation	4
2	#00BFC4	1	843	validation	4
2	#00BFC4	1	844	validation	4
2	#00BFC4	1	845	validation	4
2	#00BFC4	1	846	validation	4
2	#00BFC4	1	847	validation	4
2	#00BFC4	1	848	validation	4
2	#00BFC4	1	849	validation	4
2	#00BFC4	1	850	validation	4
2	#00BFC4	1	851	validation	4
2	#00BFC4	1	852	validation	4
2	#00BFC4	1	853	validation	4
2	#00BFC4	1	854	validation	4
2	#00BFC4	1	855	validation	4
2	#00BFC4	1	856	validation	4
2	#00BFC4	1	857	validation	4
2	#00BFC4	1	858	validation	4
2	#00BFC4	1	859	validation	4
2	#00BFC4	1	860	validation	4
2	#00BFC4	1	861	validation	4
2	#00BFC4	1	862	validation	4
2	#00BFC4	1	863	validation	4
2	#00BFC4	1	864	validation	4
2	#00BFC4	1	865	validation	4
2	#00BFC4	1	866	validation	4
2	#00BFC4	1	867	validation	4
2	#00BFC4	1	868	validation	4
2	#00BFC4	1	869	validation	4
2	#00BFC4	1	870	validation	4
2	#00BFC4	1	871	validation	4
2	#00BFC4	1	872	validation	4
2	#00BFC4	1	873	validation	4
2	#00BFC4	1	874	validation	4
2	#00BFC4	1	875	validation	4
2	#00BFC4	1	876	validation	4
2	#00BFC4	1	877	validation	4
2	#00BFC4	1	878	validation	4
2	#00BFC4	1	879	validation	4
2	#00BFC4	1	880	validation	4
2	#00BFC4	1	881	validation	4
2	#00BFC4	1	882	validation	4
2	#00BFC4	1	883	validation	4
2	#00BFC4	1	884	validation	4
2	#00BFC4	1	885	validation	4
2	#00BFC4	1	886	validation	4
2	#00BFC4	1	887	validation	4
2	#00BFC4	1	888	validation	4
2	#00BFC4	1	889	validation	4
2	#00BFC4	1	890	validation	4
2	#00BFC4	1	891	validation	4
2	#00BFC4	1	892	validation	4
2	#00BFC4	1	893	validation	4
2	#00BFC4	1	894	validation	4
2	#00BFC4	1	895	validation	4
2	#00BFC4	1	896	validation	4
2	#00BFC4	1	897	validation	4
2	#00BFC4	1	898	validation	4
2	#00BFC4	1	899	validation	4
2	#00BFC4	1	900	validation	4
2	#00BFC4	1	901	validation	4
2	#00BFC4	1	902	validation	4
2	#00BFC4	1	903	validation	4
2	#00BFC4	1	904	validation	4
2	#00BFC4	1	905	validation	4
2	#00BFC4	1	906	validation	4
2	#00BFC4	1	907	validation	4
2	#00BFC4	1	908	validation	4
2	#00BFC4	1	909	validation	4
2	#00BFC4	1	910	validation	4
2	#00BFC4	1	911	validation	4
2	#00BFC4	1	912	validation	4
2	#00BFC4	1	913	validation	4
2	#00BFC4	1	914	validation	4
2	#00BFC4	1	915	validation	4
2	#00BFC4	1	916	validation	4
2	#00BFC4	1	917	validation	4
2	#00BFC4	1	918	validation	4
2	#00BFC4	1	919	validation	4
2	#00BFC4	1	920	validation	4
2	#00BFC4	1	921	validation	4
2	#00BFC4	1	922	validation	4
2	#00BFC4	1	923	validation	4
2	#00BFC4	1	924	validation	4
2	#00BFC4	1	925	validation	4
2	#00BFC4	1	926	validation	4
2	#00BFC4	1	927	validation	4
2	#00BFC4	1	928	validation	4
2	#00BFC4	1	929	validation	4
2	#00BFC4	1	930	validation	4
2	#00BFC4	1	931	validation	4
2	#00BFC4	1	932	validation	4
2	#00BFC4	1	933	validation	4
2	#00BFC4	1	934	validation	4
2	#00BFC4	1	935	validation	4
2	#00BFC4	1	936	validation	4
2	#00BFC4	1	937	validation	4
2	#00BFC4	1	938	validation	4
2	#00BFC4	1	939	validation	4
2	#00BFC4	1	940	validation	4
2	#00BFC4	1	941	validation	4
2	#00BFC4	1	942	validation	4
2	#00BFC4	1	943	validation	4
2	#00BFC4	1	944	validation	4
2	#00BFC4	1	945	validation	4
2	#00BFC4	1	946	validation	4
2	#00BFC4	1	947	validation	4
2	#00BFC4	1	948	validation	4
2	#00BFC4	1	949	validation	4
2	#00BFC4	1	950	validation	4
2	#00BFC4	1	951	validation	4
2	#00BFC4	1	952	validation	4
2	#00BFC4	1	953	validation	4
2	#00BFC4	1	954	validation	4
2	#00BFC4	1	955	validation	4
2	#00BFC4	1	956	validation	4
2	#00BFC4	1	957	validation	4
2	#00BFC4	1	958	validation	4
2	#00BFC4	1	959	validation	4
2	#00BFC4	1	960	validation	4
2	#00BFC4	1	961	validation	4
2	#00BFC4	1	962	validation	4
2	#00BFC4	1	963	validation	4
2	#00BFC4	1	964	validation	4
2	#00BFC4	1	965	validation	4
2	#00BFC4	1	966	validation	4
2	#00BFC4	1	967	validation	4
2	#00BFC4	1	968	validation	4
2	#00BFC4	1	969	validation	4
2	#00BFC4	1	970	validation	4
2	#00BFC4	1	971	validation	4
2	#00BFC4	1	972	validation	4
2	#00BFC4	1	973	validation	4
2	#00BFC4	1	974	validation	4
2	#00BFC4	1	975	validation	4
2	#00BFC4	1	976	validation	4
2	#00BFC4	1	977	validation	4
2	#00BFC4	1	978	validation	4
2	#00BFC4	1	979	validation	4
2	#00BFC4	1	980	validation	4
2	#00BFC4	1	981	validation	4
2	#00BFC4	1	982	validation	4
2	#00BFC4	1	983	validation	4
2	#00BFC4	1	984	validation	4
2	#00BFC4	1	985	validation	4
2	#00BFC4	1	986	validation	4
2	#00BFC4	1	987	validation	4
2	#00BFC4	1	988	validation	4
2	#00BFC4	1	989	validation	4
2	#00BFC4	1	990	validation	4
2	#00BFC4	1	991	validation	4
2	#00BFC4	1	992	validation	4
2	#00BFC4	1	993	validation	4
2	#00BFC4	1	994	validation	4
2	#00BFC4	1	995	validation	4
2	#00BFC4	1	996	validation	4
2	#00BFC4	1	997	validation	4
2	#00BFC4	1	998	validation	4
2	#00BFC4	1	999	validation	4
2	#00BFC4	1	1000	validation	4
