group	PANEL	key	x	xmax	xmin	y	ymax	ymin
1	1	1	-0.00369396836212481	0.0139734003533818	-0.0213613370776314	-0.0673816533014411	-0.0482900027946699	-0.0864733038082123
1	2	1	-0.00369396836212481	0.0139734003533818	-0.0213613370776314	-0.0673816533014411	-0.0482900027946699	-0.0864733038082123
2	1	2	-0.00369396836212481	0.0139734003533818	-0.0213613370776314	-0.0291983522878986	-0.0101067017811274	-0.0482900027946698
2	2	2	-0.00369396836212481	0.0139734003533818	-0.0213613370776314	-0.0291983522878986	-0.0101067017811274	-0.0482900027946698
3	1	3	-0.00369396836212481	0.0139734003533818	-0.0213613370776314	0.00898494872564387	0.0280765992324151	-0.0101067017811273
3	2	3	-0.00369396836212481	0.0139734003533818	-0.0213613370776314	0.00898494872564387	0.0280765992324151	-0.0101067017811273
4	1	4	-0.00369396836212481	0.0139734003533818	-0.0213613370776314	0.0471682497391864	0.0662599002459576	0.0280765992324152
4	2	4	-0.00369396836212481	0.0139734003533818	-0.0213613370776314	0.0471682497391864	0.0662599002459576	0.0280765992324152
5	1	5	-0.00369396836212481	0.0139734003533818	-0.0213613370776314	0.0853515507527288	0.1044432012595	0.0662599002459577
5	2	5	-0.00369396836212481	0.0139734003533818	-0.0213613370776314	0.0853515507527288	0.1044432012595	0.0662599002459577
6	1	6	-0.00369396836212481	0.0139734003533818	-0.0213613370776314	0.123534851766271	0.142626502273043	0.1044432012595
6	2	6	-0.00369396836212481	0.0139734003533818	-0.0213613370776314	0.123534851766271	0.142626502273043	0.1044432012595
7	1	7	-0.00369396836212481	0.0139734003533818	-0.0213613370776314	0.161718152779814	0.180809803286585	0.142626502273043
7	2	7	-0.00369396836212481	0.0139734003533818	-0.0213613370776314	0.161718152779814	0.180809803286585	0.142626502273043
8	1	8	-0.00369396836212481	0.0139734003533818	-0.0213613370776314	0.199901453793356	0.218993104300128	0.180809803286585
8	2	8	-0.00369396836212481	0.0139734003533818	-0.0213613370776314	0.199901453793356	0.218993104300128	0.180809803286585
9	1	9	-0.00369396836212481	0.0139734003533818	-0.0213613370776314	0.238084754806899	0.25717640531367	0.218993104300128
9	2	9	-0.00369396836212481	0.0139734003533818	-0.0213613370776314	0.238084754806899	0.25717640531367	0.218993104300128
10	1	10	-0.00369396836212481	0.0139734003533818	-0.0213613370776314	0.276268055820441	0.295359706327213	0.25717640531367
10	2	10	-0.00369396836212481	0.0139734003533818	-0.0213613370776314	0.276268055820441	0.295359706327213	0.25717640531367
11	1	11	-0.00369396836212481	0.0139734003533818	-0.0213613370776314	0.314451356833984	0.333543007340755	0.295359706327213
11	2	11	-0.00369396836212481	0.0139734003533818	-0.0213613370776314	0.314451356833984	0.333543007340755	0.295359706327213
12	1	12	-0.00369396836212481	0.0139734003533818	-0.0213613370776314	0.352634657847526	0.371726308354297	0.333543007340755
12	2	12	-0.00369396836212481	0.0139734003533818	-0.0213613370776314	0.352634657847526	0.371726308354297	0.333543007340755
13	1	13	-0.00369396836212481	0.0139734003533818	-0.0213613370776314	0.390817958861069	0.40990960936784	0.371726308354298
13	2	13	-0.00369396836212481	0.0139734003533818	-0.0213613370776314	0.390817958861069	0.40990960936784	0.371726308354298
14	1	14	-0.00369396836212481	0.0139734003533818	-0.0213613370776314	0.429001259874611	0.448092910381383	0.40990960936784
14	2	14	-0.00369396836212481	0.0139734003533818	-0.0213613370776314	0.429001259874611	0.448092910381383	0.40990960936784
15	1	15	-0.00369396836212481	0.0139734003533818	-0.0213613370776314	0.467184560888154	0.486276211394925	0.448092910381383
15	2	15	-0.00369396836212481	0.0139734003533818	-0.0213613370776314	0.467184560888154	0.486276211394925	0.448092910381383
16	1	16	-0.00369396836212481	0.0139734003533818	-0.0213613370776314	0.505367861901696	0.524459512408467	0.486276211394925
16	2	16	-0.00369396836212481	0.0139734003533818	-0.0213613370776314	0.505367861901696	0.524459512408467	0.486276211394925
17	1	17	-0.00369396836212481	0.0139734003533818	-0.0213613370776314	0.543551162915239	0.56264281342201	0.524459512408468
17	2	17	-0.00369396836212481	0.0139734003533818	-0.0213613370776314	0.543551162915239	0.56264281342201	0.524459512408468
18	1	18	-0.00369396836212481	0.0139734003533818	-0.0213613370776314	0.581734463928781	0.600826114435552	0.56264281342201
18	2	18	-0.00369396836212481	0.0139734003533818	-0.0213613370776314	0.581734463928781	0.600826114435552	0.56264281342201
19	1	19	-0.00369396836212481	0.0139734003533818	-0.0213613370776314	0.619917764942324	0.639009415449095	0.600826114435553
19	2	19	-0.00369396836212481	0.0139734003533818	-0.0213613370776314	0.619917764942324	0.639009415449095	0.600826114435553
20	1	20	-0.00369396836212481	0.0139734003533818	-0.0213613370776314	0.658101065955866	0.677192716462638	0.639009415449095
20	2	20	-0.00369396836212481	0.0139734003533818	-0.0213613370776314	0.658101065955866	0.677192716462638	0.639009415449095
21	1	21	-0.00369396836212481	0.0139734003533818	-0.0213613370776314	0.696284366969409	0.71537601747618	0.677192716462638
21	2	21	-0.00369396836212481	0.0139734003533818	-0.0213613370776314	0.696284366969409	0.71537601747618	0.677192716462638
22	1	22	-0.00369396836212481	0.0139734003533818	-0.0213613370776314	0.734467667982951	0.753559318489722	0.71537601747618
22	2	22	-0.00369396836212481	0.0139734003533818	-0.0213613370776314	0.734467667982951	0.753559318489722	0.71537601747618
23	1	23	-0.00369396836212481	0.0139734003533818	-0.0213613370776314	0.772650968996494	0.791742619503265	0.753559318489723
23	2	23	-0.00369396836212481	0.0139734003533818	-0.0213613370776314	0.772650968996494	0.791742619503265	0.753559318489723
24	1	24	-0.00369396836212481	0.0139734003533818	-0.0213613370776314	0.810834270010036	0.829925920516807	0.791742619503265
24	2	24	-0.00369396836212481	0.0139734003533818	-0.0213613370776314	0.810834270010036	0.829925920516807	0.791742619503265
25	1	25	-0.00369396836212481	0.0139734003533818	-0.0213613370776314	0.849017571023579	0.86810922153035	0.829925920516807
25	2	25	-0.00369396836212481	0.0139734003533818	-0.0213613370776314	0.849017571023579	0.86810922153035	0.829925920516807
26	1	26	-0.00369396836212481	0.0139734003533818	-0.0213613370776314	0.887200872037121	0.906292522543892	0.86810922153035
26	2	26	-0.00369396836212481	0.0139734003533818	-0.0213613370776314	0.887200872037121	0.906292522543892	0.86810922153035
27	1	27	-0.00369396836212481	0.0139734003533818	-0.0213613370776314	0.925384173050664	0.944475823557435	0.906292522543892
27	2	27	-0.00369396836212481	0.0139734003533818	-0.0213613370776314	0.925384173050664	0.944475823557435	0.906292522543892
28	1	28	-0.00369396836212481	0.0139734003533818	-0.0213613370776314	0.963567474064206	0.982659124570977	0.944475823557435
28	2	28	-0.00369396836212481	0.0139734003533818	-0.0213613370776314	0.963567474064206	0.982659124570977	0.944475823557435
29	1	29	-0.00369396836212481	0.0139734003533818	-0.0213613370776314	1.00175077507775	1.02084242558452	0.982659124570977
29	2	29	-0.00369396836212481	0.0139734003533818	-0.0213613370776314	1.00175077507775	1.02084242558452	0.982659124570977
30	1	30	-0.00369396836212481	0.0139734003533818	-0.0213613370776314	1.03993407609129	1.05902572659806	1.02084242558452
30	2	30	-0.00369396836212481	0.0139734003533818	-0.0213613370776314	1.03993407609129	1.05902572659806	1.02084242558452
31	1	31	0.0316407690688884	0.049308137784395	0.0139734003533819	-0.0673816533014411	-0.0482900027946699	-0.0864733038082123
31	2	31	0.0316407690688884	0.049308137784395	0.0139734003533819	-0.0673816533014411	-0.0482900027946699	-0.0864733038082123
32	1	32	0.0316407690688884	0.049308137784395	0.0139734003533819	-0.0291983522878986	-0.0101067017811274	-0.0482900027946698
32	2	32	0.0316407690688884	0.049308137784395	0.0139734003533819	-0.0291983522878986	-0.0101067017811274	-0.0482900027946698
33	1	33	0.0316407690688884	0.049308137784395	0.0139734003533819	0.00898494872564387	0.0280765992324151	-0.0101067017811273
33	2	33	0.0316407690688884	0.049308137784395	0.0139734003533819	0.00898494872564387	0.0280765992324151	-0.0101067017811273
34	1	34	0.0316407690688884	0.049308137784395	0.0139734003533819	0.0471682497391864	0.0662599002459576	0.0280765992324152
34	2	34	0.0316407690688884	0.049308137784395	0.0139734003533819	0.0471682497391864	0.0662599002459576	0.0280765992324152
35	1	35	0.0316407690688884	0.049308137784395	0.0139734003533819	0.0853515507527288	0.1044432012595	0.0662599002459577
35	2	35	0.0316407690688884	0.049308137784395	0.0139734003533819	0.0853515507527288	0.1044432012595	0.0662599002459577
36	1	36	0.0316407690688884	0.049308137784395	0.0139734003533819	0.123534851766271	0.142626502273043	0.1044432012595
36	2	36	0.0316407690688884	0.049308137784395	0.0139734003533819	0.123534851766271	0.142626502273043	0.1044432012595
37	1	37	0.0316407690688884	0.049308137784395	0.0139734003533819	0.161718152779814	0.180809803286585	0.142626502273043
37	2	37	0.0316407690688884	0.049308137784395	0.0139734003533819	0.161718152779814	0.180809803286585	0.142626502273043
38	1	38	0.0316407690688884	0.049308137784395	0.0139734003533819	0.199901453793356	0.218993104300128	0.180809803286585
38	2	38	0.0316407690688884	0.049308137784395	0.0139734003533819	0.199901453793356	0.218993104300128	0.180809803286585
39	1	39	0.0316407690688884	0.049308137784395	0.0139734003533819	0.238084754806899	0.25717640531367	0.218993104300128
39	2	39	0.0316407690688884	0.049308137784395	0.0139734003533819	0.238084754806899	0.25717640531367	0.218993104300128
40	1	40	0.0316407690688884	0.049308137784395	0.0139734003533819	0.276268055820441	0.295359706327213	0.25717640531367
40	2	40	0.0316407690688884	0.049308137784395	0.0139734003533819	0.276268055820441	0.295359706327213	0.25717640531367
41	1	41	0.0316407690688884	0.049308137784395	0.0139734003533819	0.314451356833984	0.333543007340755	0.295359706327213
41	2	41	0.0316407690688884	0.049308137784395	0.0139734003533819	0.314451356833984	0.333543007340755	0.295359706327213
42	1	42	0.0316407690688884	0.049308137784395	0.0139734003533819	0.352634657847526	0.371726308354297	0.333543007340755
42	2	42	0.0316407690688884	0.049308137784395	0.0139734003533819	0.352634657847526	0.371726308354297	0.333543007340755
43	1	43	0.0316407690688884	0.049308137784395	0.0139734003533819	0.390817958861069	0.40990960936784	0.371726308354298
43	2	43	0.0316407690688884	0.049308137784395	0.0139734003533819	0.390817958861069	0.40990960936784	0.371726308354298
44	1	44	0.0316407690688884	0.049308137784395	0.0139734003533819	0.429001259874611	0.448092910381383	0.40990960936784
44	2	44	0.0316407690688884	0.049308137784395	0.0139734003533819	0.429001259874611	0.448092910381383	0.40990960936784
45	1	45	0.0316407690688884	0.049308137784395	0.0139734003533819	0.467184560888154	0.486276211394925	0.448092910381383
45	2	45	0.0316407690688884	0.049308137784395	0.0139734003533819	0.467184560888154	0.486276211394925	0.448092910381383
46	1	46	0.0316407690688884	0.049308137784395	0.0139734003533819	0.505367861901696	0.524459512408467	0.486276211394925
46	2	46	0.0316407690688884	0.049308137784395	0.0139734003533819	0.505367861901696	0.524459512408467	0.486276211394925
47	1	47	0.0316407690688884	0.049308137784395	0.0139734003533819	0.543551162915239	0.56264281342201	0.524459512408468
47	2	47	0.0316407690688884	0.049308137784395	0.0139734003533819	0.543551162915239	0.56264281342201	0.524459512408468
48	1	48	0.0316407690688884	0.049308137784395	0.0139734003533819	0.581734463928781	0.600826114435552	0.56264281342201
48	2	48	0.0316407690688884	0.049308137784395	0.0139734003533819	0.581734463928781	0.600826114435552	0.56264281342201
49	1	49	0.0316407690688884	0.049308137784395	0.0139734003533819	0.619917764942324	0.639009415449095	0.600826114435553
49	2	49	0.0316407690688884	0.049308137784395	0.0139734003533819	0.619917764942324	0.639009415449095	0.600826114435553
50	1	50	0.0316407690688884	0.049308137784395	0.0139734003533819	0.658101065955866	0.677192716462638	0.639009415449095
50	2	50	0.0316407690688884	0.049308137784395	0.0139734003533819	0.658101065955866	0.677192716462638	0.639009415449095
51	1	51	0.0316407690688884	0.049308137784395	0.0139734003533819	0.696284366969409	0.71537601747618	0.677192716462638
51	2	51	0.0316407690688884	0.049308137784395	0.0139734003533819	0.696284366969409	0.71537601747618	0.677192716462638
52	1	52	0.0316407690688884	0.049308137784395	0.0139734003533819	0.734467667982951	0.753559318489722	0.71537601747618
52	2	52	0.0316407690688884	0.049308137784395	0.0139734003533819	0.734467667982951	0.753559318489722	0.71537601747618
53	1	53	0.0316407690688884	0.049308137784395	0.0139734003533819	0.772650968996494	0.791742619503265	0.753559318489723
53	2	53	0.0316407690688884	0.049308137784395	0.0139734003533819	0.772650968996494	0.791742619503265	0.753559318489723
54	1	54	0.0316407690688884	0.049308137784395	0.0139734003533819	0.810834270010036	0.829925920516807	0.791742619503265
54	2	54	0.0316407690688884	0.049308137784395	0.0139734003533819	0.810834270010036	0.829925920516807	0.791742619503265
55	1	55	0.0316407690688884	0.049308137784395	0.0139734003533819	0.849017571023579	0.86810922153035	0.829925920516807
55	2	55	0.0316407690688884	0.049308137784395	0.0139734003533819	0.849017571023579	0.86810922153035	0.829925920516807
56	1	56	0.0316407690688884	0.049308137784395	0.0139734003533819	0.887200872037121	0.906292522543892	0.86810922153035
56	2	56	0.0316407690688884	0.049308137784395	0.0139734003533819	0.887200872037121	0.906292522543892	0.86810922153035
57	1	57	0.0316407690688884	0.049308137784395	0.0139734003533819	0.925384173050664	0.944475823557435	0.906292522543892
57	2	57	0.0316407690688884	0.049308137784395	0.0139734003533819	0.925384173050664	0.944475823557435	0.906292522543892
58	1	58	0.0316407690688884	0.049308137784395	0.0139734003533819	0.963567474064206	0.982659124570977	0.944475823557435
58	2	58	0.0316407690688884	0.049308137784395	0.0139734003533819	0.963567474064206	0.982659124570977	0.944475823557435
59	1	59	0.0316407690688884	0.049308137784395	0.0139734003533819	1.00175077507775	1.02084242558452	0.982659124570977
59	2	59	0.0316407690688884	0.049308137784395	0.0139734003533819	1.00175077507775	1.02084242558452	0.982659124570977
60	1	60	0.0316407690688884	0.049308137784395	0.0139734003533819	1.03993407609129	1.05902572659806	1.02084242558452
60	2	60	0.0316407690688884	0.049308137784395	0.0139734003533819	1.03993407609129	1.05902572659806	1.02084242558452
61	1	61	0.0669755064999016	0.0846428752154082	0.0493081377843951	-0.0673816533014411	-0.0482900027946699	-0.0864733038082123
61	2	61	0.0669755064999016	0.0846428752154082	0.0493081377843951	-0.0673816533014411	-0.0482900027946699	-0.0864733038082123
62	1	62	0.0669755064999016	0.0846428752154082	0.0493081377843951	-0.0291983522878986	-0.0101067017811274	-0.0482900027946698
62	2	62	0.0669755064999016	0.0846428752154082	0.0493081377843951	-0.0291983522878986	-0.0101067017811274	-0.0482900027946698
63	1	63	0.0669755064999016	0.0846428752154082	0.0493081377843951	0.00898494872564387	0.0280765992324151	-0.0101067017811273
63	2	63	0.0669755064999016	0.0846428752154082	0.0493081377843951	0.00898494872564387	0.0280765992324151	-0.0101067017811273
64	1	64	0.0669755064999016	0.0846428752154082	0.0493081377843951	0.0471682497391864	0.0662599002459576	0.0280765992324152
64	2	64	0.0669755064999016	0.0846428752154082	0.0493081377843951	0.0471682497391864	0.0662599002459576	0.0280765992324152
65	1	65	0.0669755064999016	0.0846428752154082	0.0493081377843951	0.0853515507527288	0.1044432012595	0.0662599002459577
65	2	65	0.0669755064999016	0.0846428752154082	0.0493081377843951	0.0853515507527288	0.1044432012595	0.0662599002459577
66	1	66	0.0669755064999016	0.0846428752154082	0.0493081377843951	0.123534851766271	0.142626502273043	0.1044432012595
66	2	66	0.0669755064999016	0.0846428752154082	0.0493081377843951	0.123534851766271	0.142626502273043	0.1044432012595
67	1	67	0.0669755064999016	0.0846428752154082	0.0493081377843951	0.161718152779814	0.180809803286585	0.142626502273043
67	2	67	0.0669755064999016	0.0846428752154082	0.0493081377843951	0.161718152779814	0.180809803286585	0.142626502273043
68	1	68	0.0669755064999016	0.0846428752154082	0.0493081377843951	0.199901453793356	0.218993104300128	0.180809803286585
68	2	68	0.0669755064999016	0.0846428752154082	0.0493081377843951	0.199901453793356	0.218993104300128	0.180809803286585
69	1	69	0.0669755064999016	0.0846428752154082	0.0493081377843951	0.238084754806899	0.25717640531367	0.218993104300128
69	2	69	0.0669755064999016	0.0846428752154082	0.0493081377843951	0.238084754806899	0.25717640531367	0.218993104300128
70	1	70	0.0669755064999016	0.0846428752154082	0.0493081377843951	0.276268055820441	0.295359706327213	0.25717640531367
70	2	70	0.0669755064999016	0.0846428752154082	0.0493081377843951	0.276268055820441	0.295359706327213	0.25717640531367
71	1	71	0.0669755064999016	0.0846428752154082	0.0493081377843951	0.314451356833984	0.333543007340755	0.295359706327213
71	2	71	0.0669755064999016	0.0846428752154082	0.0493081377843951	0.314451356833984	0.333543007340755	0.295359706327213
72	1	72	0.0669755064999016	0.0846428752154082	0.0493081377843951	0.352634657847526	0.371726308354297	0.333543007340755
72	2	72	0.0669755064999016	0.0846428752154082	0.0493081377843951	0.352634657847526	0.371726308354297	0.333543007340755
73	1	73	0.0669755064999016	0.0846428752154082	0.0493081377843951	0.390817958861069	0.40990960936784	0.371726308354298
73	2	73	0.0669755064999016	0.0846428752154082	0.0493081377843951	0.390817958861069	0.40990960936784	0.371726308354298
74	1	74	0.0669755064999016	0.0846428752154082	0.0493081377843951	0.429001259874611	0.448092910381383	0.40990960936784
74	2	74	0.0669755064999016	0.0846428752154082	0.0493081377843951	0.429001259874611	0.448092910381383	0.40990960936784
75	1	75	0.0669755064999016	0.0846428752154082	0.0493081377843951	0.467184560888154	0.486276211394925	0.448092910381383
75	2	75	0.0669755064999016	0.0846428752154082	0.0493081377843951	0.467184560888154	0.486276211394925	0.448092910381383
76	1	76	0.0669755064999016	0.0846428752154082	0.0493081377843951	0.505367861901696	0.524459512408467	0.486276211394925
76	2	76	0.0669755064999016	0.0846428752154082	0.0493081377843951	0.505367861901696	0.524459512408467	0.486276211394925
77	1	77	0.0669755064999016	0.0846428752154082	0.0493081377843951	0.543551162915239	0.56264281342201	0.524459512408468
77	2	77	0.0669755064999016	0.0846428752154082	0.0493081377843951	0.543551162915239	0.56264281342201	0.524459512408468
78	1	78	0.0669755064999016	0.0846428752154082	0.0493081377843951	0.581734463928781	0.600826114435552	0.56264281342201
78	2	78	0.0669755064999016	0.0846428752154082	0.0493081377843951	0.581734463928781	0.600826114435552	0.56264281342201
79	1	79	0.0669755064999016	0.0846428752154082	0.0493081377843951	0.619917764942324	0.639009415449095	0.600826114435553
79	2	79	0.0669755064999016	0.0846428752154082	0.0493081377843951	0.619917764942324	0.639009415449095	0.600826114435553
80	1	80	0.0669755064999016	0.0846428752154082	0.0493081377843951	0.658101065955866	0.677192716462638	0.639009415449095
80	2	80	0.0669755064999016	0.0846428752154082	0.0493081377843951	0.658101065955866	0.677192716462638	0.639009415449095
81	1	81	0.0669755064999016	0.0846428752154082	0.0493081377843951	0.696284366969409	0.71537601747618	0.677192716462638
81	2	81	0.0669755064999016	0.0846428752154082	0.0493081377843951	0.696284366969409	0.71537601747618	0.677192716462638
82	1	82	0.0669755064999016	0.0846428752154082	0.0493081377843951	0.734467667982951	0.753559318489722	0.71537601747618
82	2	82	0.0669755064999016	0.0846428752154082	0.0493081377843951	0.734467667982951	0.753559318489722	0.71537601747618
83	1	83	0.0669755064999016	0.0846428752154082	0.0493081377843951	0.772650968996494	0.791742619503265	0.753559318489723
83	2	83	0.0669755064999016	0.0846428752154082	0.0493081377843951	0.772650968996494	0.791742619503265	0.753559318489723
84	1	84	0.0669755064999016	0.0846428752154082	0.0493081377843951	0.810834270010036	0.829925920516807	0.791742619503265
84	2	84	0.0669755064999016	0.0846428752154082	0.0493081377843951	0.810834270010036	0.829925920516807	0.791742619503265
85	1	85	0.0669755064999016	0.0846428752154082	0.0493081377843951	0.849017571023579	0.86810922153035	0.829925920516807
85	2	85	0.0669755064999016	0.0846428752154082	0.0493081377843951	0.849017571023579	0.86810922153035	0.829925920516807
86	1	86	0.0669755064999016	0.0846428752154082	0.0493081377843951	0.887200872037121	0.906292522543892	0.86810922153035
86	2	86	0.0669755064999016	0.0846428752154082	0.0493081377843951	0.887200872037121	0.906292522543892	0.86810922153035
87	1	87	0.0669755064999016	0.0846428752154082	0.0493081377843951	0.925384173050664	0.944475823557435	0.906292522543892
87	2	87	0.0669755064999016	0.0846428752154082	0.0493081377843951	0.925384173050664	0.944475823557435	0.906292522543892
88	1	88	0.0669755064999016	0.0846428752154082	0.0493081377843951	0.963567474064206	0.982659124570977	0.944475823557435
88	2	88	0.0669755064999016	0.0846428752154082	0.0493081377843951	0.963567474064206	0.982659124570977	0.944475823557435
89	1	89	0.0669755064999016	0.0846428752154082	0.0493081377843951	1.00175077507775	1.02084242558452	0.982659124570977
89	2	89	0.0669755064999016	0.0846428752154082	0.0493081377843951	1.00175077507775	1.02084242558452	0.982659124570977
90	1	90	0.0669755064999016	0.0846428752154082	0.0493081377843951	1.03993407609129	1.05902572659806	1.02084242558452
90	2	90	0.0669755064999016	0.0846428752154082	0.0493081377843951	1.03993407609129	1.05902572659806	1.02084242558452
91	1	91	0.102310243930915	0.119977612646421	0.0846428752154083	-0.0673816533014411	-0.0482900027946699	-0.0864733038082123
91	2	91	0.102310243930915	0.119977612646421	0.0846428752154083	-0.0673816533014411	-0.0482900027946699	-0.0864733038082123
92	1	92	0.102310243930915	0.119977612646421	0.0846428752154083	-0.0291983522878986	-0.0101067017811274	-0.0482900027946698
92	2	92	0.102310243930915	0.119977612646421	0.0846428752154083	-0.0291983522878986	-0.0101067017811274	-0.0482900027946698
93	1	93	0.102310243930915	0.119977612646421	0.0846428752154083	0.00898494872564387	0.0280765992324151	-0.0101067017811273
93	2	93	0.102310243930915	0.119977612646421	0.0846428752154083	0.00898494872564387	0.0280765992324151	-0.0101067017811273
94	1	94	0.102310243930915	0.119977612646421	0.0846428752154083	0.0471682497391864	0.0662599002459576	0.0280765992324152
94	2	94	0.102310243930915	0.119977612646421	0.0846428752154083	0.0471682497391864	0.0662599002459576	0.0280765992324152
95	1	95	0.102310243930915	0.119977612646421	0.0846428752154083	0.0853515507527288	0.1044432012595	0.0662599002459577
95	2	95	0.102310243930915	0.119977612646421	0.0846428752154083	0.0853515507527288	0.1044432012595	0.0662599002459577
96	1	96	0.102310243930915	0.119977612646421	0.0846428752154083	0.123534851766271	0.142626502273043	0.1044432012595
96	2	96	0.102310243930915	0.119977612646421	0.0846428752154083	0.123534851766271	0.142626502273043	0.1044432012595
97	1	97	0.102310243930915	0.119977612646421	0.0846428752154083	0.161718152779814	0.180809803286585	0.142626502273043
97	2	97	0.102310243930915	0.119977612646421	0.0846428752154083	0.161718152779814	0.180809803286585	0.142626502273043
98	1	98	0.102310243930915	0.119977612646421	0.0846428752154083	0.199901453793356	0.218993104300128	0.180809803286585
98	2	98	0.102310243930915	0.119977612646421	0.0846428752154083	0.199901453793356	0.218993104300128	0.180809803286585
99	1	99	0.102310243930915	0.119977612646421	0.0846428752154083	0.238084754806899	0.25717640531367	0.218993104300128
99	2	99	0.102310243930915	0.119977612646421	0.0846428752154083	0.238084754806899	0.25717640531367	0.218993104300128
100	1	100	0.102310243930915	0.119977612646421	0.0846428752154083	0.276268055820441	0.295359706327213	0.25717640531367
100	2	100	0.102310243930915	0.119977612646421	0.0846428752154083	0.276268055820441	0.295359706327213	0.25717640531367
101	1	101	0.102310243930915	0.119977612646421	0.0846428752154083	0.314451356833984	0.333543007340755	0.295359706327213
101	2	101	0.102310243930915	0.119977612646421	0.0846428752154083	0.314451356833984	0.333543007340755	0.295359706327213
102	1	102	0.102310243930915	0.119977612646421	0.0846428752154083	0.352634657847526	0.371726308354297	0.333543007340755
102	2	102	0.102310243930915	0.119977612646421	0.0846428752154083	0.352634657847526	0.371726308354297	0.333543007340755
103	1	103	0.102310243930915	0.119977612646421	0.0846428752154083	0.390817958861069	0.40990960936784	0.371726308354298
103	2	103	0.102310243930915	0.119977612646421	0.0846428752154083	0.390817958861069	0.40990960936784	0.371726308354298
104	1	104	0.102310243930915	0.119977612646421	0.0846428752154083	0.429001259874611	0.448092910381383	0.40990960936784
104	2	104	0.102310243930915	0.119977612646421	0.0846428752154083	0.429001259874611	0.448092910381383	0.40990960936784
105	1	105	0.102310243930915	0.119977612646421	0.0846428752154083	0.467184560888154	0.486276211394925	0.448092910381383
105	2	105	0.102310243930915	0.119977612646421	0.0846428752154083	0.467184560888154	0.486276211394925	0.448092910381383
106	1	106	0.102310243930915	0.119977612646421	0.0846428752154083	0.505367861901696	0.524459512408467	0.486276211394925
106	2	106	0.102310243930915	0.119977612646421	0.0846428752154083	0.505367861901696	0.524459512408467	0.486276211394925
107	1	107	0.102310243930915	0.119977612646421	0.0846428752154083	0.543551162915239	0.56264281342201	0.524459512408468
107	2	107	0.102310243930915	0.119977612646421	0.0846428752154083	0.543551162915239	0.56264281342201	0.524459512408468
108	1	108	0.102310243930915	0.119977612646421	0.0846428752154083	0.581734463928781	0.600826114435552	0.56264281342201
108	2	108	0.102310243930915	0.119977612646421	0.0846428752154083	0.581734463928781	0.600826114435552	0.56264281342201
109	1	109	0.102310243930915	0.119977612646421	0.0846428752154083	0.619917764942324	0.639009415449095	0.600826114435553
109	2	109	0.102310243930915	0.119977612646421	0.0846428752154083	0.619917764942324	0.639009415449095	0.600826114435553
110	1	110	0.102310243930915	0.119977612646421	0.0846428752154083	0.658101065955866	0.677192716462638	0.639009415449095
110	2	110	0.102310243930915	0.119977612646421	0.0846428752154083	0.658101065955866	0.677192716462638	0.639009415449095
111	1	111	0.102310243930915	0.119977612646421	0.0846428752154083	0.696284366969409	0.71537601747618	0.677192716462638
111	2	111	0.102310243930915	0.119977612646421	0.0846428752154083	0.696284366969409	0.71537601747618	0.677192716462638
112	1	112	0.102310243930915	0.119977612646421	0.0846428752154083	0.734467667982951	0.753559318489722	0.71537601747618
112	2	112	0.102310243930915	0.119977612646421	0.0846428752154083	0.734467667982951	0.753559318489722	0.71537601747618
113	1	113	0.102310243930915	0.119977612646421	0.0846428752154083	0.772650968996494	0.791742619503265	0.753559318489723
113	2	113	0.102310243930915	0.119977612646421	0.0846428752154083	0.772650968996494	0.791742619503265	0.753559318489723
114	1	114	0.102310243930915	0.119977612646421	0.0846428752154083	0.810834270010036	0.829925920516807	0.791742619503265
114	2	114	0.102310243930915	0.119977612646421	0.0846428752154083	0.810834270010036	0.829925920516807	0.791742619503265
115	1	115	0.102310243930915	0.119977612646421	0.0846428752154083	0.849017571023579	0.86810922153035	0.829925920516807
115	2	115	0.102310243930915	0.119977612646421	0.0846428752154083	0.849017571023579	0.86810922153035	0.829925920516807
116	1	116	0.102310243930915	0.119977612646421	0.0846428752154083	0.887200872037121	0.906292522543892	0.86810922153035
116	2	116	0.102310243930915	0.119977612646421	0.0846428752154083	0.887200872037121	0.906292522543892	0.86810922153035
117	1	117	0.102310243930915	0.119977612646421	0.0846428752154083	0.925384173050664	0.944475823557435	0.906292522543892
117	2	117	0.102310243930915	0.119977612646421	0.0846428752154083	0.925384173050664	0.944475823557435	0.906292522543892
118	1	118	0.102310243930915	0.119977612646421	0.0846428752154083	0.963567474064206	0.982659124570977	0.944475823557435
118	2	118	0.102310243930915	0.119977612646421	0.0846428752154083	0.963567474064206	0.982659124570977	0.944475823557435
119	1	119	0.102310243930915	0.119977612646421	0.0846428752154083	1.00175077507775	1.02084242558452	0.982659124570977
119	2	119	0.102310243930915	0.119977612646421	0.0846428752154083	1.00175077507775	1.02084242558452	0.982659124570977
120	1	120	0.102310243930915	0.119977612646421	0.0846428752154083	1.03993407609129	1.05902572659806	1.02084242558452
120	2	120	0.102310243930915	0.119977612646421	0.0846428752154083	1.03993407609129	1.05902572659806	1.02084242558452
121	1	121	0.137644981361928	0.155312350077435	0.119977612646422	-0.0673816533014411	-0.0482900027946699	-0.0864733038082123
121	2	121	0.137644981361928	0.155312350077435	0.119977612646422	-0.0673816533014411	-0.0482900027946699	-0.0864733038082123
122	1	122	0.137644981361928	0.155312350077435	0.119977612646422	-0.0291983522878986	-0.0101067017811274	-0.0482900027946698
122	2	122	0.137644981361928	0.155312350077435	0.119977612646422	-0.0291983522878986	-0.0101067017811274	-0.0482900027946698
123	1	123	0.137644981361928	0.155312350077435	0.119977612646422	0.00898494872564387	0.0280765992324151	-0.0101067017811273
123	2	123	0.137644981361928	0.155312350077435	0.119977612646422	0.00898494872564387	0.0280765992324151	-0.0101067017811273
124	1	124	0.137644981361928	0.155312350077435	0.119977612646422	0.0471682497391864	0.0662599002459576	0.0280765992324152
124	2	124	0.137644981361928	0.155312350077435	0.119977612646422	0.0471682497391864	0.0662599002459576	0.0280765992324152
125	1	125	0.137644981361928	0.155312350077435	0.119977612646422	0.0853515507527288	0.1044432012595	0.0662599002459577
125	2	125	0.137644981361928	0.155312350077435	0.119977612646422	0.0853515507527288	0.1044432012595	0.0662599002459577
126	1	126	0.137644981361928	0.155312350077435	0.119977612646422	0.123534851766271	0.142626502273043	0.1044432012595
126	2	126	0.137644981361928	0.155312350077435	0.119977612646422	0.123534851766271	0.142626502273043	0.1044432012595
127	1	127	0.137644981361928	0.155312350077435	0.119977612646422	0.161718152779814	0.180809803286585	0.142626502273043
127	2	127	0.137644981361928	0.155312350077435	0.119977612646422	0.161718152779814	0.180809803286585	0.142626502273043
128	1	128	0.137644981361928	0.155312350077435	0.119977612646422	0.199901453793356	0.218993104300128	0.180809803286585
128	2	128	0.137644981361928	0.155312350077435	0.119977612646422	0.199901453793356	0.218993104300128	0.180809803286585
129	1	129	0.137644981361928	0.155312350077435	0.119977612646422	0.238084754806899	0.25717640531367	0.218993104300128
129	2	129	0.137644981361928	0.155312350077435	0.119977612646422	0.238084754806899	0.25717640531367	0.218993104300128
130	1	130	0.137644981361928	0.155312350077435	0.119977612646422	0.276268055820441	0.295359706327213	0.25717640531367
130	2	130	0.137644981361928	0.155312350077435	0.119977612646422	0.276268055820441	0.295359706327213	0.25717640531367
131	1	131	0.137644981361928	0.155312350077435	0.119977612646422	0.314451356833984	0.333543007340755	0.295359706327213
131	2	131	0.137644981361928	0.155312350077435	0.119977612646422	0.314451356833984	0.333543007340755	0.295359706327213
132	1	132	0.137644981361928	0.155312350077435	0.119977612646422	0.352634657847526	0.371726308354297	0.333543007340755
132	2	132	0.137644981361928	0.155312350077435	0.119977612646422	0.352634657847526	0.371726308354297	0.333543007340755
133	1	133	0.137644981361928	0.155312350077435	0.119977612646422	0.390817958861069	0.40990960936784	0.371726308354298
133	2	133	0.137644981361928	0.155312350077435	0.119977612646422	0.390817958861069	0.40990960936784	0.371726308354298
134	1	134	0.137644981361928	0.155312350077435	0.119977612646422	0.429001259874611	0.448092910381383	0.40990960936784
134	2	134	0.137644981361928	0.155312350077435	0.119977612646422	0.429001259874611	0.448092910381383	0.40990960936784
135	1	135	0.137644981361928	0.155312350077435	0.119977612646422	0.467184560888154	0.486276211394925	0.448092910381383
135	2	135	0.137644981361928	0.155312350077435	0.119977612646422	0.467184560888154	0.486276211394925	0.448092910381383
136	1	136	0.137644981361928	0.155312350077435	0.119977612646422	0.505367861901696	0.524459512408467	0.486276211394925
136	2	136	0.137644981361928	0.155312350077435	0.119977612646422	0.505367861901696	0.524459512408467	0.486276211394925
137	1	137	0.137644981361928	0.155312350077435	0.119977612646422	0.543551162915239	0.56264281342201	0.524459512408468
137	2	137	0.137644981361928	0.155312350077435	0.119977612646422	0.543551162915239	0.56264281342201	0.524459512408468
138	1	138	0.137644981361928	0.155312350077435	0.119977612646422	0.581734463928781	0.600826114435552	0.56264281342201
138	2	138	0.137644981361928	0.155312350077435	0.119977612646422	0.581734463928781	0.600826114435552	0.56264281342201
139	1	139	0.137644981361928	0.155312350077435	0.119977612646422	0.619917764942324	0.639009415449095	0.600826114435553
139	2	139	0.137644981361928	0.155312350077435	0.119977612646422	0.619917764942324	0.639009415449095	0.600826114435553
140	1	140	0.137644981361928	0.155312350077435	0.119977612646422	0.658101065955866	0.677192716462638	0.639009415449095
140	2	140	0.137644981361928	0.155312350077435	0.119977612646422	0.658101065955866	0.677192716462638	0.639009415449095
141	1	141	0.137644981361928	0.155312350077435	0.119977612646422	0.696284366969409	0.71537601747618	0.677192716462638
141	2	141	0.137644981361928	0.155312350077435	0.119977612646422	0.696284366969409	0.71537601747618	0.677192716462638
142	1	142	0.137644981361928	0.155312350077435	0.119977612646422	0.734467667982951	0.753559318489722	0.71537601747618
142	2	142	0.137644981361928	0.155312350077435	0.119977612646422	0.734467667982951	0.753559318489722	0.71537601747618
143	1	143	0.137644981361928	0.155312350077435	0.119977612646422	0.772650968996494	0.791742619503265	0.753559318489723
143	2	143	0.137644981361928	0.155312350077435	0.119977612646422	0.772650968996494	0.791742619503265	0.753559318489723
144	1	144	0.137644981361928	0.155312350077435	0.119977612646422	0.810834270010036	0.829925920516807	0.791742619503265
144	2	144	0.137644981361928	0.155312350077435	0.119977612646422	0.810834270010036	0.829925920516807	0.791742619503265
145	1	145	0.137644981361928	0.155312350077435	0.119977612646422	0.849017571023579	0.86810922153035	0.829925920516807
145	2	145	0.137644981361928	0.155312350077435	0.119977612646422	0.849017571023579	0.86810922153035	0.829925920516807
146	1	146	0.137644981361928	0.155312350077435	0.119977612646422	0.887200872037121	0.906292522543892	0.86810922153035
146	2	146	0.137644981361928	0.155312350077435	0.119977612646422	0.887200872037121	0.906292522543892	0.86810922153035
147	1	147	0.137644981361928	0.155312350077435	0.119977612646422	0.925384173050664	0.944475823557435	0.906292522543892
147	2	147	0.137644981361928	0.155312350077435	0.119977612646422	0.925384173050664	0.944475823557435	0.906292522543892
148	1	148	0.137644981361928	0.155312350077435	0.119977612646422	0.963567474064206	0.982659124570977	0.944475823557435
148	2	148	0.137644981361928	0.155312350077435	0.119977612646422	0.963567474064206	0.982659124570977	0.944475823557435
149	1	149	0.137644981361928	0.155312350077435	0.119977612646422	1.00175077507775	1.02084242558452	0.982659124570977
149	2	149	0.137644981361928	0.155312350077435	0.119977612646422	1.00175077507775	1.02084242558452	0.982659124570977
150	1	150	0.137644981361928	0.155312350077435	0.119977612646422	1.03993407609129	1.05902572659806	1.02084242558452
150	2	150	0.137644981361928	0.155312350077435	0.119977612646422	1.03993407609129	1.05902572659806	1.02084242558452
151	1	151	0.172979718792941	0.190647087508448	0.155312350077435	-0.0673816533014411	-0.0482900027946699	-0.0864733038082123
151	2	151	0.172979718792941	0.190647087508448	0.155312350077435	-0.0673816533014411	-0.0482900027946699	-0.0864733038082123
152	1	152	0.172979718792941	0.190647087508448	0.155312350077435	-0.0291983522878986	-0.0101067017811274	-0.0482900027946698
152	2	152	0.172979718792941	0.190647087508448	0.155312350077435	-0.0291983522878986	-0.0101067017811274	-0.0482900027946698
153	1	153	0.172979718792941	0.190647087508448	0.155312350077435	0.00898494872564387	0.0280765992324151	-0.0101067017811273
153	2	153	0.172979718792941	0.190647087508448	0.155312350077435	0.00898494872564387	0.0280765992324151	-0.0101067017811273
154	1	154	0.172979718792941	0.190647087508448	0.155312350077435	0.0471682497391864	0.0662599002459576	0.0280765992324152
154	2	154	0.172979718792941	0.190647087508448	0.155312350077435	0.0471682497391864	0.0662599002459576	0.0280765992324152
155	1	155	0.172979718792941	0.190647087508448	0.155312350077435	0.0853515507527288	0.1044432012595	0.0662599002459577
155	2	155	0.172979718792941	0.190647087508448	0.155312350077435	0.0853515507527288	0.1044432012595	0.0662599002459577
156	1	156	0.172979718792941	0.190647087508448	0.155312350077435	0.123534851766271	0.142626502273043	0.1044432012595
156	2	156	0.172979718792941	0.190647087508448	0.155312350077435	0.123534851766271	0.142626502273043	0.1044432012595
157	1	157	0.172979718792941	0.190647087508448	0.155312350077435	0.161718152779814	0.180809803286585	0.142626502273043
157	2	157	0.172979718792941	0.190647087508448	0.155312350077435	0.161718152779814	0.180809803286585	0.142626502273043
158	1	158	0.172979718792941	0.190647087508448	0.155312350077435	0.199901453793356	0.218993104300128	0.180809803286585
158	2	158	0.172979718792941	0.190647087508448	0.155312350077435	0.199901453793356	0.218993104300128	0.180809803286585
159	1	159	0.172979718792941	0.190647087508448	0.155312350077435	0.238084754806899	0.25717640531367	0.218993104300128
159	2	159	0.172979718792941	0.190647087508448	0.155312350077435	0.238084754806899	0.25717640531367	0.218993104300128
160	1	160	0.172979718792941	0.190647087508448	0.155312350077435	0.276268055820441	0.295359706327213	0.25717640531367
160	2	160	0.172979718792941	0.190647087508448	0.155312350077435	0.276268055820441	0.295359706327213	0.25717640531367
161	1	161	0.172979718792941	0.190647087508448	0.155312350077435	0.314451356833984	0.333543007340755	0.295359706327213
161	2	161	0.172979718792941	0.190647087508448	0.155312350077435	0.314451356833984	0.333543007340755	0.295359706327213
162	1	162	0.172979718792941	0.190647087508448	0.155312350077435	0.352634657847526	0.371726308354297	0.333543007340755
162	2	162	0.172979718792941	0.190647087508448	0.155312350077435	0.352634657847526	0.371726308354297	0.333543007340755
163	1	163	0.172979718792941	0.190647087508448	0.155312350077435	0.390817958861069	0.40990960936784	0.371726308354298
163	2	163	0.172979718792941	0.190647087508448	0.155312350077435	0.390817958861069	0.40990960936784	0.371726308354298
164	1	164	0.172979718792941	0.190647087508448	0.155312350077435	0.429001259874611	0.448092910381383	0.40990960936784
164	2	164	0.172979718792941	0.190647087508448	0.155312350077435	0.429001259874611	0.448092910381383	0.40990960936784
165	1	165	0.172979718792941	0.190647087508448	0.155312350077435	0.467184560888154	0.486276211394925	0.448092910381383
165	2	165	0.172979718792941	0.190647087508448	0.155312350077435	0.467184560888154	0.486276211394925	0.448092910381383
166	1	166	0.172979718792941	0.190647087508448	0.155312350077435	0.505367861901696	0.524459512408467	0.486276211394925
166	2	166	0.172979718792941	0.190647087508448	0.155312350077435	0.505367861901696	0.524459512408467	0.486276211394925
167	1	167	0.172979718792941	0.190647087508448	0.155312350077435	0.543551162915239	0.56264281342201	0.524459512408468
167	2	167	0.172979718792941	0.190647087508448	0.155312350077435	0.543551162915239	0.56264281342201	0.524459512408468
168	1	168	0.172979718792941	0.190647087508448	0.155312350077435	0.581734463928781	0.600826114435552	0.56264281342201
168	2	168	0.172979718792941	0.190647087508448	0.155312350077435	0.581734463928781	0.600826114435552	0.56264281342201
169	1	169	0.172979718792941	0.190647087508448	0.155312350077435	0.619917764942324	0.639009415449095	0.600826114435553
169	2	169	0.172979718792941	0.190647087508448	0.155312350077435	0.619917764942324	0.639009415449095	0.600826114435553
170	1	170	0.172979718792941	0.190647087508448	0.155312350077435	0.658101065955866	0.677192716462638	0.639009415449095
170	2	170	0.172979718792941	0.190647087508448	0.155312350077435	0.658101065955866	0.677192716462638	0.639009415449095
171	1	171	0.172979718792941	0.190647087508448	0.155312350077435	0.696284366969409	0.71537601747618	0.677192716462638
171	2	171	0.172979718792941	0.190647087508448	0.155312350077435	0.696284366969409	0.71537601747618	0.677192716462638
172	1	172	0.172979718792941	0.190647087508448	0.155312350077435	0.734467667982951	0.753559318489722	0.71537601747618
172	2	172	0.172979718792941	0.190647087508448	0.155312350077435	0.734467667982951	0.753559318489722	0.71537601747618
173	1	173	0.172979718792941	0.190647087508448	0.155312350077435	0.772650968996494	0.791742619503265	0.753559318489723
173	2	173	0.172979718792941	0.190647087508448	0.155312350077435	0.772650968996494	0.791742619503265	0.753559318489723
174	1	174	0.172979718792941	0.190647087508448	0.155312350077435	0.810834270010036	0.829925920516807	0.791742619503265
174	2	174	0.172979718792941	0.190647087508448	0.155312350077435	0.810834270010036	0.829925920516807	0.791742619503265
175	1	175	0.172979718792941	0.190647087508448	0.155312350077435	0.849017571023579	0.86810922153035	0.829925920516807
175	2	175	0.172979718792941	0.190647087508448	0.155312350077435	0.849017571023579	0.86810922153035	0.829925920516807
176	1	176	0.172979718792941	0.190647087508448	0.155312350077435	0.887200872037121	0.906292522543892	0.86810922153035
176	2	176	0.172979718792941	0.190647087508448	0.155312350077435	0.887200872037121	0.906292522543892	0.86810922153035
177	1	177	0.172979718792941	0.190647087508448	0.155312350077435	0.925384173050664	0.944475823557435	0.906292522543892
177	2	177	0.172979718792941	0.190647087508448	0.155312350077435	0.925384173050664	0.944475823557435	0.906292522543892
178	1	178	0.172979718792941	0.190647087508448	0.155312350077435	0.963567474064206	0.982659124570977	0.944475823557435
178	2	178	0.172979718792941	0.190647087508448	0.155312350077435	0.963567474064206	0.982659124570977	0.944475823557435
179	1	179	0.172979718792941	0.190647087508448	0.155312350077435	1.00175077507775	1.02084242558452	0.982659124570977
179	2	179	0.172979718792941	0.190647087508448	0.155312350077435	1.00175077507775	1.02084242558452	0.982659124570977
180	1	180	0.172979718792941	0.190647087508448	0.155312350077435	1.03993407609129	1.05902572659806	1.02084242558452
180	2	180	0.172979718792941	0.190647087508448	0.155312350077435	1.03993407609129	1.05902572659806	1.02084242558452
181	1	181	0.208314456223955	0.225981824939461	0.190647087508448	-0.0673816533014411	-0.0482900027946699	-0.0864733038082123
181	2	181	0.208314456223955	0.225981824939461	0.190647087508448	-0.0673816533014411	-0.0482900027946699	-0.0864733038082123
182	1	182	0.208314456223955	0.225981824939461	0.190647087508448	-0.0291983522878986	-0.0101067017811274	-0.0482900027946698
182	2	182	0.208314456223955	0.225981824939461	0.190647087508448	-0.0291983522878986	-0.0101067017811274	-0.0482900027946698
183	1	183	0.208314456223955	0.225981824939461	0.190647087508448	0.00898494872564387	0.0280765992324151	-0.0101067017811273
183	2	183	0.208314456223955	0.225981824939461	0.190647087508448	0.00898494872564387	0.0280765992324151	-0.0101067017811273
184	1	184	0.208314456223955	0.225981824939461	0.190647087508448	0.0471682497391864	0.0662599002459576	0.0280765992324152
184	2	184	0.208314456223955	0.225981824939461	0.190647087508448	0.0471682497391864	0.0662599002459576	0.0280765992324152
185	1	185	0.208314456223955	0.225981824939461	0.190647087508448	0.0853515507527288	0.1044432012595	0.0662599002459577
185	2	185	0.208314456223955	0.225981824939461	0.190647087508448	0.0853515507527288	0.1044432012595	0.0662599002459577
186	1	186	0.208314456223955	0.225981824939461	0.190647087508448	0.123534851766271	0.142626502273043	0.1044432012595
186	2	186	0.208314456223955	0.225981824939461	0.190647087508448	0.123534851766271	0.142626502273043	0.1044432012595
187	1	187	0.208314456223955	0.225981824939461	0.190647087508448	0.161718152779814	0.180809803286585	0.142626502273043
187	2	187	0.208314456223955	0.225981824939461	0.190647087508448	0.161718152779814	0.180809803286585	0.142626502273043
188	1	188	0.208314456223955	0.225981824939461	0.190647087508448	0.199901453793356	0.218993104300128	0.180809803286585
188	2	188	0.208314456223955	0.225981824939461	0.190647087508448	0.199901453793356	0.218993104300128	0.180809803286585
189	1	189	0.208314456223955	0.225981824939461	0.190647087508448	0.238084754806899	0.25717640531367	0.218993104300128
189	2	189	0.208314456223955	0.225981824939461	0.190647087508448	0.238084754806899	0.25717640531367	0.218993104300128
190	1	190	0.208314456223955	0.225981824939461	0.190647087508448	0.276268055820441	0.295359706327213	0.25717640531367
190	2	190	0.208314456223955	0.225981824939461	0.190647087508448	0.276268055820441	0.295359706327213	0.25717640531367
191	1	191	0.208314456223955	0.225981824939461	0.190647087508448	0.314451356833984	0.333543007340755	0.295359706327213
191	2	191	0.208314456223955	0.225981824939461	0.190647087508448	0.314451356833984	0.333543007340755	0.295359706327213
192	1	192	0.208314456223955	0.225981824939461	0.190647087508448	0.352634657847526	0.371726308354297	0.333543007340755
192	2	192	0.208314456223955	0.225981824939461	0.190647087508448	0.352634657847526	0.371726308354297	0.333543007340755
193	1	193	0.208314456223955	0.225981824939461	0.190647087508448	0.390817958861069	0.40990960936784	0.371726308354298
193	2	193	0.208314456223955	0.225981824939461	0.190647087508448	0.390817958861069	0.40990960936784	0.371726308354298
194	1	194	0.208314456223955	0.225981824939461	0.190647087508448	0.429001259874611	0.448092910381383	0.40990960936784
194	2	194	0.208314456223955	0.225981824939461	0.190647087508448	0.429001259874611	0.448092910381383	0.40990960936784
195	1	195	0.208314456223955	0.225981824939461	0.190647087508448	0.467184560888154	0.486276211394925	0.448092910381383
195	2	195	0.208314456223955	0.225981824939461	0.190647087508448	0.467184560888154	0.486276211394925	0.448092910381383
196	1	196	0.208314456223955	0.225981824939461	0.190647087508448	0.505367861901696	0.524459512408467	0.486276211394925
196	2	196	0.208314456223955	0.225981824939461	0.190647087508448	0.505367861901696	0.524459512408467	0.486276211394925
197	1	197	0.208314456223955	0.225981824939461	0.190647087508448	0.543551162915239	0.56264281342201	0.524459512408468
197	2	197	0.208314456223955	0.225981824939461	0.190647087508448	0.543551162915239	0.56264281342201	0.524459512408468
198	1	198	0.208314456223955	0.225981824939461	0.190647087508448	0.581734463928781	0.600826114435552	0.56264281342201
198	2	198	0.208314456223955	0.225981824939461	0.190647087508448	0.581734463928781	0.600826114435552	0.56264281342201
199	1	199	0.208314456223955	0.225981824939461	0.190647087508448	0.619917764942324	0.639009415449095	0.600826114435553
199	2	199	0.208314456223955	0.225981824939461	0.190647087508448	0.619917764942324	0.639009415449095	0.600826114435553
200	1	200	0.208314456223955	0.225981824939461	0.190647087508448	0.658101065955866	0.677192716462638	0.639009415449095
200	2	200	0.208314456223955	0.225981824939461	0.190647087508448	0.658101065955866	0.677192716462638	0.639009415449095
201	1	201	0.208314456223955	0.225981824939461	0.190647087508448	0.696284366969409	0.71537601747618	0.677192716462638
201	2	201	0.208314456223955	0.225981824939461	0.190647087508448	0.696284366969409	0.71537601747618	0.677192716462638
202	1	202	0.208314456223955	0.225981824939461	0.190647087508448	0.734467667982951	0.753559318489722	0.71537601747618
202	2	202	0.208314456223955	0.225981824939461	0.190647087508448	0.734467667982951	0.753559318489722	0.71537601747618
203	1	203	0.208314456223955	0.225981824939461	0.190647087508448	0.772650968996494	0.791742619503265	0.753559318489723
203	2	203	0.208314456223955	0.225981824939461	0.190647087508448	0.772650968996494	0.791742619503265	0.753559318489723
204	1	204	0.208314456223955	0.225981824939461	0.190647087508448	0.810834270010036	0.829925920516807	0.791742619503265
204	2	204	0.208314456223955	0.225981824939461	0.190647087508448	0.810834270010036	0.829925920516807	0.791742619503265
205	1	205	0.208314456223955	0.225981824939461	0.190647087508448	0.849017571023579	0.86810922153035	0.829925920516807
205	2	205	0.208314456223955	0.225981824939461	0.190647087508448	0.849017571023579	0.86810922153035	0.829925920516807
206	1	206	0.208314456223955	0.225981824939461	0.190647087508448	0.887200872037121	0.906292522543892	0.86810922153035
206	2	206	0.208314456223955	0.225981824939461	0.190647087508448	0.887200872037121	0.906292522543892	0.86810922153035
207	1	207	0.208314456223955	0.225981824939461	0.190647087508448	0.925384173050664	0.944475823557435	0.906292522543892
207	2	207	0.208314456223955	0.225981824939461	0.190647087508448	0.925384173050664	0.944475823557435	0.906292522543892
208	1	208	0.208314456223955	0.225981824939461	0.190647087508448	0.963567474064206	0.982659124570977	0.944475823557435
208	2	208	0.208314456223955	0.225981824939461	0.190647087508448	0.963567474064206	0.982659124570977	0.944475823557435
209	1	209	0.208314456223955	0.225981824939461	0.190647087508448	1.00175077507775	1.02084242558452	0.982659124570977
209	2	209	0.208314456223955	0.225981824939461	0.190647087508448	1.00175077507775	1.02084242558452	0.982659124570977
210	1	210	0.208314456223955	0.225981824939461	0.190647087508448	1.03993407609129	1.05902572659806	1.02084242558452
210	2	210	0.208314456223955	0.225981824939461	0.190647087508448	1.03993407609129	1.05902572659806	1.02084242558452
211	1	211	0.243649193654968	0.261316562370474	0.225981824939461	-0.0673816533014411	-0.0482900027946699	-0.0864733038082123
211	2	211	0.243649193654968	0.261316562370474	0.225981824939461	-0.0673816533014411	-0.0482900027946699	-0.0864733038082123
212	1	212	0.243649193654968	0.261316562370474	0.225981824939461	-0.0291983522878986	-0.0101067017811274	-0.0482900027946698
212	2	212	0.243649193654968	0.261316562370474	0.225981824939461	-0.0291983522878986	-0.0101067017811274	-0.0482900027946698
213	1	213	0.243649193654968	0.261316562370474	0.225981824939461	0.00898494872564387	0.0280765992324151	-0.0101067017811273
213	2	213	0.243649193654968	0.261316562370474	0.225981824939461	0.00898494872564387	0.0280765992324151	-0.0101067017811273
214	1	214	0.243649193654968	0.261316562370474	0.225981824939461	0.0471682497391864	0.0662599002459576	0.0280765992324152
214	2	214	0.243649193654968	0.261316562370474	0.225981824939461	0.0471682497391864	0.0662599002459576	0.0280765992324152
215	1	215	0.243649193654968	0.261316562370474	0.225981824939461	0.0853515507527288	0.1044432012595	0.0662599002459577
215	2	215	0.243649193654968	0.261316562370474	0.225981824939461	0.0853515507527288	0.1044432012595	0.0662599002459577
216	1	216	0.243649193654968	0.261316562370474	0.225981824939461	0.123534851766271	0.142626502273043	0.1044432012595
216	2	216	0.243649193654968	0.261316562370474	0.225981824939461	0.123534851766271	0.142626502273043	0.1044432012595
217	1	217	0.243649193654968	0.261316562370474	0.225981824939461	0.161718152779814	0.180809803286585	0.142626502273043
217	2	217	0.243649193654968	0.261316562370474	0.225981824939461	0.161718152779814	0.180809803286585	0.142626502273043
218	1	218	0.243649193654968	0.261316562370474	0.225981824939461	0.199901453793356	0.218993104300128	0.180809803286585
218	2	218	0.243649193654968	0.261316562370474	0.225981824939461	0.199901453793356	0.218993104300128	0.180809803286585
219	1	219	0.243649193654968	0.261316562370474	0.225981824939461	0.238084754806899	0.25717640531367	0.218993104300128
219	2	219	0.243649193654968	0.261316562370474	0.225981824939461	0.238084754806899	0.25717640531367	0.218993104300128
220	1	220	0.243649193654968	0.261316562370474	0.225981824939461	0.276268055820441	0.295359706327213	0.25717640531367
220	2	220	0.243649193654968	0.261316562370474	0.225981824939461	0.276268055820441	0.295359706327213	0.25717640531367
221	1	221	0.243649193654968	0.261316562370474	0.225981824939461	0.314451356833984	0.333543007340755	0.295359706327213
221	2	221	0.243649193654968	0.261316562370474	0.225981824939461	0.314451356833984	0.333543007340755	0.295359706327213
222	1	222	0.243649193654968	0.261316562370474	0.225981824939461	0.352634657847526	0.371726308354297	0.333543007340755
222	2	222	0.243649193654968	0.261316562370474	0.225981824939461	0.352634657847526	0.371726308354297	0.333543007340755
223	1	223	0.243649193654968	0.261316562370474	0.225981824939461	0.390817958861069	0.40990960936784	0.371726308354298
223	2	223	0.243649193654968	0.261316562370474	0.225981824939461	0.390817958861069	0.40990960936784	0.371726308354298
224	1	224	0.243649193654968	0.261316562370474	0.225981824939461	0.429001259874611	0.448092910381383	0.40990960936784
224	2	224	0.243649193654968	0.261316562370474	0.225981824939461	0.429001259874611	0.448092910381383	0.40990960936784
225	1	225	0.243649193654968	0.261316562370474	0.225981824939461	0.467184560888154	0.486276211394925	0.448092910381383
225	2	225	0.243649193654968	0.261316562370474	0.225981824939461	0.467184560888154	0.486276211394925	0.448092910381383
226	1	226	0.243649193654968	0.261316562370474	0.225981824939461	0.505367861901696	0.524459512408467	0.486276211394925
226	2	226	0.243649193654968	0.261316562370474	0.225981824939461	0.505367861901696	0.524459512408467	0.486276211394925
227	1	227	0.243649193654968	0.261316562370474	0.225981824939461	0.543551162915239	0.56264281342201	0.524459512408468
227	2	227	0.243649193654968	0.261316562370474	0.225981824939461	0.543551162915239	0.56264281342201	0.524459512408468
228	1	228	0.243649193654968	0.261316562370474	0.225981824939461	0.581734463928781	0.600826114435552	0.56264281342201
228	2	228	0.243649193654968	0.261316562370474	0.225981824939461	0.581734463928781	0.600826114435552	0.56264281342201
229	1	229	0.243649193654968	0.261316562370474	0.225981824939461	0.619917764942324	0.639009415449095	0.600826114435553
229	2	229	0.243649193654968	0.261316562370474	0.225981824939461	0.619917764942324	0.639009415449095	0.600826114435553
230	1	230	0.243649193654968	0.261316562370474	0.225981824939461	0.658101065955866	0.677192716462638	0.639009415449095
230	2	230	0.243649193654968	0.261316562370474	0.225981824939461	0.658101065955866	0.677192716462638	0.639009415449095
231	1	231	0.243649193654968	0.261316562370474	0.225981824939461	0.696284366969409	0.71537601747618	0.677192716462638
231	2	231	0.243649193654968	0.261316562370474	0.225981824939461	0.696284366969409	0.71537601747618	0.677192716462638
232	1	232	0.243649193654968	0.261316562370474	0.225981824939461	0.734467667982951	0.753559318489722	0.71537601747618
232	2	232	0.243649193654968	0.261316562370474	0.225981824939461	0.734467667982951	0.753559318489722	0.71537601747618
233	1	233	0.243649193654968	0.261316562370474	0.225981824939461	0.772650968996494	0.791742619503265	0.753559318489723
233	2	233	0.243649193654968	0.261316562370474	0.225981824939461	0.772650968996494	0.791742619503265	0.753559318489723
234	1	234	0.243649193654968	0.261316562370474	0.225981824939461	0.810834270010036	0.829925920516807	0.791742619503265
234	2	234	0.243649193654968	0.261316562370474	0.225981824939461	0.810834270010036	0.829925920516807	0.791742619503265
235	1	235	0.243649193654968	0.261316562370474	0.225981824939461	0.849017571023579	0.86810922153035	0.829925920516807
235	2	235	0.243649193654968	0.261316562370474	0.225981824939461	0.849017571023579	0.86810922153035	0.829925920516807
236	1	236	0.243649193654968	0.261316562370474	0.225981824939461	0.887200872037121	0.906292522543892	0.86810922153035
236	2	236	0.243649193654968	0.261316562370474	0.225981824939461	0.887200872037121	0.906292522543892	0.86810922153035
237	1	237	0.243649193654968	0.261316562370474	0.225981824939461	0.925384173050664	0.944475823557435	0.906292522543892
237	2	237	0.243649193654968	0.261316562370474	0.225981824939461	0.925384173050664	0.944475823557435	0.906292522543892
238	1	238	0.243649193654968	0.261316562370474	0.225981824939461	0.963567474064206	0.982659124570977	0.944475823557435
238	2	238	0.243649193654968	0.261316562370474	0.225981824939461	0.963567474064206	0.982659124570977	0.944475823557435
239	1	239	0.243649193654968	0.261316562370474	0.225981824939461	1.00175077507775	1.02084242558452	0.982659124570977
239	2	239	0.243649193654968	0.261316562370474	0.225981824939461	1.00175077507775	1.02084242558452	0.982659124570977
240	1	240	0.243649193654968	0.261316562370474	0.225981824939461	1.03993407609129	1.05902572659806	1.02084242558452
240	2	240	0.243649193654968	0.261316562370474	0.225981824939461	1.03993407609129	1.05902572659806	1.02084242558452
241	1	241	0.278983931085981	0.296651299801488	0.261316562370474	-0.0673816533014411	-0.0482900027946699	-0.0864733038082123
241	2	241	0.278983931085981	0.296651299801488	0.261316562370474	-0.0673816533014411	-0.0482900027946699	-0.0864733038082123
242	1	242	0.278983931085981	0.296651299801488	0.261316562370474	-0.0291983522878986	-0.0101067017811274	-0.0482900027946698
242	2	242	0.278983931085981	0.296651299801488	0.261316562370474	-0.0291983522878986	-0.0101067017811274	-0.0482900027946698
243	1	243	0.278983931085981	0.296651299801488	0.261316562370474	0.00898494872564387	0.0280765992324151	-0.0101067017811273
243	2	243	0.278983931085981	0.296651299801488	0.261316562370474	0.00898494872564387	0.0280765992324151	-0.0101067017811273
244	1	244	0.278983931085981	0.296651299801488	0.261316562370474	0.0471682497391864	0.0662599002459576	0.0280765992324152
244	2	244	0.278983931085981	0.296651299801488	0.261316562370474	0.0471682497391864	0.0662599002459576	0.0280765992324152
245	1	245	0.278983931085981	0.296651299801488	0.261316562370474	0.0853515507527288	0.1044432012595	0.0662599002459577
245	2	245	0.278983931085981	0.296651299801488	0.261316562370474	0.0853515507527288	0.1044432012595	0.0662599002459577
246	1	246	0.278983931085981	0.296651299801488	0.261316562370474	0.123534851766271	0.142626502273043	0.1044432012595
246	2	246	0.278983931085981	0.296651299801488	0.261316562370474	0.123534851766271	0.142626502273043	0.1044432012595
247	1	247	0.278983931085981	0.296651299801488	0.261316562370474	0.161718152779814	0.180809803286585	0.142626502273043
247	2	247	0.278983931085981	0.296651299801488	0.261316562370474	0.161718152779814	0.180809803286585	0.142626502273043
248	1	248	0.278983931085981	0.296651299801488	0.261316562370474	0.199901453793356	0.218993104300128	0.180809803286585
248	2	248	0.278983931085981	0.296651299801488	0.261316562370474	0.199901453793356	0.218993104300128	0.180809803286585
249	1	249	0.278983931085981	0.296651299801488	0.261316562370474	0.238084754806899	0.25717640531367	0.218993104300128
249	2	249	0.278983931085981	0.296651299801488	0.261316562370474	0.238084754806899	0.25717640531367	0.218993104300128
250	1	250	0.278983931085981	0.296651299801488	0.261316562370474	0.276268055820441	0.295359706327213	0.25717640531367
250	2	250	0.278983931085981	0.296651299801488	0.261316562370474	0.276268055820441	0.295359706327213	0.25717640531367
251	1	251	0.278983931085981	0.296651299801488	0.261316562370474	0.314451356833984	0.333543007340755	0.295359706327213
251	2	251	0.278983931085981	0.296651299801488	0.261316562370474	0.314451356833984	0.333543007340755	0.295359706327213
252	1	252	0.278983931085981	0.296651299801488	0.261316562370474	0.352634657847526	0.371726308354297	0.333543007340755
252	2	252	0.278983931085981	0.296651299801488	0.261316562370474	0.352634657847526	0.371726308354297	0.333543007340755
253	1	253	0.278983931085981	0.296651299801488	0.261316562370474	0.390817958861069	0.40990960936784	0.371726308354298
253	2	253	0.278983931085981	0.296651299801488	0.261316562370474	0.390817958861069	0.40990960936784	0.371726308354298
254	1	254	0.278983931085981	0.296651299801488	0.261316562370474	0.429001259874611	0.448092910381383	0.40990960936784
254	2	254	0.278983931085981	0.296651299801488	0.261316562370474	0.429001259874611	0.448092910381383	0.40990960936784
255	1	255	0.278983931085981	0.296651299801488	0.261316562370474	0.467184560888154	0.486276211394925	0.448092910381383
255	2	255	0.278983931085981	0.296651299801488	0.261316562370474	0.467184560888154	0.486276211394925	0.448092910381383
256	1	256	0.278983931085981	0.296651299801488	0.261316562370474	0.505367861901696	0.524459512408467	0.486276211394925
256	2	256	0.278983931085981	0.296651299801488	0.261316562370474	0.505367861901696	0.524459512408467	0.486276211394925
257	1	257	0.278983931085981	0.296651299801488	0.261316562370474	0.543551162915239	0.56264281342201	0.524459512408468
257	2	257	0.278983931085981	0.296651299801488	0.261316562370474	0.543551162915239	0.56264281342201	0.524459512408468
258	1	258	0.278983931085981	0.296651299801488	0.261316562370474	0.581734463928781	0.600826114435552	0.56264281342201
258	2	258	0.278983931085981	0.296651299801488	0.261316562370474	0.581734463928781	0.600826114435552	0.56264281342201
259	1	259	0.278983931085981	0.296651299801488	0.261316562370474	0.619917764942324	0.639009415449095	0.600826114435553
259	2	259	0.278983931085981	0.296651299801488	0.261316562370474	0.619917764942324	0.639009415449095	0.600826114435553
260	1	260	0.278983931085981	0.296651299801488	0.261316562370474	0.658101065955866	0.677192716462638	0.639009415449095
260	2	260	0.278983931085981	0.296651299801488	0.261316562370474	0.658101065955866	0.677192716462638	0.639009415449095
261	1	261	0.278983931085981	0.296651299801488	0.261316562370474	0.696284366969409	0.71537601747618	0.677192716462638
261	2	261	0.278983931085981	0.296651299801488	0.261316562370474	0.696284366969409	0.71537601747618	0.677192716462638
262	1	262	0.278983931085981	0.296651299801488	0.261316562370474	0.734467667982951	0.753559318489722	0.71537601747618
262	2	262	0.278983931085981	0.296651299801488	0.261316562370474	0.734467667982951	0.753559318489722	0.71537601747618
263	1	263	0.278983931085981	0.296651299801488	0.261316562370474	0.772650968996494	0.791742619503265	0.753559318489723
263	2	263	0.278983931085981	0.296651299801488	0.261316562370474	0.772650968996494	0.791742619503265	0.753559318489723
264	1	264	0.278983931085981	0.296651299801488	0.261316562370474	0.810834270010036	0.829925920516807	0.791742619503265
264	2	264	0.278983931085981	0.296651299801488	0.261316562370474	0.810834270010036	0.829925920516807	0.791742619503265
265	1	265	0.278983931085981	0.296651299801488	0.261316562370474	0.849017571023579	0.86810922153035	0.829925920516807
265	2	265	0.278983931085981	0.296651299801488	0.261316562370474	0.849017571023579	0.86810922153035	0.829925920516807
266	1	266	0.278983931085981	0.296651299801488	0.261316562370474	0.887200872037121	0.906292522543892	0.86810922153035
266	2	266	0.278983931085981	0.296651299801488	0.261316562370474	0.887200872037121	0.906292522543892	0.86810922153035
267	1	267	0.278983931085981	0.296651299801488	0.261316562370474	0.925384173050664	0.944475823557435	0.906292522543892
267	2	267	0.278983931085981	0.296651299801488	0.261316562370474	0.925384173050664	0.944475823557435	0.906292522543892
268	1	268	0.278983931085981	0.296651299801488	0.261316562370474	0.963567474064206	0.982659124570977	0.944475823557435
268	2	268	0.278983931085981	0.296651299801488	0.261316562370474	0.963567474064206	0.982659124570977	0.944475823557435
269	1	269	0.278983931085981	0.296651299801488	0.261316562370474	1.00175077507775	1.02084242558452	0.982659124570977
269	2	269	0.278983931085981	0.296651299801488	0.261316562370474	1.00175077507775	1.02084242558452	0.982659124570977
270	1	270	0.278983931085981	0.296651299801488	0.261316562370474	1.03993407609129	1.05902572659806	1.02084242558452
270	2	270	0.278983931085981	0.296651299801488	0.261316562370474	1.03993407609129	1.05902572659806	1.02084242558452
271	1	271	0.314318668516994	0.331986037232501	0.296651299801488	-0.0673816533014411	-0.0482900027946699	-0.0864733038082123
271	2	271	0.314318668516994	0.331986037232501	0.296651299801488	-0.0673816533014411	-0.0482900027946699	-0.0864733038082123
272	1	272	0.314318668516994	0.331986037232501	0.296651299801488	-0.0291983522878986	-0.0101067017811274	-0.0482900027946698
272	2	272	0.314318668516994	0.331986037232501	0.296651299801488	-0.0291983522878986	-0.0101067017811274	-0.0482900027946698
273	1	273	0.314318668516994	0.331986037232501	0.296651299801488	0.00898494872564387	0.0280765992324151	-0.0101067017811273
273	2	273	0.314318668516994	0.331986037232501	0.296651299801488	0.00898494872564387	0.0280765992324151	-0.0101067017811273
274	1	274	0.314318668516994	0.331986037232501	0.296651299801488	0.0471682497391864	0.0662599002459576	0.0280765992324152
274	2	274	0.314318668516994	0.331986037232501	0.296651299801488	0.0471682497391864	0.0662599002459576	0.0280765992324152
275	1	275	0.314318668516994	0.331986037232501	0.296651299801488	0.0853515507527288	0.1044432012595	0.0662599002459577
275	2	275	0.314318668516994	0.331986037232501	0.296651299801488	0.0853515507527288	0.1044432012595	0.0662599002459577
276	1	276	0.314318668516994	0.331986037232501	0.296651299801488	0.123534851766271	0.142626502273043	0.1044432012595
276	2	276	0.314318668516994	0.331986037232501	0.296651299801488	0.123534851766271	0.142626502273043	0.1044432012595
277	1	277	0.314318668516994	0.331986037232501	0.296651299801488	0.161718152779814	0.180809803286585	0.142626502273043
277	2	277	0.314318668516994	0.331986037232501	0.296651299801488	0.161718152779814	0.180809803286585	0.142626502273043
278	1	278	0.314318668516994	0.331986037232501	0.296651299801488	0.199901453793356	0.218993104300128	0.180809803286585
278	2	278	0.314318668516994	0.331986037232501	0.296651299801488	0.199901453793356	0.218993104300128	0.180809803286585
279	1	279	0.314318668516994	0.331986037232501	0.296651299801488	0.238084754806899	0.25717640531367	0.218993104300128
279	2	279	0.314318668516994	0.331986037232501	0.296651299801488	0.238084754806899	0.25717640531367	0.218993104300128
280	1	280	0.314318668516994	0.331986037232501	0.296651299801488	0.276268055820441	0.295359706327213	0.25717640531367
280	2	280	0.314318668516994	0.331986037232501	0.296651299801488	0.276268055820441	0.295359706327213	0.25717640531367
281	1	281	0.314318668516994	0.331986037232501	0.296651299801488	0.314451356833984	0.333543007340755	0.295359706327213
281	2	281	0.314318668516994	0.331986037232501	0.296651299801488	0.314451356833984	0.333543007340755	0.295359706327213
282	1	282	0.314318668516994	0.331986037232501	0.296651299801488	0.352634657847526	0.371726308354297	0.333543007340755
282	2	282	0.314318668516994	0.331986037232501	0.296651299801488	0.352634657847526	0.371726308354297	0.333543007340755
283	1	283	0.314318668516994	0.331986037232501	0.296651299801488	0.390817958861069	0.40990960936784	0.371726308354298
283	2	283	0.314318668516994	0.331986037232501	0.296651299801488	0.390817958861069	0.40990960936784	0.371726308354298
284	1	284	0.314318668516994	0.331986037232501	0.296651299801488	0.429001259874611	0.448092910381383	0.40990960936784
284	2	284	0.314318668516994	0.331986037232501	0.296651299801488	0.429001259874611	0.448092910381383	0.40990960936784
285	1	285	0.314318668516994	0.331986037232501	0.296651299801488	0.467184560888154	0.486276211394925	0.448092910381383
285	2	285	0.314318668516994	0.331986037232501	0.296651299801488	0.467184560888154	0.486276211394925	0.448092910381383
286	1	286	0.314318668516994	0.331986037232501	0.296651299801488	0.505367861901696	0.524459512408467	0.486276211394925
286	2	286	0.314318668516994	0.331986037232501	0.296651299801488	0.505367861901696	0.524459512408467	0.486276211394925
287	1	287	0.314318668516994	0.331986037232501	0.296651299801488	0.543551162915239	0.56264281342201	0.524459512408468
287	2	287	0.314318668516994	0.331986037232501	0.296651299801488	0.543551162915239	0.56264281342201	0.524459512408468
288	1	288	0.314318668516994	0.331986037232501	0.296651299801488	0.581734463928781	0.600826114435552	0.56264281342201
288	2	288	0.314318668516994	0.331986037232501	0.296651299801488	0.581734463928781	0.600826114435552	0.56264281342201
289	1	289	0.314318668516994	0.331986037232501	0.296651299801488	0.619917764942324	0.639009415449095	0.600826114435553
289	2	289	0.314318668516994	0.331986037232501	0.296651299801488	0.619917764942324	0.639009415449095	0.600826114435553
290	1	290	0.314318668516994	0.331986037232501	0.296651299801488	0.658101065955866	0.677192716462638	0.639009415449095
290	2	290	0.314318668516994	0.331986037232501	0.296651299801488	0.658101065955866	0.677192716462638	0.639009415449095
291	1	291	0.314318668516994	0.331986037232501	0.296651299801488	0.696284366969409	0.71537601747618	0.677192716462638
291	2	291	0.314318668516994	0.331986037232501	0.296651299801488	0.696284366969409	0.71537601747618	0.677192716462638
292	1	292	0.314318668516994	0.331986037232501	0.296651299801488	0.734467667982951	0.753559318489722	0.71537601747618
292	2	292	0.314318668516994	0.331986037232501	0.296651299801488	0.734467667982951	0.753559318489722	0.71537601747618
293	1	293	0.314318668516994	0.331986037232501	0.296651299801488	0.772650968996494	0.791742619503265	0.753559318489723
293	2	293	0.314318668516994	0.331986037232501	0.296651299801488	0.772650968996494	0.791742619503265	0.753559318489723
294	1	294	0.314318668516994	0.331986037232501	0.296651299801488	0.810834270010036	0.829925920516807	0.791742619503265
294	2	294	0.314318668516994	0.331986037232501	0.296651299801488	0.810834270010036	0.829925920516807	0.791742619503265
295	1	295	0.314318668516994	0.331986037232501	0.296651299801488	0.849017571023579	0.86810922153035	0.829925920516807
295	2	295	0.314318668516994	0.331986037232501	0.296651299801488	0.849017571023579	0.86810922153035	0.829925920516807
296	1	296	0.314318668516994	0.331986037232501	0.296651299801488	0.887200872037121	0.906292522543892	0.86810922153035
296	2	296	0.314318668516994	0.331986037232501	0.296651299801488	0.887200872037121	0.906292522543892	0.86810922153035
297	1	297	0.314318668516994	0.331986037232501	0.296651299801488	0.925384173050664	0.944475823557435	0.906292522543892
297	2	297	0.314318668516994	0.331986037232501	0.296651299801488	0.925384173050664	0.944475823557435	0.906292522543892
298	1	298	0.314318668516994	0.331986037232501	0.296651299801488	0.963567474064206	0.982659124570977	0.944475823557435
298	2	298	0.314318668516994	0.331986037232501	0.296651299801488	0.963567474064206	0.982659124570977	0.944475823557435
299	1	299	0.314318668516994	0.331986037232501	0.296651299801488	1.00175077507775	1.02084242558452	0.982659124570977
299	2	299	0.314318668516994	0.331986037232501	0.296651299801488	1.00175077507775	1.02084242558452	0.982659124570977
300	1	300	0.314318668516994	0.331986037232501	0.296651299801488	1.03993407609129	1.05902572659806	1.02084242558452
300	2	300	0.314318668516994	0.331986037232501	0.296651299801488	1.03993407609129	1.05902572659806	1.02084242558452
301	1	301	0.349653405948007	0.367320774663514	0.331986037232501	-0.0673816533014411	-0.0482900027946699	-0.0864733038082123
301	2	301	0.349653405948007	0.367320774663514	0.331986037232501	-0.0673816533014411	-0.0482900027946699	-0.0864733038082123
302	1	302	0.349653405948007	0.367320774663514	0.331986037232501	-0.0291983522878986	-0.0101067017811274	-0.0482900027946698
302	2	302	0.349653405948007	0.367320774663514	0.331986037232501	-0.0291983522878986	-0.0101067017811274	-0.0482900027946698
303	1	303	0.349653405948007	0.367320774663514	0.331986037232501	0.00898494872564387	0.0280765992324151	-0.0101067017811273
303	2	303	0.349653405948007	0.367320774663514	0.331986037232501	0.00898494872564387	0.0280765992324151	-0.0101067017811273
304	1	304	0.349653405948007	0.367320774663514	0.331986037232501	0.0471682497391864	0.0662599002459576	0.0280765992324152
304	2	304	0.349653405948007	0.367320774663514	0.331986037232501	0.0471682497391864	0.0662599002459576	0.0280765992324152
305	1	305	0.349653405948007	0.367320774663514	0.331986037232501	0.0853515507527288	0.1044432012595	0.0662599002459577
305	2	305	0.349653405948007	0.367320774663514	0.331986037232501	0.0853515507527288	0.1044432012595	0.0662599002459577
306	1	306	0.349653405948007	0.367320774663514	0.331986037232501	0.123534851766271	0.142626502273043	0.1044432012595
306	2	306	0.349653405948007	0.367320774663514	0.331986037232501	0.123534851766271	0.142626502273043	0.1044432012595
307	1	307	0.349653405948007	0.367320774663514	0.331986037232501	0.161718152779814	0.180809803286585	0.142626502273043
307	2	307	0.349653405948007	0.367320774663514	0.331986037232501	0.161718152779814	0.180809803286585	0.142626502273043
308	1	308	0.349653405948007	0.367320774663514	0.331986037232501	0.199901453793356	0.218993104300128	0.180809803286585
308	2	308	0.349653405948007	0.367320774663514	0.331986037232501	0.199901453793356	0.218993104300128	0.180809803286585
309	1	309	0.349653405948007	0.367320774663514	0.331986037232501	0.238084754806899	0.25717640531367	0.218993104300128
309	2	309	0.349653405948007	0.367320774663514	0.331986037232501	0.238084754806899	0.25717640531367	0.218993104300128
310	1	310	0.349653405948007	0.367320774663514	0.331986037232501	0.276268055820441	0.295359706327213	0.25717640531367
310	2	310	0.349653405948007	0.367320774663514	0.331986037232501	0.276268055820441	0.295359706327213	0.25717640531367
311	1	311	0.349653405948007	0.367320774663514	0.331986037232501	0.314451356833984	0.333543007340755	0.295359706327213
311	2	311	0.349653405948007	0.367320774663514	0.331986037232501	0.314451356833984	0.333543007340755	0.295359706327213
312	1	312	0.349653405948007	0.367320774663514	0.331986037232501	0.352634657847526	0.371726308354297	0.333543007340755
312	2	312	0.349653405948007	0.367320774663514	0.331986037232501	0.352634657847526	0.371726308354297	0.333543007340755
313	1	313	0.349653405948007	0.367320774663514	0.331986037232501	0.390817958861069	0.40990960936784	0.371726308354298
313	2	313	0.349653405948007	0.367320774663514	0.331986037232501	0.390817958861069	0.40990960936784	0.371726308354298
314	1	314	0.349653405948007	0.367320774663514	0.331986037232501	0.429001259874611	0.448092910381383	0.40990960936784
314	2	314	0.349653405948007	0.367320774663514	0.331986037232501	0.429001259874611	0.448092910381383	0.40990960936784
315	1	315	0.349653405948007	0.367320774663514	0.331986037232501	0.467184560888154	0.486276211394925	0.448092910381383
315	2	315	0.349653405948007	0.367320774663514	0.331986037232501	0.467184560888154	0.486276211394925	0.448092910381383
316	1	316	0.349653405948007	0.367320774663514	0.331986037232501	0.505367861901696	0.524459512408467	0.486276211394925
316	2	316	0.349653405948007	0.367320774663514	0.331986037232501	0.505367861901696	0.524459512408467	0.486276211394925
317	1	317	0.349653405948007	0.367320774663514	0.331986037232501	0.543551162915239	0.56264281342201	0.524459512408468
317	2	317	0.349653405948007	0.367320774663514	0.331986037232501	0.543551162915239	0.56264281342201	0.524459512408468
318	1	318	0.349653405948007	0.367320774663514	0.331986037232501	0.581734463928781	0.600826114435552	0.56264281342201
318	2	318	0.349653405948007	0.367320774663514	0.331986037232501	0.581734463928781	0.600826114435552	0.56264281342201
319	1	319	0.349653405948007	0.367320774663514	0.331986037232501	0.619917764942324	0.639009415449095	0.600826114435553
319	2	319	0.349653405948007	0.367320774663514	0.331986037232501	0.619917764942324	0.639009415449095	0.600826114435553
320	1	320	0.349653405948007	0.367320774663514	0.331986037232501	0.658101065955866	0.677192716462638	0.639009415449095
320	2	320	0.349653405948007	0.367320774663514	0.331986037232501	0.658101065955866	0.677192716462638	0.639009415449095
321	1	321	0.349653405948007	0.367320774663514	0.331986037232501	0.696284366969409	0.71537601747618	0.677192716462638
321	2	321	0.349653405948007	0.367320774663514	0.331986037232501	0.696284366969409	0.71537601747618	0.677192716462638
322	1	322	0.349653405948007	0.367320774663514	0.331986037232501	0.734467667982951	0.753559318489722	0.71537601747618
322	2	322	0.349653405948007	0.367320774663514	0.331986037232501	0.734467667982951	0.753559318489722	0.71537601747618
323	1	323	0.349653405948007	0.367320774663514	0.331986037232501	0.772650968996494	0.791742619503265	0.753559318489723
323	2	323	0.349653405948007	0.367320774663514	0.331986037232501	0.772650968996494	0.791742619503265	0.753559318489723
324	1	324	0.349653405948007	0.367320774663514	0.331986037232501	0.810834270010036	0.829925920516807	0.791742619503265
324	2	324	0.349653405948007	0.367320774663514	0.331986037232501	0.810834270010036	0.829925920516807	0.791742619503265
325	1	325	0.349653405948007	0.367320774663514	0.331986037232501	0.849017571023579	0.86810922153035	0.829925920516807
325	2	325	0.349653405948007	0.367320774663514	0.331986037232501	0.849017571023579	0.86810922153035	0.829925920516807
326	1	326	0.349653405948007	0.367320774663514	0.331986037232501	0.887200872037121	0.906292522543892	0.86810922153035
326	2	326	0.349653405948007	0.367320774663514	0.331986037232501	0.887200872037121	0.906292522543892	0.86810922153035
327	1	327	0.349653405948007	0.367320774663514	0.331986037232501	0.925384173050664	0.944475823557435	0.906292522543892
327	2	327	0.349653405948007	0.367320774663514	0.331986037232501	0.925384173050664	0.944475823557435	0.906292522543892
328	1	328	0.349653405948007	0.367320774663514	0.331986037232501	0.963567474064206	0.982659124570977	0.944475823557435
328	2	328	0.349653405948007	0.367320774663514	0.331986037232501	0.963567474064206	0.982659124570977	0.944475823557435
329	1	329	0.349653405948007	0.367320774663514	0.331986037232501	1.00175077507775	1.02084242558452	0.982659124570977
329	2	329	0.349653405948007	0.367320774663514	0.331986037232501	1.00175077507775	1.02084242558452	0.982659124570977
330	1	330	0.349653405948007	0.367320774663514	0.331986037232501	1.03993407609129	1.05902572659806	1.02084242558452
330	2	330	0.349653405948007	0.367320774663514	0.331986037232501	1.03993407609129	1.05902572659806	1.02084242558452
331	1	331	0.384988143379021	0.402655512094527	0.367320774663514	-0.0673816533014411	-0.0482900027946699	-0.0864733038082123
331	2	331	0.384988143379021	0.402655512094527	0.367320774663514	-0.0673816533014411	-0.0482900027946699	-0.0864733038082123
332	1	332	0.384988143379021	0.402655512094527	0.367320774663514	-0.0291983522878986	-0.0101067017811274	-0.0482900027946698
332	2	332	0.384988143379021	0.402655512094527	0.367320774663514	-0.0291983522878986	-0.0101067017811274	-0.0482900027946698
333	1	333	0.384988143379021	0.402655512094527	0.367320774663514	0.00898494872564387	0.0280765992324151	-0.0101067017811273
333	2	333	0.384988143379021	0.402655512094527	0.367320774663514	0.00898494872564387	0.0280765992324151	-0.0101067017811273
334	1	334	0.384988143379021	0.402655512094527	0.367320774663514	0.0471682497391864	0.0662599002459576	0.0280765992324152
334	2	334	0.384988143379021	0.402655512094527	0.367320774663514	0.0471682497391864	0.0662599002459576	0.0280765992324152
335	1	335	0.384988143379021	0.402655512094527	0.367320774663514	0.0853515507527288	0.1044432012595	0.0662599002459577
335	2	335	0.384988143379021	0.402655512094527	0.367320774663514	0.0853515507527288	0.1044432012595	0.0662599002459577
336	1	336	0.384988143379021	0.402655512094527	0.367320774663514	0.123534851766271	0.142626502273043	0.1044432012595
336	2	336	0.384988143379021	0.402655512094527	0.367320774663514	0.123534851766271	0.142626502273043	0.1044432012595
337	1	337	0.384988143379021	0.402655512094527	0.367320774663514	0.161718152779814	0.180809803286585	0.142626502273043
337	2	337	0.384988143379021	0.402655512094527	0.367320774663514	0.161718152779814	0.180809803286585	0.142626502273043
338	1	338	0.384988143379021	0.402655512094527	0.367320774663514	0.199901453793356	0.218993104300128	0.180809803286585
338	2	338	0.384988143379021	0.402655512094527	0.367320774663514	0.199901453793356	0.218993104300128	0.180809803286585
339	1	339	0.384988143379021	0.402655512094527	0.367320774663514	0.238084754806899	0.25717640531367	0.218993104300128
339	2	339	0.384988143379021	0.402655512094527	0.367320774663514	0.238084754806899	0.25717640531367	0.218993104300128
340	1	340	0.384988143379021	0.402655512094527	0.367320774663514	0.276268055820441	0.295359706327213	0.25717640531367
340	2	340	0.384988143379021	0.402655512094527	0.367320774663514	0.276268055820441	0.295359706327213	0.25717640531367
341	1	341	0.384988143379021	0.402655512094527	0.367320774663514	0.314451356833984	0.333543007340755	0.295359706327213
341	2	341	0.384988143379021	0.402655512094527	0.367320774663514	0.314451356833984	0.333543007340755	0.295359706327213
342	1	342	0.384988143379021	0.402655512094527	0.367320774663514	0.352634657847526	0.371726308354297	0.333543007340755
342	2	342	0.384988143379021	0.402655512094527	0.367320774663514	0.352634657847526	0.371726308354297	0.333543007340755
343	1	343	0.384988143379021	0.402655512094527	0.367320774663514	0.390817958861069	0.40990960936784	0.371726308354298
343	2	343	0.384988143379021	0.402655512094527	0.367320774663514	0.390817958861069	0.40990960936784	0.371726308354298
344	1	344	0.384988143379021	0.402655512094527	0.367320774663514	0.429001259874611	0.448092910381383	0.40990960936784
344	2	344	0.384988143379021	0.402655512094527	0.367320774663514	0.429001259874611	0.448092910381383	0.40990960936784
345	1	345	0.384988143379021	0.402655512094527	0.367320774663514	0.467184560888154	0.486276211394925	0.448092910381383
345	2	345	0.384988143379021	0.402655512094527	0.367320774663514	0.467184560888154	0.486276211394925	0.448092910381383
346	1	346	0.384988143379021	0.402655512094527	0.367320774663514	0.505367861901696	0.524459512408467	0.486276211394925
346	2	346	0.384988143379021	0.402655512094527	0.367320774663514	0.505367861901696	0.524459512408467	0.486276211394925
347	1	347	0.384988143379021	0.402655512094527	0.367320774663514	0.543551162915239	0.56264281342201	0.524459512408468
347	2	347	0.384988143379021	0.402655512094527	0.367320774663514	0.543551162915239	0.56264281342201	0.524459512408468
348	1	348	0.384988143379021	0.402655512094527	0.367320774663514	0.581734463928781	0.600826114435552	0.56264281342201
348	2	348	0.384988143379021	0.402655512094527	0.367320774663514	0.581734463928781	0.600826114435552	0.56264281342201
349	1	349	0.384988143379021	0.402655512094527	0.367320774663514	0.619917764942324	0.639009415449095	0.600826114435553
349	2	349	0.384988143379021	0.402655512094527	0.367320774663514	0.619917764942324	0.639009415449095	0.600826114435553
350	1	350	0.384988143379021	0.402655512094527	0.367320774663514	0.658101065955866	0.677192716462638	0.639009415449095
350	2	350	0.384988143379021	0.402655512094527	0.367320774663514	0.658101065955866	0.677192716462638	0.639009415449095
351	1	351	0.384988143379021	0.402655512094527	0.367320774663514	0.696284366969409	0.71537601747618	0.677192716462638
351	2	351	0.384988143379021	0.402655512094527	0.367320774663514	0.696284366969409	0.71537601747618	0.677192716462638
352	1	352	0.384988143379021	0.402655512094527	0.367320774663514	0.734467667982951	0.753559318489722	0.71537601747618
352	2	352	0.384988143379021	0.402655512094527	0.367320774663514	0.734467667982951	0.753559318489722	0.71537601747618
353	1	353	0.384988143379021	0.402655512094527	0.367320774663514	0.772650968996494	0.791742619503265	0.753559318489723
353	2	353	0.384988143379021	0.402655512094527	0.367320774663514	0.772650968996494	0.791742619503265	0.753559318489723
354	1	354	0.384988143379021	0.402655512094527	0.367320774663514	0.810834270010036	0.829925920516807	0.791742619503265
354	2	354	0.384988143379021	0.402655512094527	0.367320774663514	0.810834270010036	0.829925920516807	0.791742619503265
355	1	355	0.384988143379021	0.402655512094527	0.367320774663514	0.849017571023579	0.86810922153035	0.829925920516807
355	2	355	0.384988143379021	0.402655512094527	0.367320774663514	0.849017571023579	0.86810922153035	0.829925920516807
356	1	356	0.384988143379021	0.402655512094527	0.367320774663514	0.887200872037121	0.906292522543892	0.86810922153035
356	2	356	0.384988143379021	0.402655512094527	0.367320774663514	0.887200872037121	0.906292522543892	0.86810922153035
357	1	357	0.384988143379021	0.402655512094527	0.367320774663514	0.925384173050664	0.944475823557435	0.906292522543892
357	2	357	0.384988143379021	0.402655512094527	0.367320774663514	0.925384173050664	0.944475823557435	0.906292522543892
358	1	358	0.384988143379021	0.402655512094527	0.367320774663514	0.963567474064206	0.982659124570977	0.944475823557435
358	2	358	0.384988143379021	0.402655512094527	0.367320774663514	0.963567474064206	0.982659124570977	0.944475823557435
359	1	359	0.384988143379021	0.402655512094527	0.367320774663514	1.00175077507775	1.02084242558452	0.982659124570977
359	2	359	0.384988143379021	0.402655512094527	0.367320774663514	1.00175077507775	1.02084242558452	0.982659124570977
360	1	360	0.384988143379021	0.402655512094527	0.367320774663514	1.03993407609129	1.05902572659806	1.02084242558452
360	2	360	0.384988143379021	0.402655512094527	0.367320774663514	1.03993407609129	1.05902572659806	1.02084242558452
361	1	361	0.420322880810034	0.43799024952554	0.402655512094527	-0.0673816533014411	-0.0482900027946699	-0.0864733038082123
361	2	361	0.420322880810034	0.43799024952554	0.402655512094527	-0.0673816533014411	-0.0482900027946699	-0.0864733038082123
362	1	362	0.420322880810034	0.43799024952554	0.402655512094527	-0.0291983522878986	-0.0101067017811274	-0.0482900027946698
362	2	362	0.420322880810034	0.43799024952554	0.402655512094527	-0.0291983522878986	-0.0101067017811274	-0.0482900027946698
363	1	363	0.420322880810034	0.43799024952554	0.402655512094527	0.00898494872564387	0.0280765992324151	-0.0101067017811273
363	2	363	0.420322880810034	0.43799024952554	0.402655512094527	0.00898494872564387	0.0280765992324151	-0.0101067017811273
364	1	364	0.420322880810034	0.43799024952554	0.402655512094527	0.0471682497391864	0.0662599002459576	0.0280765992324152
364	2	364	0.420322880810034	0.43799024952554	0.402655512094527	0.0471682497391864	0.0662599002459576	0.0280765992324152
365	1	365	0.420322880810034	0.43799024952554	0.402655512094527	0.0853515507527288	0.1044432012595	0.0662599002459577
365	2	365	0.420322880810034	0.43799024952554	0.402655512094527	0.0853515507527288	0.1044432012595	0.0662599002459577
366	1	366	0.420322880810034	0.43799024952554	0.402655512094527	0.123534851766271	0.142626502273043	0.1044432012595
366	2	366	0.420322880810034	0.43799024952554	0.402655512094527	0.123534851766271	0.142626502273043	0.1044432012595
367	1	367	0.420322880810034	0.43799024952554	0.402655512094527	0.161718152779814	0.180809803286585	0.142626502273043
367	2	367	0.420322880810034	0.43799024952554	0.402655512094527	0.161718152779814	0.180809803286585	0.142626502273043
368	1	368	0.420322880810034	0.43799024952554	0.402655512094527	0.199901453793356	0.218993104300128	0.180809803286585
368	2	368	0.420322880810034	0.43799024952554	0.402655512094527	0.199901453793356	0.218993104300128	0.180809803286585
369	1	369	0.420322880810034	0.43799024952554	0.402655512094527	0.238084754806899	0.25717640531367	0.218993104300128
369	2	369	0.420322880810034	0.43799024952554	0.402655512094527	0.238084754806899	0.25717640531367	0.218993104300128
370	1	370	0.420322880810034	0.43799024952554	0.402655512094527	0.276268055820441	0.295359706327213	0.25717640531367
370	2	370	0.420322880810034	0.43799024952554	0.402655512094527	0.276268055820441	0.295359706327213	0.25717640531367
371	1	371	0.420322880810034	0.43799024952554	0.402655512094527	0.314451356833984	0.333543007340755	0.295359706327213
371	2	371	0.420322880810034	0.43799024952554	0.402655512094527	0.314451356833984	0.333543007340755	0.295359706327213
372	1	372	0.420322880810034	0.43799024952554	0.402655512094527	0.352634657847526	0.371726308354297	0.333543007340755
372	2	372	0.420322880810034	0.43799024952554	0.402655512094527	0.352634657847526	0.371726308354297	0.333543007340755
373	1	373	0.420322880810034	0.43799024952554	0.402655512094527	0.390817958861069	0.40990960936784	0.371726308354298
373	2	373	0.420322880810034	0.43799024952554	0.402655512094527	0.390817958861069	0.40990960936784	0.371726308354298
374	1	374	0.420322880810034	0.43799024952554	0.402655512094527	0.429001259874611	0.448092910381383	0.40990960936784
374	2	374	0.420322880810034	0.43799024952554	0.402655512094527	0.429001259874611	0.448092910381383	0.40990960936784
375	1	375	0.420322880810034	0.43799024952554	0.402655512094527	0.467184560888154	0.486276211394925	0.448092910381383
375	2	375	0.420322880810034	0.43799024952554	0.402655512094527	0.467184560888154	0.486276211394925	0.448092910381383
376	1	376	0.420322880810034	0.43799024952554	0.402655512094527	0.505367861901696	0.524459512408467	0.486276211394925
376	2	376	0.420322880810034	0.43799024952554	0.402655512094527	0.505367861901696	0.524459512408467	0.486276211394925
377	1	377	0.420322880810034	0.43799024952554	0.402655512094527	0.543551162915239	0.56264281342201	0.524459512408468
377	2	377	0.420322880810034	0.43799024952554	0.402655512094527	0.543551162915239	0.56264281342201	0.524459512408468
378	1	378	0.420322880810034	0.43799024952554	0.402655512094527	0.581734463928781	0.600826114435552	0.56264281342201
378	2	378	0.420322880810034	0.43799024952554	0.402655512094527	0.581734463928781	0.600826114435552	0.56264281342201
379	1	379	0.420322880810034	0.43799024952554	0.402655512094527	0.619917764942324	0.639009415449095	0.600826114435553
379	2	379	0.420322880810034	0.43799024952554	0.402655512094527	0.619917764942324	0.639009415449095	0.600826114435553
380	1	380	0.420322880810034	0.43799024952554	0.402655512094527	0.658101065955866	0.677192716462638	0.639009415449095
380	2	380	0.420322880810034	0.43799024952554	0.402655512094527	0.658101065955866	0.677192716462638	0.639009415449095
381	1	381	0.420322880810034	0.43799024952554	0.402655512094527	0.696284366969409	0.71537601747618	0.677192716462638
381	2	381	0.420322880810034	0.43799024952554	0.402655512094527	0.696284366969409	0.71537601747618	0.677192716462638
382	1	382	0.420322880810034	0.43799024952554	0.402655512094527	0.734467667982951	0.753559318489722	0.71537601747618
382	2	382	0.420322880810034	0.43799024952554	0.402655512094527	0.734467667982951	0.753559318489722	0.71537601747618
383	1	383	0.420322880810034	0.43799024952554	0.402655512094527	0.772650968996494	0.791742619503265	0.753559318489723
383	2	383	0.420322880810034	0.43799024952554	0.402655512094527	0.772650968996494	0.791742619503265	0.753559318489723
384	1	384	0.420322880810034	0.43799024952554	0.402655512094527	0.810834270010036	0.829925920516807	0.791742619503265
384	2	384	0.420322880810034	0.43799024952554	0.402655512094527	0.810834270010036	0.829925920516807	0.791742619503265
385	1	385	0.420322880810034	0.43799024952554	0.402655512094527	0.849017571023579	0.86810922153035	0.829925920516807
385	2	385	0.420322880810034	0.43799024952554	0.402655512094527	0.849017571023579	0.86810922153035	0.829925920516807
386	1	386	0.420322880810034	0.43799024952554	0.402655512094527	0.887200872037121	0.906292522543892	0.86810922153035
386	2	386	0.420322880810034	0.43799024952554	0.402655512094527	0.887200872037121	0.906292522543892	0.86810922153035
387	1	387	0.420322880810034	0.43799024952554	0.402655512094527	0.925384173050664	0.944475823557435	0.906292522543892
387	2	387	0.420322880810034	0.43799024952554	0.402655512094527	0.925384173050664	0.944475823557435	0.906292522543892
388	1	388	0.420322880810034	0.43799024952554	0.402655512094527	0.963567474064206	0.982659124570977	0.944475823557435
388	2	388	0.420322880810034	0.43799024952554	0.402655512094527	0.963567474064206	0.982659124570977	0.944475823557435
389	1	389	0.420322880810034	0.43799024952554	0.402655512094527	1.00175077507775	1.02084242558452	0.982659124570977
389	2	389	0.420322880810034	0.43799024952554	0.402655512094527	1.00175077507775	1.02084242558452	0.982659124570977
390	1	390	0.420322880810034	0.43799024952554	0.402655512094527	1.03993407609129	1.05902572659806	1.02084242558452
390	2	390	0.420322880810034	0.43799024952554	0.402655512094527	1.03993407609129	1.05902572659806	1.02084242558452
391	1	391	0.455657618241047	0.473324986956554	0.437990249525541	-0.0673816533014411	-0.0482900027946699	-0.0864733038082123
391	2	391	0.455657618241047	0.473324986956554	0.437990249525541	-0.0673816533014411	-0.0482900027946699	-0.0864733038082123
392	1	392	0.455657618241047	0.473324986956554	0.437990249525541	-0.0291983522878986	-0.0101067017811274	-0.0482900027946698
392	2	392	0.455657618241047	0.473324986956554	0.437990249525541	-0.0291983522878986	-0.0101067017811274	-0.0482900027946698
393	1	393	0.455657618241047	0.473324986956554	0.437990249525541	0.00898494872564387	0.0280765992324151	-0.0101067017811273
393	2	393	0.455657618241047	0.473324986956554	0.437990249525541	0.00898494872564387	0.0280765992324151	-0.0101067017811273
394	1	394	0.455657618241047	0.473324986956554	0.437990249525541	0.0471682497391864	0.0662599002459576	0.0280765992324152
394	2	394	0.455657618241047	0.473324986956554	0.437990249525541	0.0471682497391864	0.0662599002459576	0.0280765992324152
395	1	395	0.455657618241047	0.473324986956554	0.437990249525541	0.0853515507527288	0.1044432012595	0.0662599002459577
395	2	395	0.455657618241047	0.473324986956554	0.437990249525541	0.0853515507527288	0.1044432012595	0.0662599002459577
396	1	396	0.455657618241047	0.473324986956554	0.437990249525541	0.123534851766271	0.142626502273043	0.1044432012595
396	2	396	0.455657618241047	0.473324986956554	0.437990249525541	0.123534851766271	0.142626502273043	0.1044432012595
397	1	397	0.455657618241047	0.473324986956554	0.437990249525541	0.161718152779814	0.180809803286585	0.142626502273043
397	2	397	0.455657618241047	0.473324986956554	0.437990249525541	0.161718152779814	0.180809803286585	0.142626502273043
398	1	398	0.455657618241047	0.473324986956554	0.437990249525541	0.199901453793356	0.218993104300128	0.180809803286585
398	2	398	0.455657618241047	0.473324986956554	0.437990249525541	0.199901453793356	0.218993104300128	0.180809803286585
399	1	399	0.455657618241047	0.473324986956554	0.437990249525541	0.238084754806899	0.25717640531367	0.218993104300128
399	2	399	0.455657618241047	0.473324986956554	0.437990249525541	0.238084754806899	0.25717640531367	0.218993104300128
400	1	400	0.455657618241047	0.473324986956554	0.437990249525541	0.276268055820441	0.295359706327213	0.25717640531367
400	2	400	0.455657618241047	0.473324986956554	0.437990249525541	0.276268055820441	0.295359706327213	0.25717640531367
401	1	401	0.455657618241047	0.473324986956554	0.437990249525541	0.314451356833984	0.333543007340755	0.295359706327213
401	2	401	0.455657618241047	0.473324986956554	0.437990249525541	0.314451356833984	0.333543007340755	0.295359706327213
402	1	402	0.455657618241047	0.473324986956554	0.437990249525541	0.352634657847526	0.371726308354297	0.333543007340755
402	2	402	0.455657618241047	0.473324986956554	0.437990249525541	0.352634657847526	0.371726308354297	0.333543007340755
403	1	403	0.455657618241047	0.473324986956554	0.437990249525541	0.390817958861069	0.40990960936784	0.371726308354298
403	2	403	0.455657618241047	0.473324986956554	0.437990249525541	0.390817958861069	0.40990960936784	0.371726308354298
404	1	404	0.455657618241047	0.473324986956554	0.437990249525541	0.429001259874611	0.448092910381383	0.40990960936784
404	2	404	0.455657618241047	0.473324986956554	0.437990249525541	0.429001259874611	0.448092910381383	0.40990960936784
405	1	405	0.455657618241047	0.473324986956554	0.437990249525541	0.467184560888154	0.486276211394925	0.448092910381383
405	2	405	0.455657618241047	0.473324986956554	0.437990249525541	0.467184560888154	0.486276211394925	0.448092910381383
406	1	406	0.455657618241047	0.473324986956554	0.437990249525541	0.505367861901696	0.524459512408467	0.486276211394925
406	2	406	0.455657618241047	0.473324986956554	0.437990249525541	0.505367861901696	0.524459512408467	0.486276211394925
407	1	407	0.455657618241047	0.473324986956554	0.437990249525541	0.543551162915239	0.56264281342201	0.524459512408468
407	2	407	0.455657618241047	0.473324986956554	0.437990249525541	0.543551162915239	0.56264281342201	0.524459512408468
408	1	408	0.455657618241047	0.473324986956554	0.437990249525541	0.581734463928781	0.600826114435552	0.56264281342201
408	2	408	0.455657618241047	0.473324986956554	0.437990249525541	0.581734463928781	0.600826114435552	0.56264281342201
409	1	409	0.455657618241047	0.473324986956554	0.437990249525541	0.619917764942324	0.639009415449095	0.600826114435553
409	2	409	0.455657618241047	0.473324986956554	0.437990249525541	0.619917764942324	0.639009415449095	0.600826114435553
410	1	410	0.455657618241047	0.473324986956554	0.437990249525541	0.658101065955866	0.677192716462638	0.639009415449095
410	2	410	0.455657618241047	0.473324986956554	0.437990249525541	0.658101065955866	0.677192716462638	0.639009415449095
411	1	411	0.455657618241047	0.473324986956554	0.437990249525541	0.696284366969409	0.71537601747618	0.677192716462638
411	2	411	0.455657618241047	0.473324986956554	0.437990249525541	0.696284366969409	0.71537601747618	0.677192716462638
412	1	412	0.455657618241047	0.473324986956554	0.437990249525541	0.734467667982951	0.753559318489722	0.71537601747618
412	2	412	0.455657618241047	0.473324986956554	0.437990249525541	0.734467667982951	0.753559318489722	0.71537601747618
413	1	413	0.455657618241047	0.473324986956554	0.437990249525541	0.772650968996494	0.791742619503265	0.753559318489723
413	2	413	0.455657618241047	0.473324986956554	0.437990249525541	0.772650968996494	0.791742619503265	0.753559318489723
414	1	414	0.455657618241047	0.473324986956554	0.437990249525541	0.810834270010036	0.829925920516807	0.791742619503265
414	2	414	0.455657618241047	0.473324986956554	0.437990249525541	0.810834270010036	0.829925920516807	0.791742619503265
415	1	415	0.455657618241047	0.473324986956554	0.437990249525541	0.849017571023579	0.86810922153035	0.829925920516807
415	2	415	0.455657618241047	0.473324986956554	0.437990249525541	0.849017571023579	0.86810922153035	0.829925920516807
416	1	416	0.455657618241047	0.473324986956554	0.437990249525541	0.887200872037121	0.906292522543892	0.86810922153035
416	2	416	0.455657618241047	0.473324986956554	0.437990249525541	0.887200872037121	0.906292522543892	0.86810922153035
417	1	417	0.455657618241047	0.473324986956554	0.437990249525541	0.925384173050664	0.944475823557435	0.906292522543892
417	2	417	0.455657618241047	0.473324986956554	0.437990249525541	0.925384173050664	0.944475823557435	0.906292522543892
418	1	418	0.455657618241047	0.473324986956554	0.437990249525541	0.963567474064206	0.982659124570977	0.944475823557435
418	2	418	0.455657618241047	0.473324986956554	0.437990249525541	0.963567474064206	0.982659124570977	0.944475823557435
419	1	419	0.455657618241047	0.473324986956554	0.437990249525541	1.00175077507775	1.02084242558452	0.982659124570977
419	2	419	0.455657618241047	0.473324986956554	0.437990249525541	1.00175077507775	1.02084242558452	0.982659124570977
420	1	420	0.455657618241047	0.473324986956554	0.437990249525541	1.03993407609129	1.05902572659806	1.02084242558452
420	2	420	0.455657618241047	0.473324986956554	0.437990249525541	1.03993407609129	1.05902572659806	1.02084242558452
421	1	421	0.49099235567206	0.508659724387567	0.473324986956554	-0.0673816533014411	-0.0482900027946699	-0.0864733038082123
421	2	421	0.49099235567206	0.508659724387567	0.473324986956554	-0.0673816533014411	-0.0482900027946699	-0.0864733038082123
422	1	422	0.49099235567206	0.508659724387567	0.473324986956554	-0.0291983522878986	-0.0101067017811274	-0.0482900027946698
422	2	422	0.49099235567206	0.508659724387567	0.473324986956554	-0.0291983522878986	-0.0101067017811274	-0.0482900027946698
423	1	423	0.49099235567206	0.508659724387567	0.473324986956554	0.00898494872564387	0.0280765992324151	-0.0101067017811273
423	2	423	0.49099235567206	0.508659724387567	0.473324986956554	0.00898494872564387	0.0280765992324151	-0.0101067017811273
424	1	424	0.49099235567206	0.508659724387567	0.473324986956554	0.0471682497391864	0.0662599002459576	0.0280765992324152
424	2	424	0.49099235567206	0.508659724387567	0.473324986956554	0.0471682497391864	0.0662599002459576	0.0280765992324152
425	1	425	0.49099235567206	0.508659724387567	0.473324986956554	0.0853515507527288	0.1044432012595	0.0662599002459577
425	2	425	0.49099235567206	0.508659724387567	0.473324986956554	0.0853515507527288	0.1044432012595	0.0662599002459577
426	1	426	0.49099235567206	0.508659724387567	0.473324986956554	0.123534851766271	0.142626502273043	0.1044432012595
426	2	426	0.49099235567206	0.508659724387567	0.473324986956554	0.123534851766271	0.142626502273043	0.1044432012595
427	1	427	0.49099235567206	0.508659724387567	0.473324986956554	0.161718152779814	0.180809803286585	0.142626502273043
427	2	427	0.49099235567206	0.508659724387567	0.473324986956554	0.161718152779814	0.180809803286585	0.142626502273043
428	1	428	0.49099235567206	0.508659724387567	0.473324986956554	0.199901453793356	0.218993104300128	0.180809803286585
428	2	428	0.49099235567206	0.508659724387567	0.473324986956554	0.199901453793356	0.218993104300128	0.180809803286585
429	1	429	0.49099235567206	0.508659724387567	0.473324986956554	0.238084754806899	0.25717640531367	0.218993104300128
429	2	429	0.49099235567206	0.508659724387567	0.473324986956554	0.238084754806899	0.25717640531367	0.218993104300128
430	1	430	0.49099235567206	0.508659724387567	0.473324986956554	0.276268055820441	0.295359706327213	0.25717640531367
430	2	430	0.49099235567206	0.508659724387567	0.473324986956554	0.276268055820441	0.295359706327213	0.25717640531367
431	1	431	0.49099235567206	0.508659724387567	0.473324986956554	0.314451356833984	0.333543007340755	0.295359706327213
431	2	431	0.49099235567206	0.508659724387567	0.473324986956554	0.314451356833984	0.333543007340755	0.295359706327213
432	1	432	0.49099235567206	0.508659724387567	0.473324986956554	0.352634657847526	0.371726308354297	0.333543007340755
432	2	432	0.49099235567206	0.508659724387567	0.473324986956554	0.352634657847526	0.371726308354297	0.333543007340755
433	1	433	0.49099235567206	0.508659724387567	0.473324986956554	0.390817958861069	0.40990960936784	0.371726308354298
433	2	433	0.49099235567206	0.508659724387567	0.473324986956554	0.390817958861069	0.40990960936784	0.371726308354298
434	1	434	0.49099235567206	0.508659724387567	0.473324986956554	0.429001259874611	0.448092910381383	0.40990960936784
434	2	434	0.49099235567206	0.508659724387567	0.473324986956554	0.429001259874611	0.448092910381383	0.40990960936784
435	1	435	0.49099235567206	0.508659724387567	0.473324986956554	0.467184560888154	0.486276211394925	0.448092910381383
435	2	435	0.49099235567206	0.508659724387567	0.473324986956554	0.467184560888154	0.486276211394925	0.448092910381383
436	1	436	0.49099235567206	0.508659724387567	0.473324986956554	0.505367861901696	0.524459512408467	0.486276211394925
436	2	436	0.49099235567206	0.508659724387567	0.473324986956554	0.505367861901696	0.524459512408467	0.486276211394925
437	1	437	0.49099235567206	0.508659724387567	0.473324986956554	0.543551162915239	0.56264281342201	0.524459512408468
437	2	437	0.49099235567206	0.508659724387567	0.473324986956554	0.543551162915239	0.56264281342201	0.524459512408468
438	1	438	0.49099235567206	0.508659724387567	0.473324986956554	0.581734463928781	0.600826114435552	0.56264281342201
438	2	438	0.49099235567206	0.508659724387567	0.473324986956554	0.581734463928781	0.600826114435552	0.56264281342201
439	1	439	0.49099235567206	0.508659724387567	0.473324986956554	0.619917764942324	0.639009415449095	0.600826114435553
439	2	439	0.49099235567206	0.508659724387567	0.473324986956554	0.619917764942324	0.639009415449095	0.600826114435553
440	1	440	0.49099235567206	0.508659724387567	0.473324986956554	0.658101065955866	0.677192716462638	0.639009415449095
440	2	440	0.49099235567206	0.508659724387567	0.473324986956554	0.658101065955866	0.677192716462638	0.639009415449095
441	1	441	0.49099235567206	0.508659724387567	0.473324986956554	0.696284366969409	0.71537601747618	0.677192716462638
441	2	441	0.49099235567206	0.508659724387567	0.473324986956554	0.696284366969409	0.71537601747618	0.677192716462638
442	1	442	0.49099235567206	0.508659724387567	0.473324986956554	0.734467667982951	0.753559318489722	0.71537601747618
442	2	442	0.49099235567206	0.508659724387567	0.473324986956554	0.734467667982951	0.753559318489722	0.71537601747618
443	1	443	0.49099235567206	0.508659724387567	0.473324986956554	0.772650968996494	0.791742619503265	0.753559318489723
443	2	443	0.49099235567206	0.508659724387567	0.473324986956554	0.772650968996494	0.791742619503265	0.753559318489723
444	1	444	0.49099235567206	0.508659724387567	0.473324986956554	0.810834270010036	0.829925920516807	0.791742619503265
444	2	444	0.49099235567206	0.508659724387567	0.473324986956554	0.810834270010036	0.829925920516807	0.791742619503265
445	1	445	0.49099235567206	0.508659724387567	0.473324986956554	0.849017571023579	0.86810922153035	0.829925920516807
445	2	445	0.49099235567206	0.508659724387567	0.473324986956554	0.849017571023579	0.86810922153035	0.829925920516807
446	1	446	0.49099235567206	0.508659724387567	0.473324986956554	0.887200872037121	0.906292522543892	0.86810922153035
446	2	446	0.49099235567206	0.508659724387567	0.473324986956554	0.887200872037121	0.906292522543892	0.86810922153035
447	1	447	0.49099235567206	0.508659724387567	0.473324986956554	0.925384173050664	0.944475823557435	0.906292522543892
447	2	447	0.49099235567206	0.508659724387567	0.473324986956554	0.925384173050664	0.944475823557435	0.906292522543892
448	1	448	0.49099235567206	0.508659724387567	0.473324986956554	0.963567474064206	0.982659124570977	0.944475823557435
448	2	448	0.49099235567206	0.508659724387567	0.473324986956554	0.963567474064206	0.982659124570977	0.944475823557435
449	1	449	0.49099235567206	0.508659724387567	0.473324986956554	1.00175077507775	1.02084242558452	0.982659124570977
449	2	449	0.49099235567206	0.508659724387567	0.473324986956554	1.00175077507775	1.02084242558452	0.982659124570977
450	1	450	0.49099235567206	0.508659724387567	0.473324986956554	1.03993407609129	1.05902572659806	1.02084242558452
450	2	450	0.49099235567206	0.508659724387567	0.473324986956554	1.03993407609129	1.05902572659806	1.02084242558452
451	1	451	0.526327093103074	0.54399446181858	0.508659724387567	-0.0673816533014411	-0.0482900027946699	-0.0864733038082123
451	2	451	0.526327093103074	0.54399446181858	0.508659724387567	-0.0673816533014411	-0.0482900027946699	-0.0864733038082123
452	1	452	0.526327093103074	0.54399446181858	0.508659724387567	-0.0291983522878986	-0.0101067017811274	-0.0482900027946698
452	2	452	0.526327093103074	0.54399446181858	0.508659724387567	-0.0291983522878986	-0.0101067017811274	-0.0482900027946698
453	1	453	0.526327093103074	0.54399446181858	0.508659724387567	0.00898494872564387	0.0280765992324151	-0.0101067017811273
453	2	453	0.526327093103074	0.54399446181858	0.508659724387567	0.00898494872564387	0.0280765992324151	-0.0101067017811273
454	1	454	0.526327093103074	0.54399446181858	0.508659724387567	0.0471682497391864	0.0662599002459576	0.0280765992324152
454	2	454	0.526327093103074	0.54399446181858	0.508659724387567	0.0471682497391864	0.0662599002459576	0.0280765992324152
455	1	455	0.526327093103074	0.54399446181858	0.508659724387567	0.0853515507527288	0.1044432012595	0.0662599002459577
455	2	455	0.526327093103074	0.54399446181858	0.508659724387567	0.0853515507527288	0.1044432012595	0.0662599002459577
456	1	456	0.526327093103074	0.54399446181858	0.508659724387567	0.123534851766271	0.142626502273043	0.1044432012595
456	2	456	0.526327093103074	0.54399446181858	0.508659724387567	0.123534851766271	0.142626502273043	0.1044432012595
457	1	457	0.526327093103074	0.54399446181858	0.508659724387567	0.161718152779814	0.180809803286585	0.142626502273043
457	2	457	0.526327093103074	0.54399446181858	0.508659724387567	0.161718152779814	0.180809803286585	0.142626502273043
458	1	458	0.526327093103074	0.54399446181858	0.508659724387567	0.199901453793356	0.218993104300128	0.180809803286585
458	2	458	0.526327093103074	0.54399446181858	0.508659724387567	0.199901453793356	0.218993104300128	0.180809803286585
459	1	459	0.526327093103074	0.54399446181858	0.508659724387567	0.238084754806899	0.25717640531367	0.218993104300128
459	2	459	0.526327093103074	0.54399446181858	0.508659724387567	0.238084754806899	0.25717640531367	0.218993104300128
460	1	460	0.526327093103074	0.54399446181858	0.508659724387567	0.276268055820441	0.295359706327213	0.25717640531367
460	2	460	0.526327093103074	0.54399446181858	0.508659724387567	0.276268055820441	0.295359706327213	0.25717640531367
461	1	461	0.526327093103074	0.54399446181858	0.508659724387567	0.314451356833984	0.333543007340755	0.295359706327213
461	2	461	0.526327093103074	0.54399446181858	0.508659724387567	0.314451356833984	0.333543007340755	0.295359706327213
462	1	462	0.526327093103074	0.54399446181858	0.508659724387567	0.352634657847526	0.371726308354297	0.333543007340755
462	2	462	0.526327093103074	0.54399446181858	0.508659724387567	0.352634657847526	0.371726308354297	0.333543007340755
463	1	463	0.526327093103074	0.54399446181858	0.508659724387567	0.390817958861069	0.40990960936784	0.371726308354298
463	2	463	0.526327093103074	0.54399446181858	0.508659724387567	0.390817958861069	0.40990960936784	0.371726308354298
464	1	464	0.526327093103074	0.54399446181858	0.508659724387567	0.429001259874611	0.448092910381383	0.40990960936784
464	2	464	0.526327093103074	0.54399446181858	0.508659724387567	0.429001259874611	0.448092910381383	0.40990960936784
465	1	465	0.526327093103074	0.54399446181858	0.508659724387567	0.467184560888154	0.486276211394925	0.448092910381383
465	2	465	0.526327093103074	0.54399446181858	0.508659724387567	0.467184560888154	0.486276211394925	0.448092910381383
466	1	466	0.526327093103074	0.54399446181858	0.508659724387567	0.505367861901696	0.524459512408467	0.486276211394925
466	2	466	0.526327093103074	0.54399446181858	0.508659724387567	0.505367861901696	0.524459512408467	0.486276211394925
467	1	467	0.526327093103074	0.54399446181858	0.508659724387567	0.543551162915239	0.56264281342201	0.524459512408468
467	2	467	0.526327093103074	0.54399446181858	0.508659724387567	0.543551162915239	0.56264281342201	0.524459512408468
468	1	468	0.526327093103074	0.54399446181858	0.508659724387567	0.581734463928781	0.600826114435552	0.56264281342201
468	2	468	0.526327093103074	0.54399446181858	0.508659724387567	0.581734463928781	0.600826114435552	0.56264281342201
469	1	469	0.526327093103074	0.54399446181858	0.508659724387567	0.619917764942324	0.639009415449095	0.600826114435553
469	2	469	0.526327093103074	0.54399446181858	0.508659724387567	0.619917764942324	0.639009415449095	0.600826114435553
470	1	470	0.526327093103074	0.54399446181858	0.508659724387567	0.658101065955866	0.677192716462638	0.639009415449095
470	2	470	0.526327093103074	0.54399446181858	0.508659724387567	0.658101065955866	0.677192716462638	0.639009415449095
471	1	471	0.526327093103074	0.54399446181858	0.508659724387567	0.696284366969409	0.71537601747618	0.677192716462638
471	2	471	0.526327093103074	0.54399446181858	0.508659724387567	0.696284366969409	0.71537601747618	0.677192716462638
472	1	472	0.526327093103074	0.54399446181858	0.508659724387567	0.734467667982951	0.753559318489722	0.71537601747618
472	2	472	0.526327093103074	0.54399446181858	0.508659724387567	0.734467667982951	0.753559318489722	0.71537601747618
473	1	473	0.526327093103074	0.54399446181858	0.508659724387567	0.772650968996494	0.791742619503265	0.753559318489723
473	2	473	0.526327093103074	0.54399446181858	0.508659724387567	0.772650968996494	0.791742619503265	0.753559318489723
474	1	474	0.526327093103074	0.54399446181858	0.508659724387567	0.810834270010036	0.829925920516807	0.791742619503265
474	2	474	0.526327093103074	0.54399446181858	0.508659724387567	0.810834270010036	0.829925920516807	0.791742619503265
475	1	475	0.526327093103074	0.54399446181858	0.508659724387567	0.849017571023579	0.86810922153035	0.829925920516807
475	2	475	0.526327093103074	0.54399446181858	0.508659724387567	0.849017571023579	0.86810922153035	0.829925920516807
476	1	476	0.526327093103074	0.54399446181858	0.508659724387567	0.887200872037121	0.906292522543892	0.86810922153035
476	2	476	0.526327093103074	0.54399446181858	0.508659724387567	0.887200872037121	0.906292522543892	0.86810922153035
477	1	477	0.526327093103074	0.54399446181858	0.508659724387567	0.925384173050664	0.944475823557435	0.906292522543892
477	2	477	0.526327093103074	0.54399446181858	0.508659724387567	0.925384173050664	0.944475823557435	0.906292522543892
478	1	478	0.526327093103074	0.54399446181858	0.508659724387567	0.963567474064206	0.982659124570977	0.944475823557435
478	2	478	0.526327093103074	0.54399446181858	0.508659724387567	0.963567474064206	0.982659124570977	0.944475823557435
479	1	479	0.526327093103074	0.54399446181858	0.508659724387567	1.00175077507775	1.02084242558452	0.982659124570977
479	2	479	0.526327093103074	0.54399446181858	0.508659724387567	1.00175077507775	1.02084242558452	0.982659124570977
480	1	480	0.526327093103074	0.54399446181858	0.508659724387567	1.03993407609129	1.05902572659806	1.02084242558452
480	2	480	0.526327093103074	0.54399446181858	0.508659724387567	1.03993407609129	1.05902572659806	1.02084242558452
481	1	481	0.561661830534087	0.579329199249593	0.54399446181858	-0.0673816533014411	-0.0482900027946699	-0.0864733038082123
481	2	481	0.561661830534087	0.579329199249593	0.54399446181858	-0.0673816533014411	-0.0482900027946699	-0.0864733038082123
482	1	482	0.561661830534087	0.579329199249593	0.54399446181858	-0.0291983522878986	-0.0101067017811274	-0.0482900027946698
482	2	482	0.561661830534087	0.579329199249593	0.54399446181858	-0.0291983522878986	-0.0101067017811274	-0.0482900027946698
483	1	483	0.561661830534087	0.579329199249593	0.54399446181858	0.00898494872564387	0.0280765992324151	-0.0101067017811273
483	2	483	0.561661830534087	0.579329199249593	0.54399446181858	0.00898494872564387	0.0280765992324151	-0.0101067017811273
484	1	484	0.561661830534087	0.579329199249593	0.54399446181858	0.0471682497391864	0.0662599002459576	0.0280765992324152
484	2	484	0.561661830534087	0.579329199249593	0.54399446181858	0.0471682497391864	0.0662599002459576	0.0280765992324152
485	1	485	0.561661830534087	0.579329199249593	0.54399446181858	0.0853515507527288	0.1044432012595	0.0662599002459577
485	2	485	0.561661830534087	0.579329199249593	0.54399446181858	0.0853515507527288	0.1044432012595	0.0662599002459577
486	1	486	0.561661830534087	0.579329199249593	0.54399446181858	0.123534851766271	0.142626502273043	0.1044432012595
486	2	486	0.561661830534087	0.579329199249593	0.54399446181858	0.123534851766271	0.142626502273043	0.1044432012595
487	1	487	0.561661830534087	0.579329199249593	0.54399446181858	0.161718152779814	0.180809803286585	0.142626502273043
487	2	487	0.561661830534087	0.579329199249593	0.54399446181858	0.161718152779814	0.180809803286585	0.142626502273043
488	1	488	0.561661830534087	0.579329199249593	0.54399446181858	0.199901453793356	0.218993104300128	0.180809803286585
488	2	488	0.561661830534087	0.579329199249593	0.54399446181858	0.199901453793356	0.218993104300128	0.180809803286585
489	1	489	0.561661830534087	0.579329199249593	0.54399446181858	0.238084754806899	0.25717640531367	0.218993104300128
489	2	489	0.561661830534087	0.579329199249593	0.54399446181858	0.238084754806899	0.25717640531367	0.218993104300128
490	1	490	0.561661830534087	0.579329199249593	0.54399446181858	0.276268055820441	0.295359706327213	0.25717640531367
490	2	490	0.561661830534087	0.579329199249593	0.54399446181858	0.276268055820441	0.295359706327213	0.25717640531367
491	1	491	0.561661830534087	0.579329199249593	0.54399446181858	0.314451356833984	0.333543007340755	0.295359706327213
491	2	491	0.561661830534087	0.579329199249593	0.54399446181858	0.314451356833984	0.333543007340755	0.295359706327213
492	1	492	0.561661830534087	0.579329199249593	0.54399446181858	0.352634657847526	0.371726308354297	0.333543007340755
492	2	492	0.561661830534087	0.579329199249593	0.54399446181858	0.352634657847526	0.371726308354297	0.333543007340755
493	1	493	0.561661830534087	0.579329199249593	0.54399446181858	0.390817958861069	0.40990960936784	0.371726308354298
493	2	493	0.561661830534087	0.579329199249593	0.54399446181858	0.390817958861069	0.40990960936784	0.371726308354298
494	1	494	0.561661830534087	0.579329199249593	0.54399446181858	0.429001259874611	0.448092910381383	0.40990960936784
494	2	494	0.561661830534087	0.579329199249593	0.54399446181858	0.429001259874611	0.448092910381383	0.40990960936784
495	1	495	0.561661830534087	0.579329199249593	0.54399446181858	0.467184560888154	0.486276211394925	0.448092910381383
495	2	495	0.561661830534087	0.579329199249593	0.54399446181858	0.467184560888154	0.486276211394925	0.448092910381383
496	1	496	0.561661830534087	0.579329199249593	0.54399446181858	0.505367861901696	0.524459512408467	0.486276211394925
496	2	496	0.561661830534087	0.579329199249593	0.54399446181858	0.505367861901696	0.524459512408467	0.486276211394925
497	1	497	0.561661830534087	0.579329199249593	0.54399446181858	0.543551162915239	0.56264281342201	0.524459512408468
497	2	497	0.561661830534087	0.579329199249593	0.54399446181858	0.543551162915239	0.56264281342201	0.524459512408468
498	1	498	0.561661830534087	0.579329199249593	0.54399446181858	0.581734463928781	0.600826114435552	0.56264281342201
498	2	498	0.561661830534087	0.579329199249593	0.54399446181858	0.581734463928781	0.600826114435552	0.56264281342201
499	1	499	0.561661830534087	0.579329199249593	0.54399446181858	0.619917764942324	0.639009415449095	0.600826114435553
499	2	499	0.561661830534087	0.579329199249593	0.54399446181858	0.619917764942324	0.639009415449095	0.600826114435553
500	1	500	0.561661830534087	0.579329199249593	0.54399446181858	0.658101065955866	0.677192716462638	0.639009415449095
500	2	500	0.561661830534087	0.579329199249593	0.54399446181858	0.658101065955866	0.677192716462638	0.639009415449095
501	1	501	0.561661830534087	0.579329199249593	0.54399446181858	0.696284366969409	0.71537601747618	0.677192716462638
501	2	501	0.561661830534087	0.579329199249593	0.54399446181858	0.696284366969409	0.71537601747618	0.677192716462638
502	1	502	0.561661830534087	0.579329199249593	0.54399446181858	0.734467667982951	0.753559318489722	0.71537601747618
502	2	502	0.561661830534087	0.579329199249593	0.54399446181858	0.734467667982951	0.753559318489722	0.71537601747618
503	1	503	0.561661830534087	0.579329199249593	0.54399446181858	0.772650968996494	0.791742619503265	0.753559318489723
503	2	503	0.561661830534087	0.579329199249593	0.54399446181858	0.772650968996494	0.791742619503265	0.753559318489723
504	1	504	0.561661830534087	0.579329199249593	0.54399446181858	0.810834270010036	0.829925920516807	0.791742619503265
504	2	504	0.561661830534087	0.579329199249593	0.54399446181858	0.810834270010036	0.829925920516807	0.791742619503265
505	1	505	0.561661830534087	0.579329199249593	0.54399446181858	0.849017571023579	0.86810922153035	0.829925920516807
505	2	505	0.561661830534087	0.579329199249593	0.54399446181858	0.849017571023579	0.86810922153035	0.829925920516807
506	1	506	0.561661830534087	0.579329199249593	0.54399446181858	0.887200872037121	0.906292522543892	0.86810922153035
506	2	506	0.561661830534087	0.579329199249593	0.54399446181858	0.887200872037121	0.906292522543892	0.86810922153035
507	1	507	0.561661830534087	0.579329199249593	0.54399446181858	0.925384173050664	0.944475823557435	0.906292522543892
507	2	507	0.561661830534087	0.579329199249593	0.54399446181858	0.925384173050664	0.944475823557435	0.906292522543892
508	1	508	0.561661830534087	0.579329199249593	0.54399446181858	0.963567474064206	0.982659124570977	0.944475823557435
508	2	508	0.561661830534087	0.579329199249593	0.54399446181858	0.963567474064206	0.982659124570977	0.944475823557435
509	1	509	0.561661830534087	0.579329199249593	0.54399446181858	1.00175077507775	1.02084242558452	0.982659124570977
509	2	509	0.561661830534087	0.579329199249593	0.54399446181858	1.00175077507775	1.02084242558452	0.982659124570977
510	1	510	0.561661830534087	0.579329199249593	0.54399446181858	1.03993407609129	1.05902572659806	1.02084242558452
510	2	510	0.561661830534087	0.579329199249593	0.54399446181858	1.03993407609129	1.05902572659806	1.02084242558452
511	1	511	0.5969965679651	0.614663936680607	0.579329199249593	-0.0673816533014411	-0.0482900027946699	-0.0864733038082123
511	2	511	0.5969965679651	0.614663936680607	0.579329199249593	-0.0673816533014411	-0.0482900027946699	-0.0864733038082123
512	1	512	0.5969965679651	0.614663936680607	0.579329199249593	-0.0291983522878986	-0.0101067017811274	-0.0482900027946698
512	2	512	0.5969965679651	0.614663936680607	0.579329199249593	-0.0291983522878986	-0.0101067017811274	-0.0482900027946698
513	1	513	0.5969965679651	0.614663936680607	0.579329199249593	0.00898494872564387	0.0280765992324151	-0.0101067017811273
513	2	513	0.5969965679651	0.614663936680607	0.579329199249593	0.00898494872564387	0.0280765992324151	-0.0101067017811273
514	1	514	0.5969965679651	0.614663936680607	0.579329199249593	0.0471682497391864	0.0662599002459576	0.0280765992324152
514	2	514	0.5969965679651	0.614663936680607	0.579329199249593	0.0471682497391864	0.0662599002459576	0.0280765992324152
515	1	515	0.5969965679651	0.614663936680607	0.579329199249593	0.0853515507527288	0.1044432012595	0.0662599002459577
515	2	515	0.5969965679651	0.614663936680607	0.579329199249593	0.0853515507527288	0.1044432012595	0.0662599002459577
516	1	516	0.5969965679651	0.614663936680607	0.579329199249593	0.123534851766271	0.142626502273043	0.1044432012595
516	2	516	0.5969965679651	0.614663936680607	0.579329199249593	0.123534851766271	0.142626502273043	0.1044432012595
517	1	517	0.5969965679651	0.614663936680607	0.579329199249593	0.161718152779814	0.180809803286585	0.142626502273043
517	2	517	0.5969965679651	0.614663936680607	0.579329199249593	0.161718152779814	0.180809803286585	0.142626502273043
518	1	518	0.5969965679651	0.614663936680607	0.579329199249593	0.199901453793356	0.218993104300128	0.180809803286585
518	2	518	0.5969965679651	0.614663936680607	0.579329199249593	0.199901453793356	0.218993104300128	0.180809803286585
519	1	519	0.5969965679651	0.614663936680607	0.579329199249593	0.238084754806899	0.25717640531367	0.218993104300128
519	2	519	0.5969965679651	0.614663936680607	0.579329199249593	0.238084754806899	0.25717640531367	0.218993104300128
520	1	520	0.5969965679651	0.614663936680607	0.579329199249593	0.276268055820441	0.295359706327213	0.25717640531367
520	2	520	0.5969965679651	0.614663936680607	0.579329199249593	0.276268055820441	0.295359706327213	0.25717640531367
521	1	521	0.5969965679651	0.614663936680607	0.579329199249593	0.314451356833984	0.333543007340755	0.295359706327213
521	2	521	0.5969965679651	0.614663936680607	0.579329199249593	0.314451356833984	0.333543007340755	0.295359706327213
522	1	522	0.5969965679651	0.614663936680607	0.579329199249593	0.352634657847526	0.371726308354297	0.333543007340755
522	2	522	0.5969965679651	0.614663936680607	0.579329199249593	0.352634657847526	0.371726308354297	0.333543007340755
523	1	523	0.5969965679651	0.614663936680607	0.579329199249593	0.390817958861069	0.40990960936784	0.371726308354298
523	2	523	0.5969965679651	0.614663936680607	0.579329199249593	0.390817958861069	0.40990960936784	0.371726308354298
524	1	524	0.5969965679651	0.614663936680607	0.579329199249593	0.429001259874611	0.448092910381383	0.40990960936784
524	2	524	0.5969965679651	0.614663936680607	0.579329199249593	0.429001259874611	0.448092910381383	0.40990960936784
525	1	525	0.5969965679651	0.614663936680607	0.579329199249593	0.467184560888154	0.486276211394925	0.448092910381383
525	2	525	0.5969965679651	0.614663936680607	0.579329199249593	0.467184560888154	0.486276211394925	0.448092910381383
526	1	526	0.5969965679651	0.614663936680607	0.579329199249593	0.505367861901696	0.524459512408467	0.486276211394925
526	2	526	0.5969965679651	0.614663936680607	0.579329199249593	0.505367861901696	0.524459512408467	0.486276211394925
527	1	527	0.5969965679651	0.614663936680607	0.579329199249593	0.543551162915239	0.56264281342201	0.524459512408468
527	2	527	0.5969965679651	0.614663936680607	0.579329199249593	0.543551162915239	0.56264281342201	0.524459512408468
528	1	528	0.5969965679651	0.614663936680607	0.579329199249593	0.581734463928781	0.600826114435552	0.56264281342201
528	2	528	0.5969965679651	0.614663936680607	0.579329199249593	0.581734463928781	0.600826114435552	0.56264281342201
529	1	529	0.5969965679651	0.614663936680607	0.579329199249593	0.619917764942324	0.639009415449095	0.600826114435553
529	2	529	0.5969965679651	0.614663936680607	0.579329199249593	0.619917764942324	0.639009415449095	0.600826114435553
530	1	530	0.5969965679651	0.614663936680607	0.579329199249593	0.658101065955866	0.677192716462638	0.639009415449095
530	2	530	0.5969965679651	0.614663936680607	0.579329199249593	0.658101065955866	0.677192716462638	0.639009415449095
531	1	531	0.5969965679651	0.614663936680607	0.579329199249593	0.696284366969409	0.71537601747618	0.677192716462638
531	2	531	0.5969965679651	0.614663936680607	0.579329199249593	0.696284366969409	0.71537601747618	0.677192716462638
532	1	532	0.5969965679651	0.614663936680607	0.579329199249593	0.734467667982951	0.753559318489722	0.71537601747618
532	2	532	0.5969965679651	0.614663936680607	0.579329199249593	0.734467667982951	0.753559318489722	0.71537601747618
533	1	533	0.5969965679651	0.614663936680607	0.579329199249593	0.772650968996494	0.791742619503265	0.753559318489723
533	2	533	0.5969965679651	0.614663936680607	0.579329199249593	0.772650968996494	0.791742619503265	0.753559318489723
534	1	534	0.5969965679651	0.614663936680607	0.579329199249593	0.810834270010036	0.829925920516807	0.791742619503265
534	2	534	0.5969965679651	0.614663936680607	0.579329199249593	0.810834270010036	0.829925920516807	0.791742619503265
535	1	535	0.5969965679651	0.614663936680607	0.579329199249593	0.849017571023579	0.86810922153035	0.829925920516807
535	2	535	0.5969965679651	0.614663936680607	0.579329199249593	0.849017571023579	0.86810922153035	0.829925920516807
536	1	536	0.5969965679651	0.614663936680607	0.579329199249593	0.887200872037121	0.906292522543892	0.86810922153035
536	2	536	0.5969965679651	0.614663936680607	0.579329199249593	0.887200872037121	0.906292522543892	0.86810922153035
537	1	537	0.5969965679651	0.614663936680607	0.579329199249593	0.925384173050664	0.944475823557435	0.906292522543892
537	2	537	0.5969965679651	0.614663936680607	0.579329199249593	0.925384173050664	0.944475823557435	0.906292522543892
538	1	538	0.5969965679651	0.614663936680607	0.579329199249593	0.963567474064206	0.982659124570977	0.944475823557435
538	2	538	0.5969965679651	0.614663936680607	0.579329199249593	0.963567474064206	0.982659124570977	0.944475823557435
539	1	539	0.5969965679651	0.614663936680607	0.579329199249593	1.00175077507775	1.02084242558452	0.982659124570977
539	2	539	0.5969965679651	0.614663936680607	0.579329199249593	1.00175077507775	1.02084242558452	0.982659124570977
540	1	540	0.5969965679651	0.614663936680607	0.579329199249593	1.03993407609129	1.05902572659806	1.02084242558452
540	2	540	0.5969965679651	0.614663936680607	0.579329199249593	1.03993407609129	1.05902572659806	1.02084242558452
541	1	541	0.632331305396113	0.64999867411162	0.614663936680607	-0.0673816533014411	-0.0482900027946699	-0.0864733038082123
541	2	541	0.632331305396113	0.64999867411162	0.614663936680607	-0.0673816533014411	-0.0482900027946699	-0.0864733038082123
542	1	542	0.632331305396113	0.64999867411162	0.614663936680607	-0.0291983522878986	-0.0101067017811274	-0.0482900027946698
542	2	542	0.632331305396113	0.64999867411162	0.614663936680607	-0.0291983522878986	-0.0101067017811274	-0.0482900027946698
543	1	543	0.632331305396113	0.64999867411162	0.614663936680607	0.00898494872564387	0.0280765992324151	-0.0101067017811273
543	2	543	0.632331305396113	0.64999867411162	0.614663936680607	0.00898494872564387	0.0280765992324151	-0.0101067017811273
544	1	544	0.632331305396113	0.64999867411162	0.614663936680607	0.0471682497391864	0.0662599002459576	0.0280765992324152
544	2	544	0.632331305396113	0.64999867411162	0.614663936680607	0.0471682497391864	0.0662599002459576	0.0280765992324152
545	1	545	0.632331305396113	0.64999867411162	0.614663936680607	0.0853515507527288	0.1044432012595	0.0662599002459577
545	2	545	0.632331305396113	0.64999867411162	0.614663936680607	0.0853515507527288	0.1044432012595	0.0662599002459577
546	1	546	0.632331305396113	0.64999867411162	0.614663936680607	0.123534851766271	0.142626502273043	0.1044432012595
546	2	546	0.632331305396113	0.64999867411162	0.614663936680607	0.123534851766271	0.142626502273043	0.1044432012595
547	1	547	0.632331305396113	0.64999867411162	0.614663936680607	0.161718152779814	0.180809803286585	0.142626502273043
547	2	547	0.632331305396113	0.64999867411162	0.614663936680607	0.161718152779814	0.180809803286585	0.142626502273043
548	1	548	0.632331305396113	0.64999867411162	0.614663936680607	0.199901453793356	0.218993104300128	0.180809803286585
548	2	548	0.632331305396113	0.64999867411162	0.614663936680607	0.199901453793356	0.218993104300128	0.180809803286585
549	1	549	0.632331305396113	0.64999867411162	0.614663936680607	0.238084754806899	0.25717640531367	0.218993104300128
549	2	549	0.632331305396113	0.64999867411162	0.614663936680607	0.238084754806899	0.25717640531367	0.218993104300128
550	1	550	0.632331305396113	0.64999867411162	0.614663936680607	0.276268055820441	0.295359706327213	0.25717640531367
550	2	550	0.632331305396113	0.64999867411162	0.614663936680607	0.276268055820441	0.295359706327213	0.25717640531367
551	1	551	0.632331305396113	0.64999867411162	0.614663936680607	0.314451356833984	0.333543007340755	0.295359706327213
551	2	551	0.632331305396113	0.64999867411162	0.614663936680607	0.314451356833984	0.333543007340755	0.295359706327213
552	1	552	0.632331305396113	0.64999867411162	0.614663936680607	0.352634657847526	0.371726308354297	0.333543007340755
552	2	552	0.632331305396113	0.64999867411162	0.614663936680607	0.352634657847526	0.371726308354297	0.333543007340755
553	1	553	0.632331305396113	0.64999867411162	0.614663936680607	0.390817958861069	0.40990960936784	0.371726308354298
553	2	553	0.632331305396113	0.64999867411162	0.614663936680607	0.390817958861069	0.40990960936784	0.371726308354298
554	1	554	0.632331305396113	0.64999867411162	0.614663936680607	0.429001259874611	0.448092910381383	0.40990960936784
554	2	554	0.632331305396113	0.64999867411162	0.614663936680607	0.429001259874611	0.448092910381383	0.40990960936784
555	1	555	0.632331305396113	0.64999867411162	0.614663936680607	0.467184560888154	0.486276211394925	0.448092910381383
555	2	555	0.632331305396113	0.64999867411162	0.614663936680607	0.467184560888154	0.486276211394925	0.448092910381383
556	1	556	0.632331305396113	0.64999867411162	0.614663936680607	0.505367861901696	0.524459512408467	0.486276211394925
556	2	556	0.632331305396113	0.64999867411162	0.614663936680607	0.505367861901696	0.524459512408467	0.486276211394925
557	1	557	0.632331305396113	0.64999867411162	0.614663936680607	0.543551162915239	0.56264281342201	0.524459512408468
557	2	557	0.632331305396113	0.64999867411162	0.614663936680607	0.543551162915239	0.56264281342201	0.524459512408468
558	1	558	0.632331305396113	0.64999867411162	0.614663936680607	0.581734463928781	0.600826114435552	0.56264281342201
558	2	558	0.632331305396113	0.64999867411162	0.614663936680607	0.581734463928781	0.600826114435552	0.56264281342201
559	1	559	0.632331305396113	0.64999867411162	0.614663936680607	0.619917764942324	0.639009415449095	0.600826114435553
559	2	559	0.632331305396113	0.64999867411162	0.614663936680607	0.619917764942324	0.639009415449095	0.600826114435553
560	1	560	0.632331305396113	0.64999867411162	0.614663936680607	0.658101065955866	0.677192716462638	0.639009415449095
560	2	560	0.632331305396113	0.64999867411162	0.614663936680607	0.658101065955866	0.677192716462638	0.639009415449095
561	1	561	0.632331305396113	0.64999867411162	0.614663936680607	0.696284366969409	0.71537601747618	0.677192716462638
561	2	561	0.632331305396113	0.64999867411162	0.614663936680607	0.696284366969409	0.71537601747618	0.677192716462638
562	1	562	0.632331305396113	0.64999867411162	0.614663936680607	0.734467667982951	0.753559318489722	0.71537601747618
562	2	562	0.632331305396113	0.64999867411162	0.614663936680607	0.734467667982951	0.753559318489722	0.71537601747618
563	1	563	0.632331305396113	0.64999867411162	0.614663936680607	0.772650968996494	0.791742619503265	0.753559318489723
563	2	563	0.632331305396113	0.64999867411162	0.614663936680607	0.772650968996494	0.791742619503265	0.753559318489723
564	1	564	0.632331305396113	0.64999867411162	0.614663936680607	0.810834270010036	0.829925920516807	0.791742619503265
564	2	564	0.632331305396113	0.64999867411162	0.614663936680607	0.810834270010036	0.829925920516807	0.791742619503265
565	1	565	0.632331305396113	0.64999867411162	0.614663936680607	0.849017571023579	0.86810922153035	0.829925920516807
565	2	565	0.632331305396113	0.64999867411162	0.614663936680607	0.849017571023579	0.86810922153035	0.829925920516807
566	1	566	0.632331305396113	0.64999867411162	0.614663936680607	0.887200872037121	0.906292522543892	0.86810922153035
566	2	566	0.632331305396113	0.64999867411162	0.614663936680607	0.887200872037121	0.906292522543892	0.86810922153035
567	1	567	0.632331305396113	0.64999867411162	0.614663936680607	0.925384173050664	0.944475823557435	0.906292522543892
567	2	567	0.632331305396113	0.64999867411162	0.614663936680607	0.925384173050664	0.944475823557435	0.906292522543892
568	1	568	0.632331305396113	0.64999867411162	0.614663936680607	0.963567474064206	0.982659124570977	0.944475823557435
568	2	568	0.632331305396113	0.64999867411162	0.614663936680607	0.963567474064206	0.982659124570977	0.944475823557435
569	1	569	0.632331305396113	0.64999867411162	0.614663936680607	1.00175077507775	1.02084242558452	0.982659124570977
569	2	569	0.632331305396113	0.64999867411162	0.614663936680607	1.00175077507775	1.02084242558452	0.982659124570977
570	1	570	0.632331305396113	0.64999867411162	0.614663936680607	1.03993407609129	1.05902572659806	1.02084242558452
570	2	570	0.632331305396113	0.64999867411162	0.614663936680607	1.03993407609129	1.05902572659806	1.02084242558452
571	1	571	0.667666042827127	0.685333411542633	0.64999867411162	-0.0673816533014411	-0.0482900027946699	-0.0864733038082123
571	2	571	0.667666042827127	0.685333411542633	0.64999867411162	-0.0673816533014411	-0.0482900027946699	-0.0864733038082123
572	1	572	0.667666042827127	0.685333411542633	0.64999867411162	-0.0291983522878986	-0.0101067017811274	-0.0482900027946698
572	2	572	0.667666042827127	0.685333411542633	0.64999867411162	-0.0291983522878986	-0.0101067017811274	-0.0482900027946698
573	1	573	0.667666042827127	0.685333411542633	0.64999867411162	0.00898494872564387	0.0280765992324151	-0.0101067017811273
573	2	573	0.667666042827127	0.685333411542633	0.64999867411162	0.00898494872564387	0.0280765992324151	-0.0101067017811273
574	1	574	0.667666042827127	0.685333411542633	0.64999867411162	0.0471682497391864	0.0662599002459576	0.0280765992324152
574	2	574	0.667666042827127	0.685333411542633	0.64999867411162	0.0471682497391864	0.0662599002459576	0.0280765992324152
575	1	575	0.667666042827127	0.685333411542633	0.64999867411162	0.0853515507527288	0.1044432012595	0.0662599002459577
575	2	575	0.667666042827127	0.685333411542633	0.64999867411162	0.0853515507527288	0.1044432012595	0.0662599002459577
576	1	576	0.667666042827127	0.685333411542633	0.64999867411162	0.123534851766271	0.142626502273043	0.1044432012595
576	2	576	0.667666042827127	0.685333411542633	0.64999867411162	0.123534851766271	0.142626502273043	0.1044432012595
577	1	577	0.667666042827127	0.685333411542633	0.64999867411162	0.161718152779814	0.180809803286585	0.142626502273043
577	2	577	0.667666042827127	0.685333411542633	0.64999867411162	0.161718152779814	0.180809803286585	0.142626502273043
578	1	578	0.667666042827127	0.685333411542633	0.64999867411162	0.199901453793356	0.218993104300128	0.180809803286585
578	2	578	0.667666042827127	0.685333411542633	0.64999867411162	0.199901453793356	0.218993104300128	0.180809803286585
579	1	579	0.667666042827127	0.685333411542633	0.64999867411162	0.238084754806899	0.25717640531367	0.218993104300128
579	2	579	0.667666042827127	0.685333411542633	0.64999867411162	0.238084754806899	0.25717640531367	0.218993104300128
580	1	580	0.667666042827127	0.685333411542633	0.64999867411162	0.276268055820441	0.295359706327213	0.25717640531367
580	2	580	0.667666042827127	0.685333411542633	0.64999867411162	0.276268055820441	0.295359706327213	0.25717640531367
581	1	581	0.667666042827127	0.685333411542633	0.64999867411162	0.314451356833984	0.333543007340755	0.295359706327213
581	2	581	0.667666042827127	0.685333411542633	0.64999867411162	0.314451356833984	0.333543007340755	0.295359706327213
582	1	582	0.667666042827127	0.685333411542633	0.64999867411162	0.352634657847526	0.371726308354297	0.333543007340755
582	2	582	0.667666042827127	0.685333411542633	0.64999867411162	0.352634657847526	0.371726308354297	0.333543007340755
583	1	583	0.667666042827127	0.685333411542633	0.64999867411162	0.390817958861069	0.40990960936784	0.371726308354298
583	2	583	0.667666042827127	0.685333411542633	0.64999867411162	0.390817958861069	0.40990960936784	0.371726308354298
584	1	584	0.667666042827127	0.685333411542633	0.64999867411162	0.429001259874611	0.448092910381383	0.40990960936784
584	2	584	0.667666042827127	0.685333411542633	0.64999867411162	0.429001259874611	0.448092910381383	0.40990960936784
585	1	585	0.667666042827127	0.685333411542633	0.64999867411162	0.467184560888154	0.486276211394925	0.448092910381383
585	2	585	0.667666042827127	0.685333411542633	0.64999867411162	0.467184560888154	0.486276211394925	0.448092910381383
586	1	586	0.667666042827127	0.685333411542633	0.64999867411162	0.505367861901696	0.524459512408467	0.486276211394925
586	2	586	0.667666042827127	0.685333411542633	0.64999867411162	0.505367861901696	0.524459512408467	0.486276211394925
587	1	587	0.667666042827127	0.685333411542633	0.64999867411162	0.543551162915239	0.56264281342201	0.524459512408468
587	2	587	0.667666042827127	0.685333411542633	0.64999867411162	0.543551162915239	0.56264281342201	0.524459512408468
588	1	588	0.667666042827127	0.685333411542633	0.64999867411162	0.581734463928781	0.600826114435552	0.56264281342201
588	2	588	0.667666042827127	0.685333411542633	0.64999867411162	0.581734463928781	0.600826114435552	0.56264281342201
589	1	589	0.667666042827127	0.685333411542633	0.64999867411162	0.619917764942324	0.639009415449095	0.600826114435553
589	2	589	0.667666042827127	0.685333411542633	0.64999867411162	0.619917764942324	0.639009415449095	0.600826114435553
590	1	590	0.667666042827127	0.685333411542633	0.64999867411162	0.658101065955866	0.677192716462638	0.639009415449095
590	2	590	0.667666042827127	0.685333411542633	0.64999867411162	0.658101065955866	0.677192716462638	0.639009415449095
591	1	591	0.667666042827127	0.685333411542633	0.64999867411162	0.696284366969409	0.71537601747618	0.677192716462638
591	2	591	0.667666042827127	0.685333411542633	0.64999867411162	0.696284366969409	0.71537601747618	0.677192716462638
592	1	592	0.667666042827127	0.685333411542633	0.64999867411162	0.734467667982951	0.753559318489722	0.71537601747618
592	2	592	0.667666042827127	0.685333411542633	0.64999867411162	0.734467667982951	0.753559318489722	0.71537601747618
593	1	593	0.667666042827127	0.685333411542633	0.64999867411162	0.772650968996494	0.791742619503265	0.753559318489723
593	2	593	0.667666042827127	0.685333411542633	0.64999867411162	0.772650968996494	0.791742619503265	0.753559318489723
594	1	594	0.667666042827127	0.685333411542633	0.64999867411162	0.810834270010036	0.829925920516807	0.791742619503265
594	2	594	0.667666042827127	0.685333411542633	0.64999867411162	0.810834270010036	0.829925920516807	0.791742619503265
595	1	595	0.667666042827127	0.685333411542633	0.64999867411162	0.849017571023579	0.86810922153035	0.829925920516807
595	2	595	0.667666042827127	0.685333411542633	0.64999867411162	0.849017571023579	0.86810922153035	0.829925920516807
596	1	596	0.667666042827127	0.685333411542633	0.64999867411162	0.887200872037121	0.906292522543892	0.86810922153035
596	2	596	0.667666042827127	0.685333411542633	0.64999867411162	0.887200872037121	0.906292522543892	0.86810922153035
597	1	597	0.667666042827127	0.685333411542633	0.64999867411162	0.925384173050664	0.944475823557435	0.906292522543892
597	2	597	0.667666042827127	0.685333411542633	0.64999867411162	0.925384173050664	0.944475823557435	0.906292522543892
598	1	598	0.667666042827127	0.685333411542633	0.64999867411162	0.963567474064206	0.982659124570977	0.944475823557435
598	2	598	0.667666042827127	0.685333411542633	0.64999867411162	0.963567474064206	0.982659124570977	0.944475823557435
599	1	599	0.667666042827127	0.685333411542633	0.64999867411162	1.00175077507775	1.02084242558452	0.982659124570977
599	2	599	0.667666042827127	0.685333411542633	0.64999867411162	1.00175077507775	1.02084242558452	0.982659124570977
600	1	600	0.667666042827127	0.685333411542633	0.64999867411162	1.03993407609129	1.05902572659806	1.02084242558452
600	2	600	0.667666042827127	0.685333411542633	0.64999867411162	1.03993407609129	1.05902572659806	1.02084242558452
601	1	601	0.70300078025814	0.720668148973646	0.685333411542633	-0.0673816533014411	-0.0482900027946699	-0.0864733038082123
601	2	601	0.70300078025814	0.720668148973646	0.685333411542633	-0.0673816533014411	-0.0482900027946699	-0.0864733038082123
602	1	602	0.70300078025814	0.720668148973646	0.685333411542633	-0.0291983522878986	-0.0101067017811274	-0.0482900027946698
602	2	602	0.70300078025814	0.720668148973646	0.685333411542633	-0.0291983522878986	-0.0101067017811274	-0.0482900027946698
603	1	603	0.70300078025814	0.720668148973646	0.685333411542633	0.00898494872564387	0.0280765992324151	-0.0101067017811273
603	2	603	0.70300078025814	0.720668148973646	0.685333411542633	0.00898494872564387	0.0280765992324151	-0.0101067017811273
604	1	604	0.70300078025814	0.720668148973646	0.685333411542633	0.0471682497391864	0.0662599002459576	0.0280765992324152
604	2	604	0.70300078025814	0.720668148973646	0.685333411542633	0.0471682497391864	0.0662599002459576	0.0280765992324152
605	1	605	0.70300078025814	0.720668148973646	0.685333411542633	0.0853515507527288	0.1044432012595	0.0662599002459577
605	2	605	0.70300078025814	0.720668148973646	0.685333411542633	0.0853515507527288	0.1044432012595	0.0662599002459577
606	1	606	0.70300078025814	0.720668148973646	0.685333411542633	0.123534851766271	0.142626502273043	0.1044432012595
606	2	606	0.70300078025814	0.720668148973646	0.685333411542633	0.123534851766271	0.142626502273043	0.1044432012595
607	1	607	0.70300078025814	0.720668148973646	0.685333411542633	0.161718152779814	0.180809803286585	0.142626502273043
607	2	607	0.70300078025814	0.720668148973646	0.685333411542633	0.161718152779814	0.180809803286585	0.142626502273043
608	1	608	0.70300078025814	0.720668148973646	0.685333411542633	0.199901453793356	0.218993104300128	0.180809803286585
608	2	608	0.70300078025814	0.720668148973646	0.685333411542633	0.199901453793356	0.218993104300128	0.180809803286585
609	1	609	0.70300078025814	0.720668148973646	0.685333411542633	0.238084754806899	0.25717640531367	0.218993104300128
609	2	609	0.70300078025814	0.720668148973646	0.685333411542633	0.238084754806899	0.25717640531367	0.218993104300128
610	1	610	0.70300078025814	0.720668148973646	0.685333411542633	0.276268055820441	0.295359706327213	0.25717640531367
610	2	610	0.70300078025814	0.720668148973646	0.685333411542633	0.276268055820441	0.295359706327213	0.25717640531367
611	1	611	0.70300078025814	0.720668148973646	0.685333411542633	0.314451356833984	0.333543007340755	0.295359706327213
611	2	611	0.70300078025814	0.720668148973646	0.685333411542633	0.314451356833984	0.333543007340755	0.295359706327213
612	1	612	0.70300078025814	0.720668148973646	0.685333411542633	0.352634657847526	0.371726308354297	0.333543007340755
612	2	612	0.70300078025814	0.720668148973646	0.685333411542633	0.352634657847526	0.371726308354297	0.333543007340755
613	1	613	0.70300078025814	0.720668148973646	0.685333411542633	0.390817958861069	0.40990960936784	0.371726308354298
613	2	613	0.70300078025814	0.720668148973646	0.685333411542633	0.390817958861069	0.40990960936784	0.371726308354298
614	1	614	0.70300078025814	0.720668148973646	0.685333411542633	0.429001259874611	0.448092910381383	0.40990960936784
614	2	614	0.70300078025814	0.720668148973646	0.685333411542633	0.429001259874611	0.448092910381383	0.40990960936784
615	1	615	0.70300078025814	0.720668148973646	0.685333411542633	0.467184560888154	0.486276211394925	0.448092910381383
615	2	615	0.70300078025814	0.720668148973646	0.685333411542633	0.467184560888154	0.486276211394925	0.448092910381383
616	1	616	0.70300078025814	0.720668148973646	0.685333411542633	0.505367861901696	0.524459512408467	0.486276211394925
616	2	616	0.70300078025814	0.720668148973646	0.685333411542633	0.505367861901696	0.524459512408467	0.486276211394925
617	1	617	0.70300078025814	0.720668148973646	0.685333411542633	0.543551162915239	0.56264281342201	0.524459512408468
617	2	617	0.70300078025814	0.720668148973646	0.685333411542633	0.543551162915239	0.56264281342201	0.524459512408468
618	1	618	0.70300078025814	0.720668148973646	0.685333411542633	0.581734463928781	0.600826114435552	0.56264281342201
618	2	618	0.70300078025814	0.720668148973646	0.685333411542633	0.581734463928781	0.600826114435552	0.56264281342201
619	1	619	0.70300078025814	0.720668148973646	0.685333411542633	0.619917764942324	0.639009415449095	0.600826114435553
619	2	619	0.70300078025814	0.720668148973646	0.685333411542633	0.619917764942324	0.639009415449095	0.600826114435553
620	1	620	0.70300078025814	0.720668148973646	0.685333411542633	0.658101065955866	0.677192716462638	0.639009415449095
620	2	620	0.70300078025814	0.720668148973646	0.685333411542633	0.658101065955866	0.677192716462638	0.639009415449095
621	1	621	0.70300078025814	0.720668148973646	0.685333411542633	0.696284366969409	0.71537601747618	0.677192716462638
621	2	621	0.70300078025814	0.720668148973646	0.685333411542633	0.696284366969409	0.71537601747618	0.677192716462638
622	1	622	0.70300078025814	0.720668148973646	0.685333411542633	0.734467667982951	0.753559318489722	0.71537601747618
622	2	622	0.70300078025814	0.720668148973646	0.685333411542633	0.734467667982951	0.753559318489722	0.71537601747618
623	1	623	0.70300078025814	0.720668148973646	0.685333411542633	0.772650968996494	0.791742619503265	0.753559318489723
623	2	623	0.70300078025814	0.720668148973646	0.685333411542633	0.772650968996494	0.791742619503265	0.753559318489723
624	1	624	0.70300078025814	0.720668148973646	0.685333411542633	0.810834270010036	0.829925920516807	0.791742619503265
624	2	624	0.70300078025814	0.720668148973646	0.685333411542633	0.810834270010036	0.829925920516807	0.791742619503265
625	1	625	0.70300078025814	0.720668148973646	0.685333411542633	0.849017571023579	0.86810922153035	0.829925920516807
625	2	625	0.70300078025814	0.720668148973646	0.685333411542633	0.849017571023579	0.86810922153035	0.829925920516807
626	1	626	0.70300078025814	0.720668148973646	0.685333411542633	0.887200872037121	0.906292522543892	0.86810922153035
626	2	626	0.70300078025814	0.720668148973646	0.685333411542633	0.887200872037121	0.906292522543892	0.86810922153035
627	1	627	0.70300078025814	0.720668148973646	0.685333411542633	0.925384173050664	0.944475823557435	0.906292522543892
627	2	627	0.70300078025814	0.720668148973646	0.685333411542633	0.925384173050664	0.944475823557435	0.906292522543892
628	1	628	0.70300078025814	0.720668148973646	0.685333411542633	0.963567474064206	0.982659124570977	0.944475823557435
628	2	628	0.70300078025814	0.720668148973646	0.685333411542633	0.963567474064206	0.982659124570977	0.944475823557435
629	1	629	0.70300078025814	0.720668148973646	0.685333411542633	1.00175077507775	1.02084242558452	0.982659124570977
629	2	629	0.70300078025814	0.720668148973646	0.685333411542633	1.00175077507775	1.02084242558452	0.982659124570977
630	1	630	0.70300078025814	0.720668148973646	0.685333411542633	1.03993407609129	1.05902572659806	1.02084242558452
630	2	630	0.70300078025814	0.720668148973646	0.685333411542633	1.03993407609129	1.05902572659806	1.02084242558452
631	1	631	0.738335517689153	0.75600288640466	0.720668148973646	-0.0673816533014411	-0.0482900027946699	-0.0864733038082123
631	2	631	0.738335517689153	0.75600288640466	0.720668148973646	-0.0673816533014411	-0.0482900027946699	-0.0864733038082123
632	1	632	0.738335517689153	0.75600288640466	0.720668148973646	-0.0291983522878986	-0.0101067017811274	-0.0482900027946698
632	2	632	0.738335517689153	0.75600288640466	0.720668148973646	-0.0291983522878986	-0.0101067017811274	-0.0482900027946698
633	1	633	0.738335517689153	0.75600288640466	0.720668148973646	0.00898494872564387	0.0280765992324151	-0.0101067017811273
633	2	633	0.738335517689153	0.75600288640466	0.720668148973646	0.00898494872564387	0.0280765992324151	-0.0101067017811273
634	1	634	0.738335517689153	0.75600288640466	0.720668148973646	0.0471682497391864	0.0662599002459576	0.0280765992324152
634	2	634	0.738335517689153	0.75600288640466	0.720668148973646	0.0471682497391864	0.0662599002459576	0.0280765992324152
635	1	635	0.738335517689153	0.75600288640466	0.720668148973646	0.0853515507527288	0.1044432012595	0.0662599002459577
635	2	635	0.738335517689153	0.75600288640466	0.720668148973646	0.0853515507527288	0.1044432012595	0.0662599002459577
636	1	636	0.738335517689153	0.75600288640466	0.720668148973646	0.123534851766271	0.142626502273043	0.1044432012595
636	2	636	0.738335517689153	0.75600288640466	0.720668148973646	0.123534851766271	0.142626502273043	0.1044432012595
637	1	637	0.738335517689153	0.75600288640466	0.720668148973646	0.161718152779814	0.180809803286585	0.142626502273043
637	2	637	0.738335517689153	0.75600288640466	0.720668148973646	0.161718152779814	0.180809803286585	0.142626502273043
638	1	638	0.738335517689153	0.75600288640466	0.720668148973646	0.199901453793356	0.218993104300128	0.180809803286585
638	2	638	0.738335517689153	0.75600288640466	0.720668148973646	0.199901453793356	0.218993104300128	0.180809803286585
639	1	639	0.738335517689153	0.75600288640466	0.720668148973646	0.238084754806899	0.25717640531367	0.218993104300128
639	2	639	0.738335517689153	0.75600288640466	0.720668148973646	0.238084754806899	0.25717640531367	0.218993104300128
640	1	640	0.738335517689153	0.75600288640466	0.720668148973646	0.276268055820441	0.295359706327213	0.25717640531367
640	2	640	0.738335517689153	0.75600288640466	0.720668148973646	0.276268055820441	0.295359706327213	0.25717640531367
641	1	641	0.738335517689153	0.75600288640466	0.720668148973646	0.314451356833984	0.333543007340755	0.295359706327213
641	2	641	0.738335517689153	0.75600288640466	0.720668148973646	0.314451356833984	0.333543007340755	0.295359706327213
642	1	642	0.738335517689153	0.75600288640466	0.720668148973646	0.352634657847526	0.371726308354297	0.333543007340755
642	2	642	0.738335517689153	0.75600288640466	0.720668148973646	0.352634657847526	0.371726308354297	0.333543007340755
643	1	643	0.738335517689153	0.75600288640466	0.720668148973646	0.390817958861069	0.40990960936784	0.371726308354298
643	2	643	0.738335517689153	0.75600288640466	0.720668148973646	0.390817958861069	0.40990960936784	0.371726308354298
644	1	644	0.738335517689153	0.75600288640466	0.720668148973646	0.429001259874611	0.448092910381383	0.40990960936784
644	2	644	0.738335517689153	0.75600288640466	0.720668148973646	0.429001259874611	0.448092910381383	0.40990960936784
645	1	645	0.738335517689153	0.75600288640466	0.720668148973646	0.467184560888154	0.486276211394925	0.448092910381383
645	2	645	0.738335517689153	0.75600288640466	0.720668148973646	0.467184560888154	0.486276211394925	0.448092910381383
646	1	646	0.738335517689153	0.75600288640466	0.720668148973646	0.505367861901696	0.524459512408467	0.486276211394925
646	2	646	0.738335517689153	0.75600288640466	0.720668148973646	0.505367861901696	0.524459512408467	0.486276211394925
647	1	647	0.738335517689153	0.75600288640466	0.720668148973646	0.543551162915239	0.56264281342201	0.524459512408468
647	2	647	0.738335517689153	0.75600288640466	0.720668148973646	0.543551162915239	0.56264281342201	0.524459512408468
648	1	648	0.738335517689153	0.75600288640466	0.720668148973646	0.581734463928781	0.600826114435552	0.56264281342201
648	2	648	0.738335517689153	0.75600288640466	0.720668148973646	0.581734463928781	0.600826114435552	0.56264281342201
649	1	649	0.738335517689153	0.75600288640466	0.720668148973646	0.619917764942324	0.639009415449095	0.600826114435553
649	2	649	0.738335517689153	0.75600288640466	0.720668148973646	0.619917764942324	0.639009415449095	0.600826114435553
650	1	650	0.738335517689153	0.75600288640466	0.720668148973646	0.658101065955866	0.677192716462638	0.639009415449095
650	2	650	0.738335517689153	0.75600288640466	0.720668148973646	0.658101065955866	0.677192716462638	0.639009415449095
651	1	651	0.738335517689153	0.75600288640466	0.720668148973646	0.696284366969409	0.71537601747618	0.677192716462638
651	2	651	0.738335517689153	0.75600288640466	0.720668148973646	0.696284366969409	0.71537601747618	0.677192716462638
652	1	652	0.738335517689153	0.75600288640466	0.720668148973646	0.734467667982951	0.753559318489722	0.71537601747618
652	2	652	0.738335517689153	0.75600288640466	0.720668148973646	0.734467667982951	0.753559318489722	0.71537601747618
653	1	653	0.738335517689153	0.75600288640466	0.720668148973646	0.772650968996494	0.791742619503265	0.753559318489723
653	2	653	0.738335517689153	0.75600288640466	0.720668148973646	0.772650968996494	0.791742619503265	0.753559318489723
654	1	654	0.738335517689153	0.75600288640466	0.720668148973646	0.810834270010036	0.829925920516807	0.791742619503265
654	2	654	0.738335517689153	0.75600288640466	0.720668148973646	0.810834270010036	0.829925920516807	0.791742619503265
655	1	655	0.738335517689153	0.75600288640466	0.720668148973646	0.849017571023579	0.86810922153035	0.829925920516807
655	2	655	0.738335517689153	0.75600288640466	0.720668148973646	0.849017571023579	0.86810922153035	0.829925920516807
656	1	656	0.738335517689153	0.75600288640466	0.720668148973646	0.887200872037121	0.906292522543892	0.86810922153035
656	2	656	0.738335517689153	0.75600288640466	0.720668148973646	0.887200872037121	0.906292522543892	0.86810922153035
657	1	657	0.738335517689153	0.75600288640466	0.720668148973646	0.925384173050664	0.944475823557435	0.906292522543892
657	2	657	0.738335517689153	0.75600288640466	0.720668148973646	0.925384173050664	0.944475823557435	0.906292522543892
658	1	658	0.738335517689153	0.75600288640466	0.720668148973646	0.963567474064206	0.982659124570977	0.944475823557435
658	2	658	0.738335517689153	0.75600288640466	0.720668148973646	0.963567474064206	0.982659124570977	0.944475823557435
659	1	659	0.738335517689153	0.75600288640466	0.720668148973646	1.00175077507775	1.02084242558452	0.982659124570977
659	2	659	0.738335517689153	0.75600288640466	0.720668148973646	1.00175077507775	1.02084242558452	0.982659124570977
660	1	660	0.738335517689153	0.75600288640466	0.720668148973646	1.03993407609129	1.05902572659806	1.02084242558452
660	2	660	0.738335517689153	0.75600288640466	0.720668148973646	1.03993407609129	1.05902572659806	1.02084242558452
661	1	661	0.773670255120166	0.791337623835673	0.75600288640466	-0.0673816533014411	-0.0482900027946699	-0.0864733038082123
661	2	661	0.773670255120166	0.791337623835673	0.75600288640466	-0.0673816533014411	-0.0482900027946699	-0.0864733038082123
662	1	662	0.773670255120166	0.791337623835673	0.75600288640466	-0.0291983522878986	-0.0101067017811274	-0.0482900027946698
662	2	662	0.773670255120166	0.791337623835673	0.75600288640466	-0.0291983522878986	-0.0101067017811274	-0.0482900027946698
663	1	663	0.773670255120166	0.791337623835673	0.75600288640466	0.00898494872564387	0.0280765992324151	-0.0101067017811273
663	2	663	0.773670255120166	0.791337623835673	0.75600288640466	0.00898494872564387	0.0280765992324151	-0.0101067017811273
664	1	664	0.773670255120166	0.791337623835673	0.75600288640466	0.0471682497391864	0.0662599002459576	0.0280765992324152
664	2	664	0.773670255120166	0.791337623835673	0.75600288640466	0.0471682497391864	0.0662599002459576	0.0280765992324152
665	1	665	0.773670255120166	0.791337623835673	0.75600288640466	0.0853515507527288	0.1044432012595	0.0662599002459577
665	2	665	0.773670255120166	0.791337623835673	0.75600288640466	0.0853515507527288	0.1044432012595	0.0662599002459577
666	1	666	0.773670255120166	0.791337623835673	0.75600288640466	0.123534851766271	0.142626502273043	0.1044432012595
666	2	666	0.773670255120166	0.791337623835673	0.75600288640466	0.123534851766271	0.142626502273043	0.1044432012595
667	1	667	0.773670255120166	0.791337623835673	0.75600288640466	0.161718152779814	0.180809803286585	0.142626502273043
667	2	667	0.773670255120166	0.791337623835673	0.75600288640466	0.161718152779814	0.180809803286585	0.142626502273043
668	1	668	0.773670255120166	0.791337623835673	0.75600288640466	0.199901453793356	0.218993104300128	0.180809803286585
668	2	668	0.773670255120166	0.791337623835673	0.75600288640466	0.199901453793356	0.218993104300128	0.180809803286585
669	1	669	0.773670255120166	0.791337623835673	0.75600288640466	0.238084754806899	0.25717640531367	0.218993104300128
669	2	669	0.773670255120166	0.791337623835673	0.75600288640466	0.238084754806899	0.25717640531367	0.218993104300128
670	1	670	0.773670255120166	0.791337623835673	0.75600288640466	0.276268055820441	0.295359706327213	0.25717640531367
670	2	670	0.773670255120166	0.791337623835673	0.75600288640466	0.276268055820441	0.295359706327213	0.25717640531367
671	1	671	0.773670255120166	0.791337623835673	0.75600288640466	0.314451356833984	0.333543007340755	0.295359706327213
671	2	671	0.773670255120166	0.791337623835673	0.75600288640466	0.314451356833984	0.333543007340755	0.295359706327213
672	1	672	0.773670255120166	0.791337623835673	0.75600288640466	0.352634657847526	0.371726308354297	0.333543007340755
672	2	672	0.773670255120166	0.791337623835673	0.75600288640466	0.352634657847526	0.371726308354297	0.333543007340755
673	1	673	0.773670255120166	0.791337623835673	0.75600288640466	0.390817958861069	0.40990960936784	0.371726308354298
673	2	673	0.773670255120166	0.791337623835673	0.75600288640466	0.390817958861069	0.40990960936784	0.371726308354298
674	1	674	0.773670255120166	0.791337623835673	0.75600288640466	0.429001259874611	0.448092910381383	0.40990960936784
674	2	674	0.773670255120166	0.791337623835673	0.75600288640466	0.429001259874611	0.448092910381383	0.40990960936784
675	1	675	0.773670255120166	0.791337623835673	0.75600288640466	0.467184560888154	0.486276211394925	0.448092910381383
675	2	675	0.773670255120166	0.791337623835673	0.75600288640466	0.467184560888154	0.486276211394925	0.448092910381383
676	1	676	0.773670255120166	0.791337623835673	0.75600288640466	0.505367861901696	0.524459512408467	0.486276211394925
676	2	676	0.773670255120166	0.791337623835673	0.75600288640466	0.505367861901696	0.524459512408467	0.486276211394925
677	1	677	0.773670255120166	0.791337623835673	0.75600288640466	0.543551162915239	0.56264281342201	0.524459512408468
677	2	677	0.773670255120166	0.791337623835673	0.75600288640466	0.543551162915239	0.56264281342201	0.524459512408468
678	1	678	0.773670255120166	0.791337623835673	0.75600288640466	0.581734463928781	0.600826114435552	0.56264281342201
678	2	678	0.773670255120166	0.791337623835673	0.75600288640466	0.581734463928781	0.600826114435552	0.56264281342201
679	1	679	0.773670255120166	0.791337623835673	0.75600288640466	0.619917764942324	0.639009415449095	0.600826114435553
679	2	679	0.773670255120166	0.791337623835673	0.75600288640466	0.619917764942324	0.639009415449095	0.600826114435553
680	1	680	0.773670255120166	0.791337623835673	0.75600288640466	0.658101065955866	0.677192716462638	0.639009415449095
680	2	680	0.773670255120166	0.791337623835673	0.75600288640466	0.658101065955866	0.677192716462638	0.639009415449095
681	1	681	0.773670255120166	0.791337623835673	0.75600288640466	0.696284366969409	0.71537601747618	0.677192716462638
681	2	681	0.773670255120166	0.791337623835673	0.75600288640466	0.696284366969409	0.71537601747618	0.677192716462638
682	1	682	0.773670255120166	0.791337623835673	0.75600288640466	0.734467667982951	0.753559318489722	0.71537601747618
682	2	682	0.773670255120166	0.791337623835673	0.75600288640466	0.734467667982951	0.753559318489722	0.71537601747618
683	1	683	0.773670255120166	0.791337623835673	0.75600288640466	0.772650968996494	0.791742619503265	0.753559318489723
683	2	683	0.773670255120166	0.791337623835673	0.75600288640466	0.772650968996494	0.791742619503265	0.753559318489723
684	1	684	0.773670255120166	0.791337623835673	0.75600288640466	0.810834270010036	0.829925920516807	0.791742619503265
684	2	684	0.773670255120166	0.791337623835673	0.75600288640466	0.810834270010036	0.829925920516807	0.791742619503265
685	1	685	0.773670255120166	0.791337623835673	0.75600288640466	0.849017571023579	0.86810922153035	0.829925920516807
685	2	685	0.773670255120166	0.791337623835673	0.75600288640466	0.849017571023579	0.86810922153035	0.829925920516807
686	1	686	0.773670255120166	0.791337623835673	0.75600288640466	0.887200872037121	0.906292522543892	0.86810922153035
686	2	686	0.773670255120166	0.791337623835673	0.75600288640466	0.887200872037121	0.906292522543892	0.86810922153035
687	1	687	0.773670255120166	0.791337623835673	0.75600288640466	0.925384173050664	0.944475823557435	0.906292522543892
687	2	687	0.773670255120166	0.791337623835673	0.75600288640466	0.925384173050664	0.944475823557435	0.906292522543892
688	1	688	0.773670255120166	0.791337623835673	0.75600288640466	0.963567474064206	0.982659124570977	0.944475823557435
688	2	688	0.773670255120166	0.791337623835673	0.75600288640466	0.963567474064206	0.982659124570977	0.944475823557435
689	1	689	0.773670255120166	0.791337623835673	0.75600288640466	1.00175077507775	1.02084242558452	0.982659124570977
689	2	689	0.773670255120166	0.791337623835673	0.75600288640466	1.00175077507775	1.02084242558452	0.982659124570977
690	1	690	0.773670255120166	0.791337623835673	0.75600288640466	1.03993407609129	1.05902572659806	1.02084242558452
690	2	690	0.773670255120166	0.791337623835673	0.75600288640466	1.03993407609129	1.05902572659806	1.02084242558452
691	1	691	0.809004992551179	0.826672361266686	0.791337623835673	-0.0673816533014411	-0.0482900027946699	-0.0864733038082123
691	2	691	0.809004992551179	0.826672361266686	0.791337623835673	-0.0673816533014411	-0.0482900027946699	-0.0864733038082123
692	1	692	0.809004992551179	0.826672361266686	0.791337623835673	-0.0291983522878986	-0.0101067017811274	-0.0482900027946698
692	2	692	0.809004992551179	0.826672361266686	0.791337623835673	-0.0291983522878986	-0.0101067017811274	-0.0482900027946698
693	1	693	0.809004992551179	0.826672361266686	0.791337623835673	0.00898494872564387	0.0280765992324151	-0.0101067017811273
693	2	693	0.809004992551179	0.826672361266686	0.791337623835673	0.00898494872564387	0.0280765992324151	-0.0101067017811273
694	1	694	0.809004992551179	0.826672361266686	0.791337623835673	0.0471682497391864	0.0662599002459576	0.0280765992324152
694	2	694	0.809004992551179	0.826672361266686	0.791337623835673	0.0471682497391864	0.0662599002459576	0.0280765992324152
695	1	695	0.809004992551179	0.826672361266686	0.791337623835673	0.0853515507527288	0.1044432012595	0.0662599002459577
695	2	695	0.809004992551179	0.826672361266686	0.791337623835673	0.0853515507527288	0.1044432012595	0.0662599002459577
696	1	696	0.809004992551179	0.826672361266686	0.791337623835673	0.123534851766271	0.142626502273043	0.1044432012595
696	2	696	0.809004992551179	0.826672361266686	0.791337623835673	0.123534851766271	0.142626502273043	0.1044432012595
697	1	697	0.809004992551179	0.826672361266686	0.791337623835673	0.161718152779814	0.180809803286585	0.142626502273043
697	2	697	0.809004992551179	0.826672361266686	0.791337623835673	0.161718152779814	0.180809803286585	0.142626502273043
698	1	698	0.809004992551179	0.826672361266686	0.791337623835673	0.199901453793356	0.218993104300128	0.180809803286585
698	2	698	0.809004992551179	0.826672361266686	0.791337623835673	0.199901453793356	0.218993104300128	0.180809803286585
699	1	699	0.809004992551179	0.826672361266686	0.791337623835673	0.238084754806899	0.25717640531367	0.218993104300128
699	2	699	0.809004992551179	0.826672361266686	0.791337623835673	0.238084754806899	0.25717640531367	0.218993104300128
700	1	700	0.809004992551179	0.826672361266686	0.791337623835673	0.276268055820441	0.295359706327213	0.25717640531367
700	2	700	0.809004992551179	0.826672361266686	0.791337623835673	0.276268055820441	0.295359706327213	0.25717640531367
701	1	701	0.809004992551179	0.826672361266686	0.791337623835673	0.314451356833984	0.333543007340755	0.295359706327213
701	2	701	0.809004992551179	0.826672361266686	0.791337623835673	0.314451356833984	0.333543007340755	0.295359706327213
702	1	702	0.809004992551179	0.826672361266686	0.791337623835673	0.352634657847526	0.371726308354297	0.333543007340755
702	2	702	0.809004992551179	0.826672361266686	0.791337623835673	0.352634657847526	0.371726308354297	0.333543007340755
703	1	703	0.809004992551179	0.826672361266686	0.791337623835673	0.390817958861069	0.40990960936784	0.371726308354298
703	2	703	0.809004992551179	0.826672361266686	0.791337623835673	0.390817958861069	0.40990960936784	0.371726308354298
704	1	704	0.809004992551179	0.826672361266686	0.791337623835673	0.429001259874611	0.448092910381383	0.40990960936784
704	2	704	0.809004992551179	0.826672361266686	0.791337623835673	0.429001259874611	0.448092910381383	0.40990960936784
705	1	705	0.809004992551179	0.826672361266686	0.791337623835673	0.467184560888154	0.486276211394925	0.448092910381383
705	2	705	0.809004992551179	0.826672361266686	0.791337623835673	0.467184560888154	0.486276211394925	0.448092910381383
706	1	706	0.809004992551179	0.826672361266686	0.791337623835673	0.505367861901696	0.524459512408467	0.486276211394925
706	2	706	0.809004992551179	0.826672361266686	0.791337623835673	0.505367861901696	0.524459512408467	0.486276211394925
707	1	707	0.809004992551179	0.826672361266686	0.791337623835673	0.543551162915239	0.56264281342201	0.524459512408468
707	2	707	0.809004992551179	0.826672361266686	0.791337623835673	0.543551162915239	0.56264281342201	0.524459512408468
708	1	708	0.809004992551179	0.826672361266686	0.791337623835673	0.581734463928781	0.600826114435552	0.56264281342201
708	2	708	0.809004992551179	0.826672361266686	0.791337623835673	0.581734463928781	0.600826114435552	0.56264281342201
709	1	709	0.809004992551179	0.826672361266686	0.791337623835673	0.619917764942324	0.639009415449095	0.600826114435553
709	2	709	0.809004992551179	0.826672361266686	0.791337623835673	0.619917764942324	0.639009415449095	0.600826114435553
710	1	710	0.809004992551179	0.826672361266686	0.791337623835673	0.658101065955866	0.677192716462638	0.639009415449095
710	2	710	0.809004992551179	0.826672361266686	0.791337623835673	0.658101065955866	0.677192716462638	0.639009415449095
711	1	711	0.809004992551179	0.826672361266686	0.791337623835673	0.696284366969409	0.71537601747618	0.677192716462638
711	2	711	0.809004992551179	0.826672361266686	0.791337623835673	0.696284366969409	0.71537601747618	0.677192716462638
712	1	712	0.809004992551179	0.826672361266686	0.791337623835673	0.734467667982951	0.753559318489722	0.71537601747618
712	2	712	0.809004992551179	0.826672361266686	0.791337623835673	0.734467667982951	0.753559318489722	0.71537601747618
713	1	713	0.809004992551179	0.826672361266686	0.791337623835673	0.772650968996494	0.791742619503265	0.753559318489723
713	2	713	0.809004992551179	0.826672361266686	0.791337623835673	0.772650968996494	0.791742619503265	0.753559318489723
714	1	714	0.809004992551179	0.826672361266686	0.791337623835673	0.810834270010036	0.829925920516807	0.791742619503265
714	2	714	0.809004992551179	0.826672361266686	0.791337623835673	0.810834270010036	0.829925920516807	0.791742619503265
715	1	715	0.809004992551179	0.826672361266686	0.791337623835673	0.849017571023579	0.86810922153035	0.829925920516807
715	2	715	0.809004992551179	0.826672361266686	0.791337623835673	0.849017571023579	0.86810922153035	0.829925920516807
716	1	716	0.809004992551179	0.826672361266686	0.791337623835673	0.887200872037121	0.906292522543892	0.86810922153035
716	2	716	0.809004992551179	0.826672361266686	0.791337623835673	0.887200872037121	0.906292522543892	0.86810922153035
717	1	717	0.809004992551179	0.826672361266686	0.791337623835673	0.925384173050664	0.944475823557435	0.906292522543892
717	2	717	0.809004992551179	0.826672361266686	0.791337623835673	0.925384173050664	0.944475823557435	0.906292522543892
718	1	718	0.809004992551179	0.826672361266686	0.791337623835673	0.963567474064206	0.982659124570977	0.944475823557435
718	2	718	0.809004992551179	0.826672361266686	0.791337623835673	0.963567474064206	0.982659124570977	0.944475823557435
719	1	719	0.809004992551179	0.826672361266686	0.791337623835673	1.00175077507775	1.02084242558452	0.982659124570977
719	2	719	0.809004992551179	0.826672361266686	0.791337623835673	1.00175077507775	1.02084242558452	0.982659124570977
720	1	720	0.809004992551179	0.826672361266686	0.791337623835673	1.03993407609129	1.05902572659806	1.02084242558452
720	2	720	0.809004992551179	0.826672361266686	0.791337623835673	1.03993407609129	1.05902572659806	1.02084242558452
721	1	721	0.844339729982193	0.862007098697699	0.826672361266686	-0.0673816533014411	-0.0482900027946699	-0.0864733038082123
721	2	721	0.844339729982193	0.862007098697699	0.826672361266686	-0.0673816533014411	-0.0482900027946699	-0.0864733038082123
722	1	722	0.844339729982193	0.862007098697699	0.826672361266686	-0.0291983522878986	-0.0101067017811274	-0.0482900027946698
722	2	722	0.844339729982193	0.862007098697699	0.826672361266686	-0.0291983522878986	-0.0101067017811274	-0.0482900027946698
723	1	723	0.844339729982193	0.862007098697699	0.826672361266686	0.00898494872564387	0.0280765992324151	-0.0101067017811273
723	2	723	0.844339729982193	0.862007098697699	0.826672361266686	0.00898494872564387	0.0280765992324151	-0.0101067017811273
724	1	724	0.844339729982193	0.862007098697699	0.826672361266686	0.0471682497391864	0.0662599002459576	0.0280765992324152
724	2	724	0.844339729982193	0.862007098697699	0.826672361266686	0.0471682497391864	0.0662599002459576	0.0280765992324152
725	1	725	0.844339729982193	0.862007098697699	0.826672361266686	0.0853515507527288	0.1044432012595	0.0662599002459577
725	2	725	0.844339729982193	0.862007098697699	0.826672361266686	0.0853515507527288	0.1044432012595	0.0662599002459577
726	1	726	0.844339729982193	0.862007098697699	0.826672361266686	0.123534851766271	0.142626502273043	0.1044432012595
726	2	726	0.844339729982193	0.862007098697699	0.826672361266686	0.123534851766271	0.142626502273043	0.1044432012595
727	1	727	0.844339729982193	0.862007098697699	0.826672361266686	0.161718152779814	0.180809803286585	0.142626502273043
727	2	727	0.844339729982193	0.862007098697699	0.826672361266686	0.161718152779814	0.180809803286585	0.142626502273043
728	1	728	0.844339729982193	0.862007098697699	0.826672361266686	0.199901453793356	0.218993104300128	0.180809803286585
728	2	728	0.844339729982193	0.862007098697699	0.826672361266686	0.199901453793356	0.218993104300128	0.180809803286585
729	1	729	0.844339729982193	0.862007098697699	0.826672361266686	0.238084754806899	0.25717640531367	0.218993104300128
729	2	729	0.844339729982193	0.862007098697699	0.826672361266686	0.238084754806899	0.25717640531367	0.218993104300128
730	1	730	0.844339729982193	0.862007098697699	0.826672361266686	0.276268055820441	0.295359706327213	0.25717640531367
730	2	730	0.844339729982193	0.862007098697699	0.826672361266686	0.276268055820441	0.295359706327213	0.25717640531367
731	1	731	0.844339729982193	0.862007098697699	0.826672361266686	0.314451356833984	0.333543007340755	0.295359706327213
731	2	731	0.844339729982193	0.862007098697699	0.826672361266686	0.314451356833984	0.333543007340755	0.295359706327213
732	1	732	0.844339729982193	0.862007098697699	0.826672361266686	0.352634657847526	0.371726308354297	0.333543007340755
732	2	732	0.844339729982193	0.862007098697699	0.826672361266686	0.352634657847526	0.371726308354297	0.333543007340755
733	1	733	0.844339729982193	0.862007098697699	0.826672361266686	0.390817958861069	0.40990960936784	0.371726308354298
733	2	733	0.844339729982193	0.862007098697699	0.826672361266686	0.390817958861069	0.40990960936784	0.371726308354298
734	1	734	0.844339729982193	0.862007098697699	0.826672361266686	0.429001259874611	0.448092910381383	0.40990960936784
734	2	734	0.844339729982193	0.862007098697699	0.826672361266686	0.429001259874611	0.448092910381383	0.40990960936784
735	1	735	0.844339729982193	0.862007098697699	0.826672361266686	0.467184560888154	0.486276211394925	0.448092910381383
735	2	735	0.844339729982193	0.862007098697699	0.826672361266686	0.467184560888154	0.486276211394925	0.448092910381383
736	1	736	0.844339729982193	0.862007098697699	0.826672361266686	0.505367861901696	0.524459512408467	0.486276211394925
736	2	736	0.844339729982193	0.862007098697699	0.826672361266686	0.505367861901696	0.524459512408467	0.486276211394925
737	1	737	0.844339729982193	0.862007098697699	0.826672361266686	0.543551162915239	0.56264281342201	0.524459512408468
737	2	737	0.844339729982193	0.862007098697699	0.826672361266686	0.543551162915239	0.56264281342201	0.524459512408468
738	1	738	0.844339729982193	0.862007098697699	0.826672361266686	0.581734463928781	0.600826114435552	0.56264281342201
738	2	738	0.844339729982193	0.862007098697699	0.826672361266686	0.581734463928781	0.600826114435552	0.56264281342201
739	1	739	0.844339729982193	0.862007098697699	0.826672361266686	0.619917764942324	0.639009415449095	0.600826114435553
739	2	739	0.844339729982193	0.862007098697699	0.826672361266686	0.619917764942324	0.639009415449095	0.600826114435553
740	1	740	0.844339729982193	0.862007098697699	0.826672361266686	0.658101065955866	0.677192716462638	0.639009415449095
740	2	740	0.844339729982193	0.862007098697699	0.826672361266686	0.658101065955866	0.677192716462638	0.639009415449095
741	1	741	0.844339729982193	0.862007098697699	0.826672361266686	0.696284366969409	0.71537601747618	0.677192716462638
741	2	741	0.844339729982193	0.862007098697699	0.826672361266686	0.696284366969409	0.71537601747618	0.677192716462638
742	1	742	0.844339729982193	0.862007098697699	0.826672361266686	0.734467667982951	0.753559318489722	0.71537601747618
742	2	742	0.844339729982193	0.862007098697699	0.826672361266686	0.734467667982951	0.753559318489722	0.71537601747618
743	1	743	0.844339729982193	0.862007098697699	0.826672361266686	0.772650968996494	0.791742619503265	0.753559318489723
743	2	743	0.844339729982193	0.862007098697699	0.826672361266686	0.772650968996494	0.791742619503265	0.753559318489723
744	1	744	0.844339729982193	0.862007098697699	0.826672361266686	0.810834270010036	0.829925920516807	0.791742619503265
744	2	744	0.844339729982193	0.862007098697699	0.826672361266686	0.810834270010036	0.829925920516807	0.791742619503265
745	1	745	0.844339729982193	0.862007098697699	0.826672361266686	0.849017571023579	0.86810922153035	0.829925920516807
745	2	745	0.844339729982193	0.862007098697699	0.826672361266686	0.849017571023579	0.86810922153035	0.829925920516807
746	1	746	0.844339729982193	0.862007098697699	0.826672361266686	0.887200872037121	0.906292522543892	0.86810922153035
746	2	746	0.844339729982193	0.862007098697699	0.826672361266686	0.887200872037121	0.906292522543892	0.86810922153035
747	1	747	0.844339729982193	0.862007098697699	0.826672361266686	0.925384173050664	0.944475823557435	0.906292522543892
747	2	747	0.844339729982193	0.862007098697699	0.826672361266686	0.925384173050664	0.944475823557435	0.906292522543892
748	1	748	0.844339729982193	0.862007098697699	0.826672361266686	0.963567474064206	0.982659124570977	0.944475823557435
748	2	748	0.844339729982193	0.862007098697699	0.826672361266686	0.963567474064206	0.982659124570977	0.944475823557435
749	1	749	0.844339729982193	0.862007098697699	0.826672361266686	1.00175077507775	1.02084242558452	0.982659124570977
749	2	749	0.844339729982193	0.862007098697699	0.826672361266686	1.00175077507775	1.02084242558452	0.982659124570977
750	1	750	0.844339729982193	0.862007098697699	0.826672361266686	1.03993407609129	1.05902572659806	1.02084242558452
750	2	750	0.844339729982193	0.862007098697699	0.826672361266686	1.03993407609129	1.05902572659806	1.02084242558452
751	1	751	0.879674467413206	0.897341836128712	0.862007098697699	-0.0673816533014411	-0.0482900027946699	-0.0864733038082123
751	2	751	0.879674467413206	0.897341836128712	0.862007098697699	-0.0673816533014411	-0.0482900027946699	-0.0864733038082123
752	1	752	0.879674467413206	0.897341836128712	0.862007098697699	-0.0291983522878986	-0.0101067017811274	-0.0482900027946698
752	2	752	0.879674467413206	0.897341836128712	0.862007098697699	-0.0291983522878986	-0.0101067017811274	-0.0482900027946698
753	1	753	0.879674467413206	0.897341836128712	0.862007098697699	0.00898494872564387	0.0280765992324151	-0.0101067017811273
753	2	753	0.879674467413206	0.897341836128712	0.862007098697699	0.00898494872564387	0.0280765992324151	-0.0101067017811273
754	1	754	0.879674467413206	0.897341836128712	0.862007098697699	0.0471682497391864	0.0662599002459576	0.0280765992324152
754	2	754	0.879674467413206	0.897341836128712	0.862007098697699	0.0471682497391864	0.0662599002459576	0.0280765992324152
755	1	755	0.879674467413206	0.897341836128712	0.862007098697699	0.0853515507527288	0.1044432012595	0.0662599002459577
755	2	755	0.879674467413206	0.897341836128712	0.862007098697699	0.0853515507527288	0.1044432012595	0.0662599002459577
756	1	756	0.879674467413206	0.897341836128712	0.862007098697699	0.123534851766271	0.142626502273043	0.1044432012595
756	2	756	0.879674467413206	0.897341836128712	0.862007098697699	0.123534851766271	0.142626502273043	0.1044432012595
757	1	757	0.879674467413206	0.897341836128712	0.862007098697699	0.161718152779814	0.180809803286585	0.142626502273043
757	2	757	0.879674467413206	0.897341836128712	0.862007098697699	0.161718152779814	0.180809803286585	0.142626502273043
758	1	758	0.879674467413206	0.897341836128712	0.862007098697699	0.199901453793356	0.218993104300128	0.180809803286585
758	2	758	0.879674467413206	0.897341836128712	0.862007098697699	0.199901453793356	0.218993104300128	0.180809803286585
759	1	759	0.879674467413206	0.897341836128712	0.862007098697699	0.238084754806899	0.25717640531367	0.218993104300128
759	2	759	0.879674467413206	0.897341836128712	0.862007098697699	0.238084754806899	0.25717640531367	0.218993104300128
760	1	760	0.879674467413206	0.897341836128712	0.862007098697699	0.276268055820441	0.295359706327213	0.25717640531367
760	2	760	0.879674467413206	0.897341836128712	0.862007098697699	0.276268055820441	0.295359706327213	0.25717640531367
761	1	761	0.879674467413206	0.897341836128712	0.862007098697699	0.314451356833984	0.333543007340755	0.295359706327213
761	2	761	0.879674467413206	0.897341836128712	0.862007098697699	0.314451356833984	0.333543007340755	0.295359706327213
762	1	762	0.879674467413206	0.897341836128712	0.862007098697699	0.352634657847526	0.371726308354297	0.333543007340755
762	2	762	0.879674467413206	0.897341836128712	0.862007098697699	0.352634657847526	0.371726308354297	0.333543007340755
763	1	763	0.879674467413206	0.897341836128712	0.862007098697699	0.390817958861069	0.40990960936784	0.371726308354298
763	2	763	0.879674467413206	0.897341836128712	0.862007098697699	0.390817958861069	0.40990960936784	0.371726308354298
764	1	764	0.879674467413206	0.897341836128712	0.862007098697699	0.429001259874611	0.448092910381383	0.40990960936784
764	2	764	0.879674467413206	0.897341836128712	0.862007098697699	0.429001259874611	0.448092910381383	0.40990960936784
765	1	765	0.879674467413206	0.897341836128712	0.862007098697699	0.467184560888154	0.486276211394925	0.448092910381383
765	2	765	0.879674467413206	0.897341836128712	0.862007098697699	0.467184560888154	0.486276211394925	0.448092910381383
766	1	766	0.879674467413206	0.897341836128712	0.862007098697699	0.505367861901696	0.524459512408467	0.486276211394925
766	2	766	0.879674467413206	0.897341836128712	0.862007098697699	0.505367861901696	0.524459512408467	0.486276211394925
767	1	767	0.879674467413206	0.897341836128712	0.862007098697699	0.543551162915239	0.56264281342201	0.524459512408468
767	2	767	0.879674467413206	0.897341836128712	0.862007098697699	0.543551162915239	0.56264281342201	0.524459512408468
768	1	768	0.879674467413206	0.897341836128712	0.862007098697699	0.581734463928781	0.600826114435552	0.56264281342201
768	2	768	0.879674467413206	0.897341836128712	0.862007098697699	0.581734463928781	0.600826114435552	0.56264281342201
769	1	769	0.879674467413206	0.897341836128712	0.862007098697699	0.619917764942324	0.639009415449095	0.600826114435553
769	2	769	0.879674467413206	0.897341836128712	0.862007098697699	0.619917764942324	0.639009415449095	0.600826114435553
770	1	770	0.879674467413206	0.897341836128712	0.862007098697699	0.658101065955866	0.677192716462638	0.639009415449095
770	2	770	0.879674467413206	0.897341836128712	0.862007098697699	0.658101065955866	0.677192716462638	0.639009415449095
771	1	771	0.879674467413206	0.897341836128712	0.862007098697699	0.696284366969409	0.71537601747618	0.677192716462638
771	2	771	0.879674467413206	0.897341836128712	0.862007098697699	0.696284366969409	0.71537601747618	0.677192716462638
772	1	772	0.879674467413206	0.897341836128712	0.862007098697699	0.734467667982951	0.753559318489722	0.71537601747618
772	2	772	0.879674467413206	0.897341836128712	0.862007098697699	0.734467667982951	0.753559318489722	0.71537601747618
773	1	773	0.879674467413206	0.897341836128712	0.862007098697699	0.772650968996494	0.791742619503265	0.753559318489723
773	2	773	0.879674467413206	0.897341836128712	0.862007098697699	0.772650968996494	0.791742619503265	0.753559318489723
774	1	774	0.879674467413206	0.897341836128712	0.862007098697699	0.810834270010036	0.829925920516807	0.791742619503265
774	2	774	0.879674467413206	0.897341836128712	0.862007098697699	0.810834270010036	0.829925920516807	0.791742619503265
775	1	775	0.879674467413206	0.897341836128712	0.862007098697699	0.849017571023579	0.86810922153035	0.829925920516807
775	2	775	0.879674467413206	0.897341836128712	0.862007098697699	0.849017571023579	0.86810922153035	0.829925920516807
776	1	776	0.879674467413206	0.897341836128712	0.862007098697699	0.887200872037121	0.906292522543892	0.86810922153035
776	2	776	0.879674467413206	0.897341836128712	0.862007098697699	0.887200872037121	0.906292522543892	0.86810922153035
777	1	777	0.879674467413206	0.897341836128712	0.862007098697699	0.925384173050664	0.944475823557435	0.906292522543892
777	2	777	0.879674467413206	0.897341836128712	0.862007098697699	0.925384173050664	0.944475823557435	0.906292522543892
778	1	778	0.879674467413206	0.897341836128712	0.862007098697699	0.963567474064206	0.982659124570977	0.944475823557435
778	2	778	0.879674467413206	0.897341836128712	0.862007098697699	0.963567474064206	0.982659124570977	0.944475823557435
779	1	779	0.879674467413206	0.897341836128712	0.862007098697699	1.00175077507775	1.02084242558452	0.982659124570977
779	2	779	0.879674467413206	0.897341836128712	0.862007098697699	1.00175077507775	1.02084242558452	0.982659124570977
780	1	780	0.879674467413206	0.897341836128712	0.862007098697699	1.03993407609129	1.05902572659806	1.02084242558452
780	2	780	0.879674467413206	0.897341836128712	0.862007098697699	1.03993407609129	1.05902572659806	1.02084242558452
781	1	781	0.915009204844219	0.932676573559726	0.897341836128712	-0.0673816533014411	-0.0482900027946699	-0.0864733038082123
781	2	781	0.915009204844219	0.932676573559726	0.897341836128712	-0.0673816533014411	-0.0482900027946699	-0.0864733038082123
782	1	782	0.915009204844219	0.932676573559726	0.897341836128712	-0.0291983522878986	-0.0101067017811274	-0.0482900027946698
782	2	782	0.915009204844219	0.932676573559726	0.897341836128712	-0.0291983522878986	-0.0101067017811274	-0.0482900027946698
783	1	783	0.915009204844219	0.932676573559726	0.897341836128712	0.00898494872564387	0.0280765992324151	-0.0101067017811273
783	2	783	0.915009204844219	0.932676573559726	0.897341836128712	0.00898494872564387	0.0280765992324151	-0.0101067017811273
784	1	784	0.915009204844219	0.932676573559726	0.897341836128712	0.0471682497391864	0.0662599002459576	0.0280765992324152
784	2	784	0.915009204844219	0.932676573559726	0.897341836128712	0.0471682497391864	0.0662599002459576	0.0280765992324152
785	1	785	0.915009204844219	0.932676573559726	0.897341836128712	0.0853515507527288	0.1044432012595	0.0662599002459577
785	2	785	0.915009204844219	0.932676573559726	0.897341836128712	0.0853515507527288	0.1044432012595	0.0662599002459577
786	1	786	0.915009204844219	0.932676573559726	0.897341836128712	0.123534851766271	0.142626502273043	0.1044432012595
786	2	786	0.915009204844219	0.932676573559726	0.897341836128712	0.123534851766271	0.142626502273043	0.1044432012595
787	1	787	0.915009204844219	0.932676573559726	0.897341836128712	0.161718152779814	0.180809803286585	0.142626502273043
787	2	787	0.915009204844219	0.932676573559726	0.897341836128712	0.161718152779814	0.180809803286585	0.142626502273043
788	1	788	0.915009204844219	0.932676573559726	0.897341836128712	0.199901453793356	0.218993104300128	0.180809803286585
788	2	788	0.915009204844219	0.932676573559726	0.897341836128712	0.199901453793356	0.218993104300128	0.180809803286585
789	1	789	0.915009204844219	0.932676573559726	0.897341836128712	0.238084754806899	0.25717640531367	0.218993104300128
789	2	789	0.915009204844219	0.932676573559726	0.897341836128712	0.238084754806899	0.25717640531367	0.218993104300128
790	1	790	0.915009204844219	0.932676573559726	0.897341836128712	0.276268055820441	0.295359706327213	0.25717640531367
790	2	790	0.915009204844219	0.932676573559726	0.897341836128712	0.276268055820441	0.295359706327213	0.25717640531367
791	1	791	0.915009204844219	0.932676573559726	0.897341836128712	0.314451356833984	0.333543007340755	0.295359706327213
791	2	791	0.915009204844219	0.932676573559726	0.897341836128712	0.314451356833984	0.333543007340755	0.295359706327213
792	1	792	0.915009204844219	0.932676573559726	0.897341836128712	0.352634657847526	0.371726308354297	0.333543007340755
792	2	792	0.915009204844219	0.932676573559726	0.897341836128712	0.352634657847526	0.371726308354297	0.333543007340755
793	1	793	0.915009204844219	0.932676573559726	0.897341836128712	0.390817958861069	0.40990960936784	0.371726308354298
793	2	793	0.915009204844219	0.932676573559726	0.897341836128712	0.390817958861069	0.40990960936784	0.371726308354298
794	1	794	0.915009204844219	0.932676573559726	0.897341836128712	0.429001259874611	0.448092910381383	0.40990960936784
794	2	794	0.915009204844219	0.932676573559726	0.897341836128712	0.429001259874611	0.448092910381383	0.40990960936784
795	1	795	0.915009204844219	0.932676573559726	0.897341836128712	0.467184560888154	0.486276211394925	0.448092910381383
795	2	795	0.915009204844219	0.932676573559726	0.897341836128712	0.467184560888154	0.486276211394925	0.448092910381383
796	1	796	0.915009204844219	0.932676573559726	0.897341836128712	0.505367861901696	0.524459512408467	0.486276211394925
796	2	796	0.915009204844219	0.932676573559726	0.897341836128712	0.505367861901696	0.524459512408467	0.486276211394925
797	1	797	0.915009204844219	0.932676573559726	0.897341836128712	0.543551162915239	0.56264281342201	0.524459512408468
797	2	797	0.915009204844219	0.932676573559726	0.897341836128712	0.543551162915239	0.56264281342201	0.524459512408468
798	1	798	0.915009204844219	0.932676573559726	0.897341836128712	0.581734463928781	0.600826114435552	0.56264281342201
798	2	798	0.915009204844219	0.932676573559726	0.897341836128712	0.581734463928781	0.600826114435552	0.56264281342201
799	1	799	0.915009204844219	0.932676573559726	0.897341836128712	0.619917764942324	0.639009415449095	0.600826114435553
799	2	799	0.915009204844219	0.932676573559726	0.897341836128712	0.619917764942324	0.639009415449095	0.600826114435553
800	1	800	0.915009204844219	0.932676573559726	0.897341836128712	0.658101065955866	0.677192716462638	0.639009415449095
800	2	800	0.915009204844219	0.932676573559726	0.897341836128712	0.658101065955866	0.677192716462638	0.639009415449095
801	1	801	0.915009204844219	0.932676573559726	0.897341836128712	0.696284366969409	0.71537601747618	0.677192716462638
801	2	801	0.915009204844219	0.932676573559726	0.897341836128712	0.696284366969409	0.71537601747618	0.677192716462638
802	1	802	0.915009204844219	0.932676573559726	0.897341836128712	0.734467667982951	0.753559318489722	0.71537601747618
802	2	802	0.915009204844219	0.932676573559726	0.897341836128712	0.734467667982951	0.753559318489722	0.71537601747618
803	1	803	0.915009204844219	0.932676573559726	0.897341836128712	0.772650968996494	0.791742619503265	0.753559318489723
803	2	803	0.915009204844219	0.932676573559726	0.897341836128712	0.772650968996494	0.791742619503265	0.753559318489723
804	1	804	0.915009204844219	0.932676573559726	0.897341836128712	0.810834270010036	0.829925920516807	0.791742619503265
804	2	804	0.915009204844219	0.932676573559726	0.897341836128712	0.810834270010036	0.829925920516807	0.791742619503265
805	1	805	0.915009204844219	0.932676573559726	0.897341836128712	0.849017571023579	0.86810922153035	0.829925920516807
805	2	805	0.915009204844219	0.932676573559726	0.897341836128712	0.849017571023579	0.86810922153035	0.829925920516807
806	1	806	0.915009204844219	0.932676573559726	0.897341836128712	0.887200872037121	0.906292522543892	0.86810922153035
806	2	806	0.915009204844219	0.932676573559726	0.897341836128712	0.887200872037121	0.906292522543892	0.86810922153035
807	1	807	0.915009204844219	0.932676573559726	0.897341836128712	0.925384173050664	0.944475823557435	0.906292522543892
807	2	807	0.915009204844219	0.932676573559726	0.897341836128712	0.925384173050664	0.944475823557435	0.906292522543892
808	1	808	0.915009204844219	0.932676573559726	0.897341836128712	0.963567474064206	0.982659124570977	0.944475823557435
808	2	808	0.915009204844219	0.932676573559726	0.897341836128712	0.963567474064206	0.982659124570977	0.944475823557435
809	1	809	0.915009204844219	0.932676573559726	0.897341836128712	1.00175077507775	1.02084242558452	0.982659124570977
809	2	809	0.915009204844219	0.932676573559726	0.897341836128712	1.00175077507775	1.02084242558452	0.982659124570977
810	1	810	0.915009204844219	0.932676573559726	0.897341836128712	1.03993407609129	1.05902572659806	1.02084242558452
810	2	810	0.915009204844219	0.932676573559726	0.897341836128712	1.03993407609129	1.05902572659806	1.02084242558452
811	1	811	0.950343942275232	0.968011310990739	0.932676573559726	-0.0673816533014411	-0.0482900027946699	-0.0864733038082123
811	2	811	0.950343942275232	0.968011310990739	0.932676573559726	-0.0673816533014411	-0.0482900027946699	-0.0864733038082123
812	1	812	0.950343942275232	0.968011310990739	0.932676573559726	-0.0291983522878986	-0.0101067017811274	-0.0482900027946698
812	2	812	0.950343942275232	0.968011310990739	0.932676573559726	-0.0291983522878986	-0.0101067017811274	-0.0482900027946698
813	1	813	0.950343942275232	0.968011310990739	0.932676573559726	0.00898494872564387	0.0280765992324151	-0.0101067017811273
813	2	813	0.950343942275232	0.968011310990739	0.932676573559726	0.00898494872564387	0.0280765992324151	-0.0101067017811273
814	1	814	0.950343942275232	0.968011310990739	0.932676573559726	0.0471682497391864	0.0662599002459576	0.0280765992324152
814	2	814	0.950343942275232	0.968011310990739	0.932676573559726	0.0471682497391864	0.0662599002459576	0.0280765992324152
815	1	815	0.950343942275232	0.968011310990739	0.932676573559726	0.0853515507527288	0.1044432012595	0.0662599002459577
815	2	815	0.950343942275232	0.968011310990739	0.932676573559726	0.0853515507527288	0.1044432012595	0.0662599002459577
816	1	816	0.950343942275232	0.968011310990739	0.932676573559726	0.123534851766271	0.142626502273043	0.1044432012595
816	2	816	0.950343942275232	0.968011310990739	0.932676573559726	0.123534851766271	0.142626502273043	0.1044432012595
817	1	817	0.950343942275232	0.968011310990739	0.932676573559726	0.161718152779814	0.180809803286585	0.142626502273043
817	2	817	0.950343942275232	0.968011310990739	0.932676573559726	0.161718152779814	0.180809803286585	0.142626502273043
818	1	818	0.950343942275232	0.968011310990739	0.932676573559726	0.199901453793356	0.218993104300128	0.180809803286585
818	2	818	0.950343942275232	0.968011310990739	0.932676573559726	0.199901453793356	0.218993104300128	0.180809803286585
819	1	819	0.950343942275232	0.968011310990739	0.932676573559726	0.238084754806899	0.25717640531367	0.218993104300128
819	2	819	0.950343942275232	0.968011310990739	0.932676573559726	0.238084754806899	0.25717640531367	0.218993104300128
820	1	820	0.950343942275232	0.968011310990739	0.932676573559726	0.276268055820441	0.295359706327213	0.25717640531367
820	2	820	0.950343942275232	0.968011310990739	0.932676573559726	0.276268055820441	0.295359706327213	0.25717640531367
821	1	821	0.950343942275232	0.968011310990739	0.932676573559726	0.314451356833984	0.333543007340755	0.295359706327213
821	2	821	0.950343942275232	0.968011310990739	0.932676573559726	0.314451356833984	0.333543007340755	0.295359706327213
822	1	822	0.950343942275232	0.968011310990739	0.932676573559726	0.352634657847526	0.371726308354297	0.333543007340755
822	2	822	0.950343942275232	0.968011310990739	0.932676573559726	0.352634657847526	0.371726308354297	0.333543007340755
823	1	823	0.950343942275232	0.968011310990739	0.932676573559726	0.390817958861069	0.40990960936784	0.371726308354298
823	2	823	0.950343942275232	0.968011310990739	0.932676573559726	0.390817958861069	0.40990960936784	0.371726308354298
824	1	824	0.950343942275232	0.968011310990739	0.932676573559726	0.429001259874611	0.448092910381383	0.40990960936784
824	2	824	0.950343942275232	0.968011310990739	0.932676573559726	0.429001259874611	0.448092910381383	0.40990960936784
825	1	825	0.950343942275232	0.968011310990739	0.932676573559726	0.467184560888154	0.486276211394925	0.448092910381383
825	2	825	0.950343942275232	0.968011310990739	0.932676573559726	0.467184560888154	0.486276211394925	0.448092910381383
826	1	826	0.950343942275232	0.968011310990739	0.932676573559726	0.505367861901696	0.524459512408467	0.486276211394925
826	2	826	0.950343942275232	0.968011310990739	0.932676573559726	0.505367861901696	0.524459512408467	0.486276211394925
827	1	827	0.950343942275232	0.968011310990739	0.932676573559726	0.543551162915239	0.56264281342201	0.524459512408468
827	2	827	0.950343942275232	0.968011310990739	0.932676573559726	0.543551162915239	0.56264281342201	0.524459512408468
828	1	828	0.950343942275232	0.968011310990739	0.932676573559726	0.581734463928781	0.600826114435552	0.56264281342201
828	2	828	0.950343942275232	0.968011310990739	0.932676573559726	0.581734463928781	0.600826114435552	0.56264281342201
829	1	829	0.950343942275232	0.968011310990739	0.932676573559726	0.619917764942324	0.639009415449095	0.600826114435553
829	2	829	0.950343942275232	0.968011310990739	0.932676573559726	0.619917764942324	0.639009415449095	0.600826114435553
830	1	830	0.950343942275232	0.968011310990739	0.932676573559726	0.658101065955866	0.677192716462638	0.639009415449095
830	2	830	0.950343942275232	0.968011310990739	0.932676573559726	0.658101065955866	0.677192716462638	0.639009415449095
831	1	831	0.950343942275232	0.968011310990739	0.932676573559726	0.696284366969409	0.71537601747618	0.677192716462638
831	2	831	0.950343942275232	0.968011310990739	0.932676573559726	0.696284366969409	0.71537601747618	0.677192716462638
832	1	832	0.950343942275232	0.968011310990739	0.932676573559726	0.734467667982951	0.753559318489722	0.71537601747618
832	2	832	0.950343942275232	0.968011310990739	0.932676573559726	0.734467667982951	0.753559318489722	0.71537601747618
833	1	833	0.950343942275232	0.968011310990739	0.932676573559726	0.772650968996494	0.791742619503265	0.753559318489723
833	2	833	0.950343942275232	0.968011310990739	0.932676573559726	0.772650968996494	0.791742619503265	0.753559318489723
834	1	834	0.950343942275232	0.968011310990739	0.932676573559726	0.810834270010036	0.829925920516807	0.791742619503265
834	2	834	0.950343942275232	0.968011310990739	0.932676573559726	0.810834270010036	0.829925920516807	0.791742619503265
835	1	835	0.950343942275232	0.968011310990739	0.932676573559726	0.849017571023579	0.86810922153035	0.829925920516807
835	2	835	0.950343942275232	0.968011310990739	0.932676573559726	0.849017571023579	0.86810922153035	0.829925920516807
836	1	836	0.950343942275232	0.968011310990739	0.932676573559726	0.887200872037121	0.906292522543892	0.86810922153035
836	2	836	0.950343942275232	0.968011310990739	0.932676573559726	0.887200872037121	0.906292522543892	0.86810922153035
837	1	837	0.950343942275232	0.968011310990739	0.932676573559726	0.925384173050664	0.944475823557435	0.906292522543892
837	2	837	0.950343942275232	0.968011310990739	0.932676573559726	0.925384173050664	0.944475823557435	0.906292522543892
838	1	838	0.950343942275232	0.968011310990739	0.932676573559726	0.963567474064206	0.982659124570977	0.944475823557435
838	2	838	0.950343942275232	0.968011310990739	0.932676573559726	0.963567474064206	0.982659124570977	0.944475823557435
839	1	839	0.950343942275232	0.968011310990739	0.932676573559726	1.00175077507775	1.02084242558452	0.982659124570977
839	2	839	0.950343942275232	0.968011310990739	0.932676573559726	1.00175077507775	1.02084242558452	0.982659124570977
840	1	840	0.950343942275232	0.968011310990739	0.932676573559726	1.03993407609129	1.05902572659806	1.02084242558452
840	2	840	0.950343942275232	0.968011310990739	0.932676573559726	1.03993407609129	1.05902572659806	1.02084242558452
841	1	841	0.985678679706245	1.00334604842175	0.968011310990739	-0.0673816533014411	-0.0482900027946699	-0.0864733038082123
841	2	841	0.985678679706245	1.00334604842175	0.968011310990739	-0.0673816533014411	-0.0482900027946699	-0.0864733038082123
842	1	842	0.985678679706245	1.00334604842175	0.968011310990739	-0.0291983522878986	-0.0101067017811274	-0.0482900027946698
842	2	842	0.985678679706245	1.00334604842175	0.968011310990739	-0.0291983522878986	-0.0101067017811274	-0.0482900027946698
843	1	843	0.985678679706245	1.00334604842175	0.968011310990739	0.00898494872564387	0.0280765992324151	-0.0101067017811273
843	2	843	0.985678679706245	1.00334604842175	0.968011310990739	0.00898494872564387	0.0280765992324151	-0.0101067017811273
844	1	844	0.985678679706245	1.00334604842175	0.968011310990739	0.0471682497391864	0.0662599002459576	0.0280765992324152
844	2	844	0.985678679706245	1.00334604842175	0.968011310990739	0.0471682497391864	0.0662599002459576	0.0280765992324152
845	1	845	0.985678679706245	1.00334604842175	0.968011310990739	0.0853515507527288	0.1044432012595	0.0662599002459577
845	2	845	0.985678679706245	1.00334604842175	0.968011310990739	0.0853515507527288	0.1044432012595	0.0662599002459577
846	1	846	0.985678679706245	1.00334604842175	0.968011310990739	0.123534851766271	0.142626502273043	0.1044432012595
846	2	846	0.985678679706245	1.00334604842175	0.968011310990739	0.123534851766271	0.142626502273043	0.1044432012595
847	1	847	0.985678679706245	1.00334604842175	0.968011310990739	0.161718152779814	0.180809803286585	0.142626502273043
847	2	847	0.985678679706245	1.00334604842175	0.968011310990739	0.161718152779814	0.180809803286585	0.142626502273043
848	1	848	0.985678679706245	1.00334604842175	0.968011310990739	0.199901453793356	0.218993104300128	0.180809803286585
848	2	848	0.985678679706245	1.00334604842175	0.968011310990739	0.199901453793356	0.218993104300128	0.180809803286585
849	1	849	0.985678679706245	1.00334604842175	0.968011310990739	0.238084754806899	0.25717640531367	0.218993104300128
849	2	849	0.985678679706245	1.00334604842175	0.968011310990739	0.238084754806899	0.25717640531367	0.218993104300128
850	1	850	0.985678679706245	1.00334604842175	0.968011310990739	0.276268055820441	0.295359706327213	0.25717640531367
850	2	850	0.985678679706245	1.00334604842175	0.968011310990739	0.276268055820441	0.295359706327213	0.25717640531367
851	1	851	0.985678679706245	1.00334604842175	0.968011310990739	0.314451356833984	0.333543007340755	0.295359706327213
851	2	851	0.985678679706245	1.00334604842175	0.968011310990739	0.314451356833984	0.333543007340755	0.295359706327213
852	1	852	0.985678679706245	1.00334604842175	0.968011310990739	0.352634657847526	0.371726308354297	0.333543007340755
852	2	852	0.985678679706245	1.00334604842175	0.968011310990739	0.352634657847526	0.371726308354297	0.333543007340755
853	1	853	0.985678679706245	1.00334604842175	0.968011310990739	0.390817958861069	0.40990960936784	0.371726308354298
853	2	853	0.985678679706245	1.00334604842175	0.968011310990739	0.390817958861069	0.40990960936784	0.371726308354298
854	1	854	0.985678679706245	1.00334604842175	0.968011310990739	0.429001259874611	0.448092910381383	0.40990960936784
854	2	854	0.985678679706245	1.00334604842175	0.968011310990739	0.429001259874611	0.448092910381383	0.40990960936784
855	1	855	0.985678679706245	1.00334604842175	0.968011310990739	0.467184560888154	0.486276211394925	0.448092910381383
855	2	855	0.985678679706245	1.00334604842175	0.968011310990739	0.467184560888154	0.486276211394925	0.448092910381383
856	1	856	0.985678679706245	1.00334604842175	0.968011310990739	0.505367861901696	0.524459512408467	0.486276211394925
856	2	856	0.985678679706245	1.00334604842175	0.968011310990739	0.505367861901696	0.524459512408467	0.486276211394925
857	1	857	0.985678679706245	1.00334604842175	0.968011310990739	0.543551162915239	0.56264281342201	0.524459512408468
857	2	857	0.985678679706245	1.00334604842175	0.968011310990739	0.543551162915239	0.56264281342201	0.524459512408468
858	1	858	0.985678679706245	1.00334604842175	0.968011310990739	0.581734463928781	0.600826114435552	0.56264281342201
858	2	858	0.985678679706245	1.00334604842175	0.968011310990739	0.581734463928781	0.600826114435552	0.56264281342201
859	1	859	0.985678679706245	1.00334604842175	0.968011310990739	0.619917764942324	0.639009415449095	0.600826114435553
859	2	859	0.985678679706245	1.00334604842175	0.968011310990739	0.619917764942324	0.639009415449095	0.600826114435553
860	1	860	0.985678679706245	1.00334604842175	0.968011310990739	0.658101065955866	0.677192716462638	0.639009415449095
860	2	860	0.985678679706245	1.00334604842175	0.968011310990739	0.658101065955866	0.677192716462638	0.639009415449095
861	1	861	0.985678679706245	1.00334604842175	0.968011310990739	0.696284366969409	0.71537601747618	0.677192716462638
861	2	861	0.985678679706245	1.00334604842175	0.968011310990739	0.696284366969409	0.71537601747618	0.677192716462638
862	1	862	0.985678679706245	1.00334604842175	0.968011310990739	0.734467667982951	0.753559318489722	0.71537601747618
862	2	862	0.985678679706245	1.00334604842175	0.968011310990739	0.734467667982951	0.753559318489722	0.71537601747618
863	1	863	0.985678679706245	1.00334604842175	0.968011310990739	0.772650968996494	0.791742619503265	0.753559318489723
863	2	863	0.985678679706245	1.00334604842175	0.968011310990739	0.772650968996494	0.791742619503265	0.753559318489723
864	1	864	0.985678679706245	1.00334604842175	0.968011310990739	0.810834270010036	0.829925920516807	0.791742619503265
864	2	864	0.985678679706245	1.00334604842175	0.968011310990739	0.810834270010036	0.829925920516807	0.791742619503265
865	1	865	0.985678679706245	1.00334604842175	0.968011310990739	0.849017571023579	0.86810922153035	0.829925920516807
865	2	865	0.985678679706245	1.00334604842175	0.968011310990739	0.849017571023579	0.86810922153035	0.829925920516807
866	1	866	0.985678679706245	1.00334604842175	0.968011310990739	0.887200872037121	0.906292522543892	0.86810922153035
866	2	866	0.985678679706245	1.00334604842175	0.968011310990739	0.887200872037121	0.906292522543892	0.86810922153035
867	1	867	0.985678679706245	1.00334604842175	0.968011310990739	0.925384173050664	0.944475823557435	0.906292522543892
867	2	867	0.985678679706245	1.00334604842175	0.968011310990739	0.925384173050664	0.944475823557435	0.906292522543892
868	1	868	0.985678679706245	1.00334604842175	0.968011310990739	0.963567474064206	0.982659124570977	0.944475823557435
868	2	868	0.985678679706245	1.00334604842175	0.968011310990739	0.963567474064206	0.982659124570977	0.944475823557435
869	1	869	0.985678679706245	1.00334604842175	0.968011310990739	1.00175077507775	1.02084242558452	0.982659124570977
869	2	869	0.985678679706245	1.00334604842175	0.968011310990739	1.00175077507775	1.02084242558452	0.982659124570977
870	1	870	0.985678679706245	1.00334604842175	0.968011310990739	1.03993407609129	1.05902572659806	1.02084242558452
870	2	870	0.985678679706245	1.00334604842175	0.968011310990739	1.03993407609129	1.05902572659806	1.02084242558452
871	1	871	1.02101341713726	1.03868078585277	1.00334604842175	-0.0673816533014411	-0.0482900027946699	-0.0864733038082123
871	2	871	1.02101341713726	1.03868078585277	1.00334604842175	-0.0673816533014411	-0.0482900027946699	-0.0864733038082123
872	1	872	1.02101341713726	1.03868078585277	1.00334604842175	-0.0291983522878986	-0.0101067017811274	-0.0482900027946698
872	2	872	1.02101341713726	1.03868078585277	1.00334604842175	-0.0291983522878986	-0.0101067017811274	-0.0482900027946698
873	1	873	1.02101341713726	1.03868078585277	1.00334604842175	0.00898494872564387	0.0280765992324151	-0.0101067017811273
873	2	873	1.02101341713726	1.03868078585277	1.00334604842175	0.00898494872564387	0.0280765992324151	-0.0101067017811273
874	1	874	1.02101341713726	1.03868078585277	1.00334604842175	0.0471682497391864	0.0662599002459576	0.0280765992324152
874	2	874	1.02101341713726	1.03868078585277	1.00334604842175	0.0471682497391864	0.0662599002459576	0.0280765992324152
875	1	875	1.02101341713726	1.03868078585277	1.00334604842175	0.0853515507527288	0.1044432012595	0.0662599002459577
875	2	875	1.02101341713726	1.03868078585277	1.00334604842175	0.0853515507527288	0.1044432012595	0.0662599002459577
876	1	876	1.02101341713726	1.03868078585277	1.00334604842175	0.123534851766271	0.142626502273043	0.1044432012595
876	2	876	1.02101341713726	1.03868078585277	1.00334604842175	0.123534851766271	0.142626502273043	0.1044432012595
877	1	877	1.02101341713726	1.03868078585277	1.00334604842175	0.161718152779814	0.180809803286585	0.142626502273043
877	2	877	1.02101341713726	1.03868078585277	1.00334604842175	0.161718152779814	0.180809803286585	0.142626502273043
878	1	878	1.02101341713726	1.03868078585277	1.00334604842175	0.199901453793356	0.218993104300128	0.180809803286585
878	2	878	1.02101341713726	1.03868078585277	1.00334604842175	0.199901453793356	0.218993104300128	0.180809803286585
879	1	879	1.02101341713726	1.03868078585277	1.00334604842175	0.238084754806899	0.25717640531367	0.218993104300128
879	2	879	1.02101341713726	1.03868078585277	1.00334604842175	0.238084754806899	0.25717640531367	0.218993104300128
880	1	880	1.02101341713726	1.03868078585277	1.00334604842175	0.276268055820441	0.295359706327213	0.25717640531367
880	2	880	1.02101341713726	1.03868078585277	1.00334604842175	0.276268055820441	0.295359706327213	0.25717640531367
881	1	881	1.02101341713726	1.03868078585277	1.00334604842175	0.314451356833984	0.333543007340755	0.295359706327213
881	2	881	1.02101341713726	1.03868078585277	1.00334604842175	0.314451356833984	0.333543007340755	0.295359706327213
882	1	882	1.02101341713726	1.03868078585277	1.00334604842175	0.352634657847526	0.371726308354297	0.333543007340755
882	2	882	1.02101341713726	1.03868078585277	1.00334604842175	0.352634657847526	0.371726308354297	0.333543007340755
883	1	883	1.02101341713726	1.03868078585277	1.00334604842175	0.390817958861069	0.40990960936784	0.371726308354298
883	2	883	1.02101341713726	1.03868078585277	1.00334604842175	0.390817958861069	0.40990960936784	0.371726308354298
884	1	884	1.02101341713726	1.03868078585277	1.00334604842175	0.429001259874611	0.448092910381383	0.40990960936784
884	2	884	1.02101341713726	1.03868078585277	1.00334604842175	0.429001259874611	0.448092910381383	0.40990960936784
885	1	885	1.02101341713726	1.03868078585277	1.00334604842175	0.467184560888154	0.486276211394925	0.448092910381383
885	2	885	1.02101341713726	1.03868078585277	1.00334604842175	0.467184560888154	0.486276211394925	0.448092910381383
886	1	886	1.02101341713726	1.03868078585277	1.00334604842175	0.505367861901696	0.524459512408467	0.486276211394925
886	2	886	1.02101341713726	1.03868078585277	1.00334604842175	0.505367861901696	0.524459512408467	0.486276211394925
887	1	887	1.02101341713726	1.03868078585277	1.00334604842175	0.543551162915239	0.56264281342201	0.524459512408468
887	2	887	1.02101341713726	1.03868078585277	1.00334604842175	0.543551162915239	0.56264281342201	0.524459512408468
888	1	888	1.02101341713726	1.03868078585277	1.00334604842175	0.581734463928781	0.600826114435552	0.56264281342201
888	2	888	1.02101341713726	1.03868078585277	1.00334604842175	0.581734463928781	0.600826114435552	0.56264281342201
889	1	889	1.02101341713726	1.03868078585277	1.00334604842175	0.619917764942324	0.639009415449095	0.600826114435553
889	2	889	1.02101341713726	1.03868078585277	1.00334604842175	0.619917764942324	0.639009415449095	0.600826114435553
890	1	890	1.02101341713726	1.03868078585277	1.00334604842175	0.658101065955866	0.677192716462638	0.639009415449095
890	2	890	1.02101341713726	1.03868078585277	1.00334604842175	0.658101065955866	0.677192716462638	0.639009415449095
891	1	891	1.02101341713726	1.03868078585277	1.00334604842175	0.696284366969409	0.71537601747618	0.677192716462638
891	2	891	1.02101341713726	1.03868078585277	1.00334604842175	0.696284366969409	0.71537601747618	0.677192716462638
892	1	892	1.02101341713726	1.03868078585277	1.00334604842175	0.734467667982951	0.753559318489722	0.71537601747618
892	2	892	1.02101341713726	1.03868078585277	1.00334604842175	0.734467667982951	0.753559318489722	0.71537601747618
893	1	893	1.02101341713726	1.03868078585277	1.00334604842175	0.772650968996494	0.791742619503265	0.753559318489723
893	2	893	1.02101341713726	1.03868078585277	1.00334604842175	0.772650968996494	0.791742619503265	0.753559318489723
894	1	894	1.02101341713726	1.03868078585277	1.00334604842175	0.810834270010036	0.829925920516807	0.791742619503265
894	2	894	1.02101341713726	1.03868078585277	1.00334604842175	0.810834270010036	0.829925920516807	0.791742619503265
895	1	895	1.02101341713726	1.03868078585277	1.00334604842175	0.849017571023579	0.86810922153035	0.829925920516807
895	2	895	1.02101341713726	1.03868078585277	1.00334604842175	0.849017571023579	0.86810922153035	0.829925920516807
896	1	896	1.02101341713726	1.03868078585277	1.00334604842175	0.887200872037121	0.906292522543892	0.86810922153035
896	2	896	1.02101341713726	1.03868078585277	1.00334604842175	0.887200872037121	0.906292522543892	0.86810922153035
897	1	897	1.02101341713726	1.03868078585277	1.00334604842175	0.925384173050664	0.944475823557435	0.906292522543892
897	2	897	1.02101341713726	1.03868078585277	1.00334604842175	0.925384173050664	0.944475823557435	0.906292522543892
898	1	898	1.02101341713726	1.03868078585277	1.00334604842175	0.963567474064206	0.982659124570977	0.944475823557435
898	2	898	1.02101341713726	1.03868078585277	1.00334604842175	0.963567474064206	0.982659124570977	0.944475823557435
899	1	899	1.02101341713726	1.03868078585277	1.00334604842175	1.00175077507775	1.02084242558452	0.982659124570977
899	2	899	1.02101341713726	1.03868078585277	1.00334604842175	1.00175077507775	1.02084242558452	0.982659124570977
900	1	900	1.02101341713726	1.03868078585277	1.00334604842175	1.03993407609129	1.05902572659806	1.02084242558452
900	2	900	1.02101341713726	1.03868078585277	1.00334604842175	1.03993407609129	1.05902572659806	1.02084242558452
